min_abs_slope_pct,block_body_band,block_sunday,sl_loss_usdt,breakeven_usdt,lock_profit_activate_usdt,lock_profit_usdt,trail_activate_usdt,trail_start_usdt,trail_distance_usdt,blofin_n,blofin_wins,blofin_losses,blofin_win_rate,blofin_net_pnl,blofin_gross_win,blofin_gross_loss,blofin_profit_factor,blofin_avg_win,blofin_avg_loss,blofin_avg_trade,blofin_max_dd,blofin_max_dd_pct_of_capital,blofin_largest_loss_streak,blofin_largest_loss_run_usdt,blofin_is_net_pnl,blofin_is_pf,blofin_oos_net_pnl,blofin_oos_pf,blofin_oos_n,lighter_n,lighter_wins,lighter_losses,lighter_win_rate,lighter_net_pnl,lighter_gross_win,lighter_gross_loss,lighter_profit_factor,lighter_avg_win,lighter_avg_loss,lighter_avg_trade,lighter_max_dd,lighter_max_dd_pct_of_capital,lighter_largest_loss_streak,lighter_largest_loss_run_usdt,lighter_is_net_pnl,lighter_is_pf,lighter_oos_net_pnl,lighter_oos_pf,lighter_oos_n,score_lighter,score_blofin
0.12,"(0.3, 0.6)",True,80,15,25,20,40,45,15.0,520,362,158,0.6962,4489.32,9257.31,4767.99,1.942,25.57,-30.18,8.633,-286.3,-14.32,5,-214.1,4012.36,2.305,476.96,1.282,156,520,383,137,0.7365,9170.31,12631.71,3461.4,3.649,32.98,-25.27,17.635,-193.98,-9.7,4,-178.0,7289.36,4.247,1880.95,2.546,156,93.46,82.73
0.12,"(0.3, 0.6)",True,80,15,25,20,40,45,22.5,519,362,157,0.6975,3506.04,8184.26,4678.23,1.749,22.61,-29.8,6.755,-305.11,-15.26,5,-214.1,3209.26,2.043,296.77,1.185,156,519,383,136,0.738,8177.86,11558.54,3380.68,3.419,30.18,-24.86,15.757,-201.57,-10.08,4,-178.0,6477.16,3.88,1700.7,2.503,156,93.62,72.28
0.12,"(0.3, 0.6)",True,80,15,25,20,55,60,15.0,519,361,158,0.6956,4163.86,8841.8,4677.95,1.89,24.49,-29.61,8.023,-302.65,-15.13,5,-214.1,3640.95,2.183,522.91,1.327,156,519,383,136,0.738,8835.69,12212.58,3376.9,3.617,31.89,-24.83,17.024,-193.98,-9.7,4,-178.0,6908.87,4.077,1926.82,2.702,156,94.32,81.26
0.12,"(0.3, 0.6)",True,80,15,25,20,55,60,22.5,520,362,158,0.6962,3410.2,8091.93,4681.73,1.728,22.35,-29.63,6.558,-310.24,-15.51,5,-214.1,3099.09,2.006,311.12,1.194,156,520,384,136,0.7385,8090.95,11471.63,3380.68,3.393,29.87,-24.86,15.56,-201.57,-10.08,4,-178.0,6375.92,3.835,1715.04,2.515,156,93.88,71.78
0.12,"(0.3, 0.6)",True,80,15,35,20,50,55,15.0,520,291,229,0.5596,3117.31,8843.75,5726.44,1.544,30.39,-25.01,5.995,-335.91,-16.8,9,-214.1,2926.49,1.772,190.82,1.098,156,520,304,216,0.5846,7798.21,11535.1,3736.9,3.087,37.94,-17.3,14.997,-193.98,-9.7,9,-178.0,6203.35,3.493,1594.85,2.277,156,93.39,64.47
0.12,"(0.3, 0.6)",True,80,15,35,20,50,55,22.5,520,291,229,0.5596,2351.73,8081.96,5730.22,1.41,27.77,-25.02,4.523,-411.66,-20.58,9,-214.1,2349.33,1.619,2.41,1.001,156,520,304,216,0.5846,7032.56,10773.24,3740.68,2.88,35.44,-17.32,13.524,-201.57,-10.08,9,-178.0,5626.15,3.258,1406.41,2.126,156,93.05,53.28
0.12,"(0.3, 0.6)",True,80,15,35,20,65,70,15.0,519,285,234,0.5491,2774.52,8507.42,5732.91,1.484,29.85,-24.5,5.346,-309.64,-15.48,8,-214.1,2576.08,1.679,198.43,1.102,156,519,304,215,0.5857,7446.24,11177.6,3731.36,2.996,36.77,-17.36,14.347,-193.98,-9.7,8,-178.0,5843.76,3.354,1602.48,2.283,156,94.09,62.2
0.12,"(0.3, 0.6)",True,80,15,35,20,65,70,22.5,520,285,235,0.5481,2188.38,7928.53,5740.15,1.381,27.82,-24.43,4.208,-349.83,-17.49,8,-214.1,2113.27,1.556,75.11,1.039,156,520,305,215,0.5865,6869.02,10604.13,3735.11,2.839,34.77,-17.37,13.21,-201.57,-10.08,8,-178.0,5389.88,3.168,1479.14,2.184,156,94.06,54.25
0.12,"(0.3, 0.6)",True,80,15,45,20,60,65,15.0,522,251,271,0.4808,3055.82,9389.29,6333.47,1.482,37.41,-23.37,5.854,-321.17,-16.06,9,-227.6,2636.98,1.62,418.84,1.201,157,522,260,262,0.4981,7755.02,11698.91,3943.9,2.966,45.0,-15.05,14.856,-193.98,-9.7,9,-182.5,5923.04,3.239,1831.98,2.411,157,95.5,68.01
0.12,"(0.3, 0.6)",True,80,15,45,20,60,65,22.5,523,251,272,0.4799,2358.58,8699.34,6340.75,1.372,34.66,-23.31,4.51,-332.47,-16.62,9,-227.6,2207.17,1.518,151.41,1.073,157,523,261,262,0.499,7066.65,11014.33,3947.68,2.79,42.2,-15.07,13.512,-201.57,-10.08,9,-182.5,5502.07,3.077,1564.58,2.205,157,94.47,57.1
0.12,"(0.3, 0.6)",True,80,15,45,20,75,80,15.0,520,243,277,0.4673,2596.5,8957.44,6360.94,1.408,36.86,-22.96,4.993,-349.72,-17.49,8,-248.0,2347.51,1.549,248.99,1.12,156,520,259,261,0.4981,7277.57,11233.44,3955.86,2.84,43.37,-15.16,13.995,-193.98,-9.7,8,-182.5,5624.42,3.116,1653.15,2.273,156,94.88,61.19
0.12,"(0.3, 0.6)",True,80,15,45,20,75,80,22.5,520,243,277,0.4673,2036.3,8397.24,6360.94,1.32,34.56,-22.96,3.916,-394.85,-19.74,8,-248.0,1920.62,1.449,115.68,1.056,156,520,259,261,0.4981,6717.28,10673.14,3955.86,2.698,41.21,-15.16,12.918,-201.57,-10.08,8,-182.5,5197.46,2.956,1519.82,2.171,156,94.78,53.43
0.12,"(0.3, 0.6)",True,80,25,35,30,50,55,25.0,509,346,163,0.6798,2741.13,9760.36,7019.23,1.391,28.21,-43.06,5.385,-376.47,-18.82,8,-293.85,2372.46,1.485,368.67,1.173,153,509,346,163,0.6798,7323.3,12875.38,5552.08,2.319,37.21,-34.06,14.388,-258.0,-12.9,8,-258.0,5577.19,2.417,1746.11,2.08,153,95.54,64.12
0.12,"(0.3, 0.6)",True,80,25,35,30,50,55,37.5,507,344,163,0.6785,1844.94,8781.79,6936.84,1.266,25.53,-42.56,3.639,-465.47,-23.27,7,-293.85,1722.41,1.358,122.54,1.058,153,507,345,162,0.6805,6408.91,11882.8,5473.89,2.171,34.44,-33.79,12.641,-276.73,-13.84,7,-258.0,4908.95,2.273,1499.96,1.928,153,95.17,51.45
0.12,"(0.3, 0.6)",True,80,25,35,30,65,70,25.0,509,346,163,0.6798,2646.3,9664.45,7018.15,1.377,27.93,-43.06,5.199,-371.63,-18.58,8,-293.85,2286.14,1.468,360.16,1.169,153,509,346,163,0.6798,7228.43,12779.43,5551.0,2.302,36.93,-34.06,14.201,-258.0,-12.9,8,-258.0,5490.83,2.396,1737.6,2.075,153,95.67,63.44
0.12,"(0.3, 0.6)",True,80,25,35,30,65,70,37.5,509,346,163,0.6798,1983.82,9008.22,7024.4,1.282,26.04,-43.09,3.897,-430.47,-21.52,8,-293.85,1776.07,1.363,207.75,1.098,153,509,346,163,0.6798,6565.94,12123.19,5557.25,2.182,35.04,-34.09,12.9,-276.73,-13.84,8,-258.0,4980.69,2.264,1585.26,1.981,153,95.67,55.37
0.12,"(0.3, 0.6)",True,80,25,45,30,60,65,25.0,509,287,222,0.5639,1721.79,9537.54,7815.75,1.22,33.23,-35.21,3.383,-539.23,-26.96,8,-307.65,1531.13,1.279,190.65,1.082,153,509,287,222,0.5639,6304.2,12121.78,5817.58,2.084,42.24,-26.21,12.385,-279.1,-13.95,8,-262.5,4735.96,2.144,1568.24,1.934,153,96.14,52.26
0.12,"(0.3, 0.6)",True,80,25,45,30,60,65,37.5,509,287,222,0.5639,764.05,8586.11,7822.06,1.098,29.92,-35.23,1.501,-591.97,-29.6,8,-307.65,864.57,1.157,-100.52,0.957,153,509,287,222,0.5639,5346.34,11170.23,5823.89,1.918,38.92,-26.23,10.504,-299.38,-14.97,8,-262.5,4069.23,1.982,1277.11,1.76,153,93.73,33.03
0.12,"(0.3, 0.6)",True,80,25,45,30,75,80,25.0,509,287,222,0.5639,1378.71,9200.88,7822.17,1.176,32.06,-35.24,2.709,-570.68,-28.53,8,-307.65,1302.39,1.237,76.32,1.033,153,509,287,222,0.5639,5961.15,11785.15,5824.0,2.024,41.06,-26.23,11.711,-262.5,-13.13,8,-262.5,4507.19,2.088,1453.96,1.866,153,95.82,44.96
0.12,"(0.3, 0.6)",True,80,25,45,30,75,80,37.5,509,287,222,0.5639,752.15,8574.32,7822.17,1.096,29.88,-35.24,1.478,-605.49,-30.27,8,-307.65,851.09,1.155,-98.94,0.957,153,509,287,222,0.5639,5334.5,11158.5,5824.0,1.916,38.88,-26.23,10.48,-299.38,-14.97,8,-262.5,4055.79,1.979,1278.71,1.761,153,93.74,32.63
0.12,"(0.3, 0.6)",True,80,25,55,30,70,75,25.0,503,239,264,0.4751,1198.62,9507.73,8309.11,1.144,39.78,-31.47,2.383,-681.08,-34.05,12,-320.95,1192.45,1.204,6.18,1.003,151,503,239,264,0.4751,5726.78,11659.78,5933.0,1.965,48.79,-22.47,11.385,-267.0,-13.35,12,-267.0,4361.15,2.037,1365.62,1.79,151,94.73,38.53
0.12,"(0.3, 0.6)",True,80,25,55,30,70,75,37.5,503,239,264,0.4751,157.38,8466.49,8309.11,1.019,35.42,-31.47,0.313,-805.2,-40.26,12,-320.95,503.57,1.086,-346.19,0.86,151,503,239,264,0.4751,4685.39,10618.39,5933.0,1.79,44.43,-22.47,9.315,-298.02,-14.9,12,-267.0,3672.16,1.873,1013.24,1.586,151,88.01,16.17
0.12,"(0.3, 0.6)",True,80,25,55,30,85,90,25.0,504,240,264,0.4762,829.92,9139.03,8309.11,1.1,38.08,-31.47,1.647,-675.55,-33.78,12,-320.95,923.84,1.158,-93.92,0.962,152,504,240,264,0.4762,5367.13,11300.13,5933.0,1.905,47.08,-22.47,10.649,-315.5,-15.78,12,-267.0,4092.54,1.973,1274.59,1.737,152,93.34,33.01
0.12,"(0.3, 0.6)",True,80,25,55,30,85,90,37.5,504,240,264,0.4762,125.3,8434.41,8309.11,1.015,35.14,-31.47,0.249,-813.44,-40.67,12,-320.95,456.42,1.078,-331.12,0.866,152,504,240,264,0.4762,4662.4,10595.4,5933.0,1.786,44.15,-22.47,9.251,-315.5,-15.78,12,-267.0,3625.04,1.862,1037.36,1.6,152,88.19,15.93
0.12,"(0.3, 0.6)",True,80,35,45,40,60,65,35.0,485,328,157,0.6763,2235.06,11120.6,8885.54,1.252,33.9,-56.6,4.608,-643.07,-32.15,9,-441.4,1970.0,1.33,265.07,1.091,146,485,328,157,0.6763,6601.54,14073.89,7472.36,1.883,42.91,-47.59,13.611,-412.91,-20.65,9,-360.5,5021.9,2.006,1579.63,1.636,146,92.99,56.24
0.12,"(0.3, 0.6)",True,80,35,45,40,60,65,52.5,479,304,175,0.6347,1506.33,10239.23,8732.9,1.172,33.68,-49.9,3.145,-818.27,-40.91,11,-462.15,1601.27,1.276,-94.95,0.968,144,479,324,155,0.6764,5818.54,13130.72,7312.19,1.796,40.53,-47.18,12.147,-454.98,-22.75,9,-360.5,4616.85,1.957,1201.69,1.483,144,88.91,40.54
0.12,"(0.3, 0.6)",True,80,35,45,40,75,80,35.0,486,329,157,0.677,2479.96,11361.87,8881.91,1.279,34.53,-56.57,5.103,-602.22,-30.11,9,-441.4,2174.55,1.365,305.41,1.104,146,486,329,157,0.677,6855.43,14324.16,7468.73,1.918,43.54,-47.57,14.106,-406.51,-20.33,9,-360.5,5235.49,2.05,1619.94,1.652,146,93.52,58.76
0.12,"(0.3, 0.6)",True,80,35,45,40,75,80,52.5,485,328,157,0.6763,2054.98,10936.9,8881.91,1.231,33.34,-56.57,4.237,-681.84,-34.09,9,-441.4,1840.85,1.309,214.13,1.073,146,485,328,157,0.6763,6421.23,13889.96,7468.73,1.86,42.35,-47.57,13.24,-432.96,-21.65,9,-360.5,4892.59,1.981,1528.64,1.616,146,92.4,53.52
0.12,"(0.3, 0.6)",True,80,35,55,40,70,75,35.0,482,279,203,0.5788,1288.93,10791.82,9502.9,1.136,38.68,-46.81,2.674,-788.34,-39.42,10,-454.9,1392.5,1.22,-103.58,0.967,145,482,279,203,0.5788,5628.23,13303.96,7675.73,1.733,47.68,-37.81,11.677,-443.0,-22.15,10,-365.0,4426.34,1.875,1201.89,1.459,145,88.11,38.05
0.12,"(0.3, 0.6)",True,80,35,55,40,70,75,52.5,480,277,203,0.5771,849.84,10352.73,9502.9,1.089,37.37,-46.81,1.77,-1007.17,-50.36,10,-454.9,1060.94,1.167,-211.1,0.933,144,480,277,203,0.5771,5171.17,12846.9,7675.73,1.674,46.38,-37.81,10.773,-471.11,-23.56,10,-365.0,4085.68,1.808,1085.49,1.415,144,86.56,29.18
0.12,"(0.3, 0.6)",True,80,35,55,40,85,90,35.0,482,279,203,0.5788,1235.76,10738.66,9502.9,1.13,38.49,-46.81,2.564,-789.69,-39.48,10,-454.9,1336.12,1.211,-100.35,0.968,145,482,279,203,0.5788,5575.13,13250.86,7675.73,1.726,47.49,-37.81,11.567,-443.0,-22.15,10,-365.0,4369.97,1.864,1205.17,1.461,145,88.14,37.39
0.12,"(0.3, 0.6)",True,80,35,55,40,85,90,52.5,481,278,203,0.578,1023.1,10525.99,9502.9,1.108,37.86,-46.81,2.127,-913.39,-45.67,10,-454.9,1160.46,1.183,-137.37,0.957,145,481,278,203,0.578,5353.39,13029.12,7675.73,1.697,46.87,-37.81,11.13,-445.28,-22.26,10,-365.0,4185.24,1.827,1168.15,1.446,145,87.66,33.35
0.12,"(0.3, 0.6)",True,80,35,65,40,80,85,35.0,478,237,241,0.4958,755.47,10851.33,10095.86,1.075,45.79,-41.89,1.58,-885.52,-44.28,15,-682.4,916.75,1.134,-161.28,0.95,144,478,237,241,0.4958,5058.61,12985.34,7926.73,1.638,54.79,-32.89,10.583,-547.5,-27.38,15,-547.5,3923.43,1.735,1135.18,1.439,144,86.64,28.56
0.12,"(0.3, 0.6)",True,80,35,65,40,80,85,52.5,476,237,239,0.4979,178.13,10167.04,9988.91,1.018,42.9,-41.79,0.374,-1049.96,-52.5,15,-682.4,376.27,1.056,-198.14,0.938,143,476,237,239,0.4979,4463.18,12300.91,7837.73,1.569,51.9,-32.79,9.376,-565.46,-28.27,15,-547.5,3373.88,1.642,1089.3,1.422,143,83.7,16.25
0.12,"(0.3, 0.6)",True,80,35,65,40,95,100,35.0,478,237,241,0.4958,464.45,10560.31,10095.86,1.046,44.56,-41.89,0.972,-993.65,-49.68,15,-682.4,698.22,1.102,-233.77,0.928,144,478,237,241,0.4958,4767.59,12694.32,7926.73,1.601,53.56,-32.89,9.974,-547.5,-27.38,15,-547.5,3704.88,1.694,1062.71,1.411,144,84.57,18.24
0.12,"(0.3, 0.6)",True,80,35,65,40,95,100,52.5,477,237,240,0.4969,129.67,10212.03,10082.36,1.013,43.09,-42.01,0.272,-1066.58,-53.33,15,-682.4,302.02,1.044,-172.35,0.946,144,477,237,240,0.4969,4423.69,12345.92,7922.23,1.558,52.09,-33.01,9.274,-566.77,-28.34,15,-547.5,3299.56,1.618,1124.13,1.435,144,83.94,15.91
0.12,"(0.3, 0.6)",True,80,45,55,50,70,75,45.0,464,302,162,0.6509,2395.75,13260.44,10864.7,1.221,43.91,-67.07,5.163,-892.22,-44.61,6,-481.15,2239.58,1.319,156.16,1.041,140,464,302,162,0.6509,6573.5,15979.73,9406.23,1.699,52.91,-58.06,14.167,-738.11,-36.91,6,-427.0,5156.61,1.855,1416.9,1.42,140,87.23,52.02
0.12,"(0.3, 0.6)",True,80,45,55,50,70,75,67.5,462,283,179,0.6126,3296.03,14146.36,10850.34,1.304,49.99,-60.62,7.134,-913.5,-45.67,6,-481.15,3099.81,1.443,196.22,1.051,139,462,301,161,0.6515,7456.5,16778.23,9321.73,1.8,55.74,-57.9,16.14,-760.36,-38.02,6,-427.0,6008.5,2.011,1448.0,1.429,139,87.93,58.76
0.12,"(0.3, 0.6)",True,80,45,55,50,85,90,45.0,466,303,163,0.6502,2642.5,13600.75,10958.25,1.241,44.89,-67.23,5.671,-901.08,-45.05,6,-481.15,2415.35,1.34,227.15,1.059,140,466,303,163,0.6502,6838.22,16328.95,9490.73,1.721,53.89,-58.23,14.674,-726.5,-36.33,6,-427.0,5350.42,1.875,1487.8,1.441,140,87.86,55.35
0.12,"(0.3, 0.6)",True,80,45,55,50,85,90,67.5,466,303,163,0.6502,2765.75,13724.0,10958.25,1.252,45.29,-67.23,5.935,-927.04,-46.35,6,-481.15,2531.86,1.356,233.89,1.061,140,466,303,163,0.6502,6961.56,16452.3,9490.73,1.734,54.3,-58.23,14.939,-726.5,-36.33,6,-427.0,5467.06,1.894,1494.5,1.443,140,87.95,56.15
0.12,"(0.3, 0.6)",True,80,45,65,50,80,85,45.0,460,258,202,0.5609,1169.26,12573.98,11404.72,1.103,48.74,-56.46,2.542,-986.74,-49.34,6,-481.15,1342.26,1.179,-173.0,0.956,138,460,258,202,0.5609,5311.04,14897.28,9586.23,1.554,57.74,-47.46,11.546,-764.08,-38.2,6,-427.0,4241.27,1.68,1069.77,1.32,138,83.07,34.47
0.12,"(0.3, 0.6)",True,80,45,65,50,80,85,67.5,459,257,202,0.5599,1400.64,12885.41,11484.77,1.122,50.14,-56.86,3.052,-1040.74,-52.04,6,-481.15,1510.54,1.199,-109.9,0.972,138,459,257,202,0.5599,5533.4,15199.63,9666.23,1.572,59.14,-47.85,12.055,-783.85,-39.19,6,-427.0,4400.71,1.696,1132.69,1.339,138,83.67,37.01
0.12,"(0.3, 0.6)",True,80,45,65,50,95,100,45.0,463,259,204,0.5594,1145.22,12736.94,11591.72,1.099,49.18,-56.82,2.473,-941.41,-47.07,6,-481.15,1151.4,1.15,-6.18,0.998,139,463,259,204,0.5594,5314.0,15069.23,9755.23,1.545,58.18,-47.82,11.477,-752.89,-37.64,6,-427.0,4068.49,1.635,1245.51,1.372,139,85.11,34.49
0.12,"(0.3, 0.6)",True,80,45,65,50,95,100,67.5,461,258,203,0.5597,1176.23,12754.45,11578.22,1.102,49.44,-57.04,2.551,-955.58,-47.78,6,-481.15,1257.87,1.164,-81.65,0.979,139,461,258,203,0.5597,5326.85,15077.58,9750.73,1.546,58.44,-48.03,11.555,-763.92,-38.2,6,-427.0,4156.89,1.649,1169.96,1.35,139,84.13,34.8
0.12,"(0.3, 0.6)",True,80,45,75,50,90,95,45.0,454,226,228,0.4978,436.93,12217.64,11780.71,1.037,54.06,-51.67,0.962,-1023.13,-51.16,6,-481.15,736.13,1.095,-299.2,0.926,137,454,226,228,0.4978,4524.89,14253.12,9728.23,1.465,63.07,-42.67,9.967,-752.89,-37.64,6,-427.0,3590.36,1.566,934.53,1.276,137,79.03,17.92
0.12,"(0.3, 0.6)",True,80,45,75,50,90,95,67.5,455,227,228,0.4989,891.57,12672.28,11780.71,1.076,55.83,-51.67,1.959,-947.42,-47.37,6,-481.15,1214.7,1.157,-323.13,0.92,137,455,227,228,0.4989,4988.49,14716.72,9728.23,1.513,64.83,-42.67,10.964,-767.35,-38.37,6,-427.0,4077.97,1.643,910.52,1.269,137,80.83,30.35
0.12,"(0.3, 0.6)",True,80,45,75,50,105,110,45.0,454,226,228,0.4978,428.87,12209.59,11780.71,1.036,54.02,-51.67,0.945,-971.88,-48.59,6,-481.15,750.73,1.097,-321.86,0.92,137,454,226,228,0.4978,4516.83,14245.06,9728.23,1.464,63.03,-42.67,9.949,-752.89,-37.64,6,-427.0,3604.95,1.568,911.88,1.27,137,78.66,17.86
0.12,"(0.3, 0.6)",True,80,45,75,50,105,110,67.5,455,227,228,0.4989,829.28,12610.0,11780.71,1.07,55.55,-51.67,1.823,-937.52,-46.88,6,-481.15,1030.2,1.133,-200.92,0.95,137,455,227,228,0.4989,4926.08,14654.31,9728.23,1.506,64.56,-42.67,10.827,-763.92,-38.2,6,-427.0,3893.31,1.614,1032.77,1.305,137,82.18,29.24
0.12,"(0.3, 0.6)",True,100,15,25,20,40,45,15.0,516,363,153,0.7035,4482.88,9369.75,4886.87,1.917,25.81,-31.94,8.688,-362.55,-18.13,5,-254.12,4145.32,2.35,337.56,1.186,155,516,384,132,0.7442,9127.81,12753.18,3625.36,3.518,33.21,-27.46,17.69,-253.98,-12.7,4,-218.0,7395.2,4.253,1732.61,2.282,155,92.38,79.97
0.12,"(0.3, 0.6)",True,100,15,25,20,40,45,22.5,515,363,152,0.7049,3516.46,8289.77,4773.3,1.737,22.84,-31.4,6.828,-389.52,-19.48,5,-254.12,3317.68,2.081,198.78,1.117,155,515,384,131,0.7456,8152.21,11673.07,3520.86,3.315,30.4,-26.88,15.83,-261.57,-13.08,4,-218.0,6558.47,3.885,1593.74,2.278,155,92.71,69.98
0.12,"(0.3, 0.6)",True,100,15,25,20,55,60,15.0,515,362,153,0.7029,4164.51,8941.32,4776.81,1.872,24.7,-31.22,8.086,-362.69,-18.13,5,-254.12,3738.14,2.216,426.37,1.25,155,515,384,131,0.7456,8800.27,12321.14,3520.86,3.499,32.09,-26.88,17.088,-253.98,-12.7,4,-218.0,6978.96,4.07,1821.32,2.46,155,93.51,79.22
0.12,"(0.3, 0.6)",True,100,15,25,20,55,60,22.5,516,363,153,0.7035,3418.52,8195.33,4776.81,1.716,22.58,-31.22,6.625,-372.55,-18.63,5,-254.12,3221.45,2.048,197.07,1.116,155,516,385,131,0.7461,8063.2,11584.06,3520.86,3.29,30.09,-26.88,15.626,-261.57,-13.08,4,-218.0,6471.16,3.846,1592.04,2.276,155,92.84,69.17
0.12,"(0.3, 0.6)",True,100,15,35,20,50,55,15.0,516,291,225,0.564,3095.91,8934.7,5838.8,1.53,30.7,-25.95,6.0,-465.28,-23.26,9,-254.12,3013.07,1.794,82.84,1.041,155,516,304,212,0.5891,7740.71,11626.07,3885.36,2.992,38.24,-18.33,15.001,-253.98,-12.7,9,-218.0,6262.81,3.484,1477.9,2.083,155,92.4,61.36
0.12,"(0.3, 0.6)",True,100,15,35,20,50,55,22.5,516,291,225,0.564,2335.93,8174.73,5838.8,1.4,28.09,-25.95,4.527,-533.58,-26.68,9,-254.12,2441.51,1.643,-105.58,0.948,155,516,304,212,0.5891,6980.66,10866.02,3885.36,2.797,35.74,-18.33,13.528,-261.57,-13.08,9,-218.0,5691.2,3.258,1289.46,1.945,155,91.94,52.4
0.12,"(0.3, 0.6)",True,100,15,35,20,65,70,15.0,515,286,229,0.5553,2694.59,8537.4,5842.8,1.461,29.85,-25.51,5.232,-458.91,-22.95,8,-254.12,2624.66,1.691,69.93,1.034,155,515,304,211,0.5903,7330.24,11211.1,3880.86,2.889,36.88,-18.39,14.233,-253.98,-12.7,8,-218.0,5865.23,3.331,1465.0,2.074,155,92.98,57.72
0.12,"(0.3, 0.6)",True,100,15,35,20,65,70,22.5,516,286,230,0.5543,2115.97,7962.27,5846.3,1.362,27.84,-25.42,4.101,-515.8,-25.79,8,-254.12,2232.0,1.588,-116.03,0.943,155,516,305,211,0.5911,6760.52,10641.38,3880.86,2.742,34.89,-18.39,13.102,-261.57,-13.08,8,-218.0,5481.45,3.178,1279.07,1.937,155,92.23,50.38
0.12,"(0.3, 0.6)",True,100,15,45,20,60,65,15.0,518,251,267,0.4846,3077.18,9523.0,6445.83,1.477,37.94,-24.14,5.94,-457.92,-22.9,9,-254.12,2866.86,1.675,210.31,1.096,156,518,260,258,0.5019,7740.18,11832.54,4092.36,2.891,45.51,-15.86,14.942,-253.98,-12.7,9,-218.0,6125.66,3.291,1614.52,2.138,156,93.58,62.99
0.12,"(0.3, 0.6)",True,100,15,45,20,60,65,22.5,519,251,268,0.4836,2383.89,8833.21,6449.33,1.37,35.19,-24.06,4.593,-512.1,-25.61,9,-254.12,2343.38,1.55,40.51,1.019,156,519,261,258,0.5029,7055.76,11148.13,4092.36,2.724,42.71,-15.86,13.595,-261.57,-13.08,9,-218.0,5611.07,3.095,1444.69,2.022,156,93.28,53.3
0.12,"(0.3, 0.6)",True,100,15,45,20,75,80,15.0,516,243,273,0.4709,2561.33,9018.17,6456.84,1.397,37.11,-23.65,4.964,-466.97,-23.35,8,-288.0,2520.87,1.593,40.46,1.018,155,516,259,257,0.5019,7206.18,11294.04,4087.86,2.763,43.61,-15.91,13.965,-258.18,-12.91,8,-218.0,5770.49,3.162,1435.69,2.012,155,92.92,54.98
0.12,"(0.3, 0.6)",True,100,15,45,20,75,80,22.5,516,243,273,0.4709,2008.86,8465.7,6456.84,1.311,34.84,-23.65,3.893,-527.21,-26.36,8,-288.0,2094.32,1.492,-85.46,0.961,155,516,259,257,0.5019,6653.62,10741.48,4087.86,2.628,41.47,-15.91,12.895,-265.6,-13.28,8,-218.0,5343.87,3.002,1309.74,1.923,155,92.72,48.64
0.12,"(0.3, 0.6)",True,100,25,35,30,50,55,25.0,501,347,154,0.6926,2783.71,9762.78,6979.07,1.399,28.13,-45.32,5.556,-500.59,-25.03,8,-353.81,2429.5,1.502,354.21,1.165,151,501,347,154,0.6926,7293.73,12886.73,5593.0,2.304,37.14,-36.32,14.558,-365.42,-18.27,8,-318.0,5580.08,2.414,1713.65,2.04,151,95.16,63.58
0.12,"(0.3, 0.6)",True,100,25,35,30,50,55,37.5,499,345,154,0.6914,1866.91,8737.29,6870.38,1.272,25.33,-44.61,3.741,-605.44,-30.27,7,-353.81,1823.71,1.386,43.2,1.02,150,499,346,153,0.6934,6358.75,11847.25,5488.5,2.159,34.24,-35.87,12.743,-396.73,-19.84,7,-318.0,4965.1,2.293,1393.65,1.846,150,93.99,48.07
0.12,"(0.3, 0.6)",True,100,25,35,30,65,70,25.0,501,347,154,0.6926,2701.94,9681.0,6979.07,1.387,27.9,-45.32,5.393,-495.13,-24.76,8,-353.81,2354.78,1.487,347.16,1.162,151,501,347,154,0.6926,7211.93,12804.93,5593.0,2.289,36.9,-36.32,14.395,-365.42,-18.27,8,-318.0,5505.33,2.395,1706.6,2.036,151,95.27,62.98
0.12,"(0.3, 0.6)",True,100,25,35,30,65,70,37.5,501,347,154,0.6926,2033.22,9012.28,6979.07,1.291,25.97,-45.32,4.058,-570.43,-28.52,8,-353.81,1838.47,1.38,194.75,1.091,151,501,347,154,0.6926,6543.19,12136.19,5593.0,2.17,34.97,-36.32,13.06,-396.73,-19.84,8,-318.0,4988.94,2.264,1554.26,1.943,151,95.23,54.57
0.12,"(0.3, 0.6)",True,100,25,45,30,60,65,25.0,501,287,214,0.5729,1854.14,9643.23,7789.09,1.238,33.6,-36.4,3.701,-632.28,-31.61,8,-367.32,1618.73,1.297,235.41,1.101,151,501,287,214,0.5729,6364.29,12227.29,5863.0,2.086,42.6,-27.4,12.703,-399.1,-19.95,8,-322.5,4769.33,2.149,1594.96,1.932,151,96.08,54.08
0.12,"(0.3, 0.6)",True,100,25,45,30,60,65,37.5,501,287,214,0.5729,899.36,8688.44,7789.09,1.115,30.27,-36.4,1.795,-680.75,-34.04,8,-367.32,967.43,1.177,-68.08,0.971,151,501,287,214,0.5729,5409.39,11272.39,5863.0,1.923,39.28,-27.4,10.797,-419.38,-20.97,8,-322.5,4117.87,1.992,1291.52,1.755,151,93.6,34.23
0.12,"(0.3, 0.6)",True,100,25,45,30,75,80,25.0,501,287,214,0.5729,1508.47,9297.56,7789.09,1.194,32.4,-36.4,3.011,-659.7,-32.98,8,-367.32,1387.39,1.254,121.08,1.052,151,501,287,214,0.5729,6018.65,11881.65,5863.0,2.027,41.4,-27.4,12.013,-381.75,-19.09,8,-322.5,4537.96,2.093,1480.69,1.866,151,95.77,47.4
0.12,"(0.3, 0.6)",True,100,25,45,30,75,80,37.5,501,287,214,0.5729,882.55,8671.63,7789.09,1.113,30.21,-36.4,1.762,-681.49,-34.07,8,-367.32,949.05,1.174,-66.5,0.971,151,501,287,214,0.5729,5392.65,11255.65,5863.0,1.92,39.22,-27.4,10.764,-419.38,-20.97,8,-322.5,4099.52,1.987,1293.12,1.756,151,93.61,33.95
0.12,"(0.3, 0.6)",True,100,25,55,30,70,75,25.0,495,240,255,0.4848,1471.1,9613.67,8142.57,1.181,40.06,-31.93,2.972,-742.24,-37.11,12,-380.93,1320.19,1.229,150.9,1.063,149,495,240,255,0.4848,5927.03,11774.53,5847.5,2.014,49.06,-22.93,11.974,-368.06,-18.4,12,-327.0,4434.69,2.059,1492.35,1.899,149,96.16,47.77
0.12,"(0.3, 0.6)",True,100,25,55,30,70,75,37.5,495,240,255,0.4848,432.86,8575.44,8142.57,1.053,35.73,-31.93,0.874,-769.8,-38.49,12,-380.93,646.64,1.112,-213.78,0.91,149,495,240,255,0.4848,4888.68,10736.18,5847.5,1.836,44.73,-22.93,9.876,-418.02,-20.9,12,-327.0,3761.03,1.898,1127.65,1.679,149,90.69,20.44
0.12,"(0.3, 0.6)",True,100,25,55,30,85,90,25.0,496,241,255,0.4859,1108.77,9251.34,8142.57,1.136,38.39,-31.93,2.235,-747.09,-37.35,12,-380.93,1132.24,1.196,-23.47,0.99,149,496,241,255,0.4859,5573.77,11421.27,5847.5,1.953,47.39,-22.93,11.237,-395.5,-19.78,12,-327.0,4255.69,2.016,1318.09,1.794,149,94.12,36.53
0.12,"(0.3, 0.6)",True,100,25,55,30,85,90,37.5,496,241,255,0.4859,404.65,8547.22,8142.57,1.05,35.47,-31.93,0.816,-770.72,-38.54,12,-380.93,665.32,1.115,-260.67,0.89,149,496,241,255,0.4859,4869.56,10717.06,5847.5,1.833,44.47,-22.93,9.818,-430.48,-21.52,12,-327.0,3788.7,1.905,1080.86,1.651,149,89.92,18.98
0.12,"(0.3, 0.6)",True,100,35,45,40,60,65,35.0,476,330,146,0.6933,2056.02,11249.28,9193.26,1.224,34.09,-62.97,4.319,-796.03,-39.8,9,-521.37,1914.26,1.311,141.76,1.047,143,476,330,146,0.6933,6341.22,14220.45,7879.23,1.805,43.09,-53.97,13.322,-552.91,-27.65,9,-440.5,4911.91,1.936,1429.3,1.544,143,90.25,50.48
0.12,"(0.3, 0.6)",True,100,35,45,40,60,65,52.5,470,306,164,0.6511,1257.65,10352.32,9094.67,1.138,33.83,-55.46,2.676,-987.01,-49.35,11,-542.12,1441.83,1.238,-184.18,0.94,141,470,326,144,0.6936,5488.67,13258.9,7770.23,1.706,40.67,-53.96,11.678,-594.98,-29.75,9,-440.5,4403.25,1.856,1085.42,1.413,141,86.22,36.2
0.12,"(0.3, 0.6)",True,100,35,45,40,75,80,35.0,477,331,146,0.6939,2310.62,11503.88,9193.26,1.251,34.75,-62.97,4.844,-755.19,-37.76,9,-521.37,2057.77,1.335,252.85,1.083,144,477,331,146,0.6939,6604.81,14484.04,7879.23,1.838,43.76,-53.97,13.847,-546.51,-27.33,9,-440.5,5055.5,1.963,1549.31,1.589,144,91.57,55.6
0.12,"(0.3, 0.6)",True,100,35,45,40,75,80,52.5,476,330,146,0.6933,1887.4,11080.66,9193.26,1.205,33.58,-62.97,3.965,-834.8,-41.74,9,-521.37,1789.2,1.291,98.2,1.032,143,476,330,146,0.6933,6172.37,14051.6,7879.23,1.783,42.58,-53.97,12.967,-572.96,-28.65,9,-440.5,4786.68,1.912,1385.69,1.527,143,89.7,47.58
0.12,"(0.3, 0.6)",True,100,35,55,40,70,75,35.0,473,281,192,0.5941,1290.55,10904.79,9614.24,1.134,38.81,-50.07,2.728,-814.61,-40.73,10,-534.87,1292.8,1.198,-2.25,0.999,142,473,281,192,0.5941,5548.57,13434.8,7886.23,1.704,47.81,-41.07,11.731,-578.08,-28.9,10,-445.0,4272.37,1.805,1276.21,1.495,142,88.37,37.82
0.12,"(0.3, 0.6)",True,100,35,55,40,70,75,52.5,471,278,193,0.5902,859.39,10475.89,9616.5,1.089,37.68,-49.83,1.825,-942.58,-47.13,10,-534.87,959.24,1.147,-99.85,0.968,142,471,279,192,0.5924,5099.44,12985.67,7886.23,1.647,46.54,-41.07,10.827,-611.11,-30.56,10,-445.0,3920.77,1.739,1178.68,1.456,142,87.15,30.11
0.12,"(0.3, 0.6)",True,100,35,55,40,85,90,35.0,473,281,192,0.5941,1244.95,10859.2,9614.24,1.129,38.64,-50.07,2.632,-819.4,-40.97,10,-534.87,1244.79,1.191,0.17,1.0,142,473,281,192,0.5941,5503.05,13389.28,7886.23,1.698,47.65,-41.07,11.634,-582.83,-29.14,10,-445.0,4224.38,1.796,1278.67,1.496,142,88.39,37.23
0.12,"(0.3, 0.6)",True,100,35,55,40,85,90,52.5,472,280,192,0.5932,1041.48,10655.73,9614.24,1.108,38.06,-50.07,2.207,-891.89,-44.59,10,-534.87,1057.64,1.162,-16.15,0.995,142,472,280,192,0.5932,5290.5,13176.73,7886.23,1.671,47.06,-41.07,11.209,-580.12,-29.01,10,-445.0,4028.21,1.759,1262.29,1.489,142,88.23,33.8
0.12,"(0.3, 0.6)",True,100,35,65,40,80,85,35.0,469,239,230,0.5096,491.15,10918.47,10427.32,1.047,45.68,-45.34,1.047,-986.45,-49.32,16,-561.87,720.34,1.1,-229.19,0.93,141,469,239,230,0.5096,4713.17,13070.4,8357.23,1.564,54.69,-36.34,10.049,-577.83,-28.89,16,-454.0,3672.84,1.642,1040.33,1.395,141,83.34,18.4
0.12,"(0.3, 0.6)",True,100,35,65,40,80,85,52.5,467,239,228,0.5118,-47.24,10253.15,10300.39,0.995,42.9,-45.18,-0.101,-1149.86,-57.49,16,-561.87,170.62,1.024,-217.85,0.933,141,467,239,228,0.5118,4156.73,12404.96,8248.23,1.504,51.9,-36.18,8.901,-680.96,-34.05,16,-454.0,3105.1,1.553,1051.63,1.4,141,81.09,15.0
0.12,"(0.3, 0.6)",True,100,35,65,40,95,100,35.0,469,239,230,0.5096,186.4,10613.72,10427.32,1.018,44.41,-45.34,0.397,-1113.3,-55.67,16,-561.87,506.8,1.071,-320.4,0.902,141,469,239,230,0.5096,4408.46,12765.7,8357.23,1.528,53.41,-36.34,9.4,-592.7,-29.63,16,-454.0,3459.29,1.604,949.17,1.361,141,80.61,16.29
0.12,"(0.3, 0.6)",True,100,35,65,40,95,100,52.5,468,239,229,0.5107,-122.0,10291.82,10413.82,0.988,43.06,-45.48,-0.261,-1169.05,-58.45,16,-561.87,99.11,1.014,-221.11,0.932,141,468,239,229,0.5107,4090.93,12443.66,8352.73,1.49,52.07,-36.47,8.741,-682.27,-34.11,16,-454.0,3042.53,1.531,1048.4,1.399,141,80.67,15.0
0.12,"(0.3, 0.6)",True,100,45,55,50,70,75,45.0,450,303,147,0.6733,2076.18,13383.49,11307.3,1.184,44.17,-76.92,4.614,-1196.2,-59.81,5,-567.44,1917.14,1.254,159.04,1.042,135,450,303,147,0.6733,6127.9,16111.63,9983.73,1.614,53.17,-67.92,13.618,-836.31,-41.82,5,-522.5,4753.11,1.715,1374.8,1.412,135,85.87,48.41
0.12,"(0.3, 0.6)",True,100,45,55,50,70,75,67.5,449,281,168,0.6258,2747.29,14254.23,11506.93,1.239,50.73,-68.49,6.119,-1125.76,-56.29,5,-567.44,2444.27,1.316,303.02,1.08,135,449,301,148,0.6704,6790.83,16879.06,10088.23,1.673,56.08,-68.16,15.124,-855.86,-42.79,5,-522.5,5271.95,1.781,1518.88,1.455,135,87.11,56.77
0.12,"(0.3, 0.6)",True,100,45,55,50,85,90,45.0,452,304,148,0.6726,2342.81,13763.67,11420.87,1.205,45.28,-77.17,5.183,-1117.79,-55.89,5,-567.44,2070.96,1.271,271.84,1.072,136,452,304,148,0.6726,6412.5,16500.74,10088.23,1.636,54.28,-68.16,14.187,-822.0,-41.1,5,-522.5,4916.01,1.728,1496.49,1.448,136,87.0,53.78
0.12,"(0.3, 0.6)",True,100,45,55,50,85,90,67.5,452,304,148,0.6726,2469.71,13890.58,11420.87,1.216,45.69,-77.17,5.464,-1247.0,-62.35,5,-567.44,2179.66,1.285,290.05,1.077,136,452,304,148,0.6726,6539.52,16627.75,10088.23,1.648,54.7,-68.16,14.468,-887.17,-44.36,5,-522.5,5024.85,1.744,1514.68,1.454,136,87.04,54.45
0.12,"(0.3, 0.6)",True,100,45,65,50,80,85,45.0,446,258,188,0.5785,675.93,12636.81,11960.89,1.057,48.98,-63.62,1.516,-1228.27,-61.41,9,-621.57,856.7,1.107,-180.78,0.954,134,446,258,188,0.5785,4691.75,14959.98,10268.23,1.457,57.98,-54.62,10.52,-932.0,-46.6,9,-540.5,3665.75,1.533,1026.0,1.303,134,80.19,21.35
0.12,"(0.3, 0.6)",True,100,45,65,50,80,85,67.5,445,257,188,0.5775,977.27,13038.23,12060.95,1.081,50.73,-64.15,2.196,-1340.71,-67.04,9,-621.57,1168.15,1.143,-190.87,0.951,134,445,257,188,0.5775,4984.15,15352.38,10368.23,1.481,59.74,-55.15,11.2,-993.77,-49.69,9,-540.5,3968.23,1.568,1015.92,1.3,134,81.14,27.79
0.12,"(0.3, 0.6)",True,100,45,65,50,95,100,45.0,449,259,190,0.5768,620.68,12808.57,12187.89,1.051,49.45,-64.15,1.382,-1182.94,-59.15,9,-621.57,735.86,1.089,-115.18,0.971,135,449,259,190,0.5768,4663.52,15140.75,10477.23,1.445,58.46,-55.14,10.386,-922.0,-46.1,9,-540.5,3562.93,1.503,1100.59,1.324,135,80.97,20.06
0.12,"(0.3, 0.6)",True,100,45,65,50,95,100,67.5,447,258,189,0.5772,677.39,12851.78,12174.39,1.056,49.81,-64.41,1.515,-1255.54,-62.78,9,-621.57,945.65,1.116,-268.25,0.933,135,447,258,189,0.5772,4702.1,15174.83,10472.73,1.449,58.82,-55.41,10.519,-922.57,-46.13,9,-540.5,3754.54,1.538,947.56,1.271,135,78.96,20.97
0.12,"(0.3, 0.6)",True,100,45,75,50,90,95,45.0,439,225,214,0.5125,-71.94,12239.82,12311.76,0.994,54.4,-57.53,-0.164,-1269.62,-63.48,9,-621.57,272.75,1.033,-344.69,0.914,132,439,225,214,0.5125,3880.99,14266.22,10385.23,1.374,63.41,-48.53,8.841,-922.0,-46.1,9,-540.5,3036.88,1.436,844.11,1.247,132,74.01,15.0
0.12,"(0.3, 0.6)",True,100,45,75,50,90,95,67.5,440,226,214,0.5136,365.56,12677.32,12311.76,1.03,56.09,-57.53,0.831,-1066.17,-53.31,9,-621.57,824.32,1.101,-458.76,0.889,132,440,226,214,0.5136,4327.47,14712.7,10385.23,1.417,65.1,-48.53,9.835,-922.0,-46.1,9,-540.5,3597.44,1.524,730.04,1.207,132,74.09,17.43
0.12,"(0.3, 0.6)",True,100,45,75,50,105,110,45.0,439,225,214,0.5125,-80.93,12230.83,12311.76,0.993,54.36,-57.53,-0.184,-1218.36,-60.92,9,-621.57,286.41,1.035,-367.34,0.908,132,439,225,214,0.5125,3871.98,14257.21,10385.23,1.373,63.37,-48.53,8.82,-922.0,-46.1,9,-540.5,3050.53,1.438,821.45,1.24,132,73.58,15.0
0.12,"(0.3, 0.6)",True,100,45,75,50,105,110,67.5,440,226,214,0.5136,315.86,12627.63,12311.76,1.026,55.87,-57.53,0.718,-1113.59,-55.68,9,-621.57,639.82,1.078,-323.96,0.922,132,440,226,214,0.5136,4277.65,14662.88,10385.23,1.412,64.88,-48.53,9.722,-922.0,-46.1,9,-540.5,3412.78,1.497,864.86,1.245,132,75.95,17.1
0.12,"(0.3, 0.6)",True,120,15,25,20,40,45,15.0,511,364,147,0.7123,4544.76,9350.41,4805.65,1.946,25.69,-32.69,8.894,-412.38,-20.62,5,-280.65,4194.38,2.388,350.39,1.196,154,511,385,126,0.7534,9144.5,12742.86,3598.36,3.541,33.1,-28.56,17.895,-309.48,-15.47,3,-253.5,7408.2,4.262,1736.3,2.308,154,92.32,80.88
0.12,"(0.3, 0.6)",True,120,15,25,20,40,45,22.5,510,363,147,0.7118,3598.32,8272.65,4674.33,1.77,22.79,-31.8,7.056,-440.0,-22.0,5,-280.65,3383.44,2.119,214.88,1.13,153,510,385,125,0.7549,8188.86,11662.72,3473.86,3.357,30.29,-27.79,16.057,-317.07,-15.85,3,-253.5,6597.15,3.905,1591.7,2.323,153,92.57,71.15
0.12,"(0.3, 0.6)",True,120,15,25,20,55,60,15.0,510,362,148,0.7098,4245.74,8924.82,4679.08,1.907,24.65,-31.62,8.325,-409.23,-20.46,5,-280.65,3813.72,2.259,432.02,1.262,153,510,385,125,0.7549,8836.29,12310.15,3473.86,3.544,31.97,-27.79,17.326,-309.48,-15.47,3,-253.5,7027.46,4.094,1808.83,2.504,153,93.3,80.19
0.12,"(0.3, 0.6)",True,120,15,25,20,55,60,22.5,511,363,148,0.7104,3503.43,8182.52,4679.08,1.749,22.54,-31.62,6.856,-416.81,-20.84,5,-280.65,3265.51,2.078,237.93,1.144,154,511,386,125,0.7554,8102.9,11576.76,3473.86,3.333,29.99,-27.79,15.857,-317.07,-15.85,3,-253.5,6479.16,3.853,1623.74,2.35,154,92.97,70.83
0.12,"(0.3, 0.6)",True,120,15,35,20,50,55,15.0,511,291,220,0.5695,3164.62,8905.69,5741.07,1.551,30.6,-26.1,6.193,-468.81,-23.44,9,-280.65,3057.12,1.815,107.5,1.054,154,511,305,206,0.5969,7764.23,11602.59,3838.36,3.023,38.04,-18.63,15.194,-309.48,-15.47,9,-253.5,6270.81,3.49,1493.42,2.131,154,92.42,62.63
0.12,"(0.3, 0.6)",True,120,15,35,20,50,55,22.5,511,291,220,0.5695,2408.33,8149.4,5741.07,1.419,28.0,-26.1,4.713,-548.03,-27.4,9,-280.65,2485.56,1.663,-77.23,0.961,154,511,305,206,0.5969,7007.86,10846.22,3838.36,2.826,35.56,-18.63,13.714,-317.07,-15.85,9,-253.5,5699.2,3.263,1308.66,1.992,154,92.0,53.15
0.12,"(0.3, 0.6)",True,120,15,35,20,65,70,15.0,510,285,225,0.5588,2747.29,8495.87,5748.58,1.478,29.81,-25.55,5.387,-490.62,-24.53,8,-280.65,2735.24,1.729,12.05,1.006,153,510,305,205,0.598,7337.74,11171.6,3833.86,2.914,36.63,-18.7,14.388,-309.48,-15.47,8,-253.5,5948.71,3.366,1389.03,2.052,153,92.2,56.8
0.12,"(0.3, 0.6)",True,120,15,35,20,65,70,22.5,511,285,226,0.5577,2176.16,7928.24,5752.08,1.378,27.82,-25.45,4.259,-533.97,-26.7,8,-280.65,2276.05,1.606,-99.89,0.95,154,511,306,205,0.5988,6775.52,10609.38,3833.86,2.767,34.67,-18.7,13.259,-317.07,-15.85,8,-253.5,5489.45,3.184,1286.07,1.974,154,92.19,50.99
0.12,"(0.3, 0.6)",True,120,15,45,20,60,65,15.0,513,250,263,0.4873,3124.87,9486.48,6361.61,1.491,37.95,-24.19,6.091,-464.39,-23.22,9,-280.65,2887.42,1.683,237.46,1.111,154,513,260,253,0.5068,7742.68,11792.54,4049.86,2.912,45.36,-16.01,15.093,-309.48,-15.47,9,-253.5,6119.16,3.283,1623.52,2.186,154,93.58,64.02
0.12,"(0.3, 0.6)",True,120,15,45,20,60,65,22.5,514,250,264,0.4864,2439.09,8804.19,6365.1,1.383,35.22,-24.11,4.745,-511.07,-25.55,9,-280.65,2377.43,1.563,61.65,1.029,155,514,261,253,0.5078,7065.76,11115.63,4049.86,2.745,42.59,-16.01,13.747,-317.07,-15.85,9,-253.5,5609.07,3.093,1456.69,2.064,155,93.3,54.45
0.12,"(0.3, 0.6)",True,120,15,45,20,75,80,15.0,512,243,269,0.4746,2690.51,9063.13,6372.62,1.422,37.3,-23.69,5.255,-489.22,-24.46,8,-280.65,2541.42,1.6,149.09,1.07,154,512,260,252,0.5078,7299.18,11344.54,4045.36,2.804,43.63,-16.05,14.256,-318.18,-15.91,8,-253.5,5763.99,3.154,1535.19,2.121,154,93.59,58.77
0.12,"(0.3, 0.6)",True,120,15,45,20,75,80,22.5,512,243,269,0.4746,2140.67,8513.29,6372.62,1.336,35.03,-23.69,4.181,-496.64,-24.83,8,-280.65,2114.88,1.5,25.8,1.012,154,512,260,252,0.5078,6749.25,10794.61,4045.36,2.668,41.52,-16.05,13.182,-325.6,-16.28,8,-253.5,5337.37,2.995,1411.88,2.031,154,93.46,50.91
0.12,"(0.3, 0.6)",True,120,25,35,30,50,55,25.0,493,351,142,0.712,3237.95,9834.88,6596.93,1.491,28.02,-46.46,6.568,-436.43,-21.82,8,-347.86,2781.01,1.608,456.94,1.226,148,493,351,142,0.712,7675.8,12994.8,5319.0,2.443,37.02,-37.46,15.57,-319.21,-15.96,8,-276.0,5886.59,2.564,1789.21,2.151,148,95.12,69.07
0.12,"(0.3, 0.6)",True,120,25,35,30,50,55,37.5,491,349,142,0.7108,2379.92,8848.17,6468.26,1.368,25.35,-45.55,4.847,-480.13,-24.01,7,-266.85,2174.55,1.489,205.37,1.102,148,491,350,141,0.7128,6799.61,11994.11,5194.5,2.309,34.27,-36.84,13.848,-335.38,-16.77,7,-249.0,5262.0,2.445,1537.61,1.989,148,94.58,58.0
0.12,"(0.3, 0.6)",True,120,25,35,30,65,70,25.0,493,351,142,0.712,3162.81,9759.74,6596.93,1.479,27.81,-46.46,6.415,-436.43,-21.82,8,-347.86,2706.41,1.592,456.4,1.226,148,493,351,142,0.712,7600.62,12919.62,5319.0,2.429,36.81,-37.46,15.417,-319.21,-15.96,8,-276.0,5811.96,2.544,1788.66,2.151,148,95.27,68.63
0.12,"(0.3, 0.6)",True,120,25,35,30,65,70,37.5,493,351,142,0.712,2504.61,9101.53,6596.93,1.38,25.93,-46.46,5.08,-454.7,-22.74,8,-347.86,2198.79,1.481,305.82,1.151,148,493,351,142,0.712,6942.42,12261.42,5319.0,2.305,34.93,-37.46,14.082,-335.38,-16.77,8,-276.0,5304.26,2.409,1638.16,2.054,148,95.25,61.45
0.12,"(0.3, 0.6)",True,120,25,45,30,60,65,25.0,493,291,202,0.5903,2294.56,9701.51,7406.96,1.31,33.34,-36.67,4.654,-572.77,-28.64,8,-347.86,1947.27,1.374,347.29,1.158,148,493,291,202,0.5903,6732.52,12321.52,5589.0,2.205,42.34,-27.67,13.656,-343.31,-17.17,8,-276.0,5052.88,2.271,1679.63,2.042,148,96.12,60.27
0.12,"(0.3, 0.6)",True,120,25,45,30,60,65,37.5,493,291,202,0.5903,1397.2,8804.16,7406.96,1.189,30.25,-36.67,2.834,-641.17,-32.06,8,-347.86,1329.56,1.255,67.64,1.031,148,493,291,202,0.5903,5835.03,11424.03,5589.0,2.044,39.26,-27.67,11.836,-331.17,-16.56,8,-276.0,4435.01,2.115,1400.02,1.868,148,95.43,44.4
0.12,"(0.3, 0.6)",True,120,25,45,30,75,80,25.0,493,291,202,0.5903,1952.93,9359.88,7406.96,1.264,32.16,-36.67,3.961,-654.69,-32.73,8,-347.86,1715.65,1.329,237.27,1.108,148,493,291,202,0.5903,6390.93,11979.93,5589.0,2.143,41.17,-27.67,12.963,-322.25,-16.11,8,-276.0,4821.24,2.212,1569.69,1.973,148,95.87,54.79
0.12,"(0.3, 0.6)",True,120,25,45,30,75,80,37.5,493,291,202,0.5903,1349.12,8756.08,7406.96,1.182,30.09,-36.67,2.737,-683.81,-34.19,8,-347.86,1293.28,1.248,55.85,1.025,148,493,291,202,0.5903,5787.03,11376.03,5589.0,2.035,39.09,-27.67,11.738,-331.17,-16.56,8,-276.0,4398.76,2.106,1388.27,1.861,148,95.42,43.08
0.12,"(0.3, 0.6)",True,120,25,55,30,70,75,25.0,487,244,243,0.501,1945.66,9666.1,7720.44,1.252,39.62,-31.77,3.995,-596.66,-29.83,12,-361.5,1678.69,1.306,266.97,1.119,147,487,244,243,0.501,6329.39,11862.89,5533.5,2.144,48.62,-22.77,12.997,-362.57,-18.13,12,-280.5,4739.18,2.189,1590.21,2.028,147,96.18,55.85
0.12,"(0.3, 0.6)",True,120,25,55,30,70,75,37.5,487,244,243,0.501,946.14,8666.58,7720.44,1.123,35.52,-31.77,1.943,-619.43,-30.97,12,-361.5,1024.4,1.187,-78.26,0.965,147,487,244,243,0.501,5329.73,10863.23,5533.5,1.963,44.52,-22.77,10.944,-374.93,-18.75,12,-280.5,4084.77,2.025,1244.97,1.805,147,94.13,35.64
0.12,"(0.3, 0.6)",True,120,25,55,30,85,90,25.0,488,245,243,0.502,1651.8,9372.23,7720.44,1.214,38.25,-31.77,3.385,-622.82,-31.14,12,-361.5,1447.29,1.263,204.51,1.092,147,488,245,243,0.502,6044.57,11578.07,5533.5,2.092,47.26,-22.77,12.386,-372.5,-18.63,12,-280.5,4516.75,2.132,1527.82,1.991,147,96.23,52.02
0.12,"(0.3, 0.6)",True,120,25,55,30,85,90,37.5,488,245,243,0.502,922.51,8642.94,7720.44,1.119,35.28,-31.77,1.89,-639.97,-32.0,12,-361.5,967.62,1.176,-45.11,0.98,147,488,245,243,0.502,5315.19,10848.69,5533.5,1.961,44.28,-22.77,10.892,-378.75,-18.94,12,-280.5,4037.02,2.011,1278.17,1.829,147,94.54,35.06
0.12,"(0.3, 0.6)",True,120,35,45,40,60,65,35.0,468,332,136,0.7094,2174.03,11263.33,9089.31,1.239,33.93,-66.83,4.645,-653.8,-32.69,9,-601.35,1800.55,1.29,373.47,1.129,141,468,332,136,0.7094,6387.03,14252.48,7865.44,1.812,42.93,-57.83,13.648,-520.5,-26.02,9,-520.5,4744.06,1.887,1642.97,1.653,141,92.57,59.1
0.12,"(0.3, 0.6)",True,120,35,45,40,60,65,52.5,462,308,154,0.6667,1442.08,10412.81,8970.73,1.161,33.81,-58.25,3.121,-752.71,-37.64,11,-622.1,1451.22,1.239,-9.14,0.997,139,462,328,134,0.71,5600.89,13337.34,7736.44,1.724,40.66,-57.73,12.123,-523.25,-26.16,9,-520.5,4358.47,1.836,1242.42,1.493,139,88.33,40.21
0.12,"(0.3, 0.6)",True,120,35,45,40,75,80,35.0,469,333,136,0.71,2451.04,11540.35,9089.31,1.27,34.66,-66.83,5.226,-626.59,-31.33,9,-601.35,2013.48,1.325,437.56,1.152,141,469,333,136,0.71,6673.04,14538.49,7865.44,1.848,43.66,-57.83,14.228,-520.5,-26.02,9,-520.5,4966.02,1.929,1707.02,1.678,141,93.23,62.0
0.12,"(0.3, 0.6)",True,120,35,45,40,75,80,52.5,468,332,136,0.7094,2036.46,11125.76,9089.31,1.224,33.51,-66.83,4.351,-679.77,-33.99,9,-601.35,1697.76,1.274,338.7,1.117,141,468,332,136,0.7094,6249.22,14114.66,7865.44,1.795,42.51,-57.83,13.353,-520.5,-26.02,9,-520.5,4641.08,1.868,1608.14,1.639,141,92.22,57.41
0.12,"(0.3, 0.6)",True,120,35,55,40,70,75,35.0,465,285,180,0.6129,1560.73,11004.02,9443.29,1.165,38.61,-52.46,3.356,-686.01,-34.3,10,-614.85,1327.17,1.204,233.57,1.08,140,465,285,180,0.6129,5746.54,13569.98,7823.44,1.735,47.61,-43.46,12.358,-525.0,-26.25,10,-525.0,4252.6,1.792,1493.94,1.609,140,91.12,51.69
0.12,"(0.3, 0.6)",True,120,35,55,40,70,75,52.5,463,282,181,0.6091,1120.95,10566.49,9445.54,1.119,37.47,-52.19,2.421,-791.05,-39.55,10,-614.85,1009.45,1.155,111.49,1.038,139,463,283,180,0.6112,5288.78,13112.22,7823.44,1.676,46.33,-43.46,11.423,-525.0,-26.25,10,-525.0,3925.79,1.731,1362.99,1.556,139,89.71,42.56
0.12,"(0.3, 0.6)",True,120,35,55,40,85,90,35.0,465,285,180,0.6129,1515.98,10959.27,9443.29,1.161,38.45,-52.46,3.26,-692.25,-34.61,10,-614.85,1279.16,1.196,236.83,1.081,140,465,285,180,0.6129,5701.86,13525.31,7823.44,1.729,47.46,-43.46,12.262,-525.0,-26.25,10,-525.0,4204.61,1.783,1497.25,1.611,140,91.17,51.65
0.12,"(0.3, 0.6)",True,120,35,55,40,85,90,52.5,464,284,180,0.6121,1303.79,10747.08,9443.29,1.138,37.84,-52.46,2.81,-738.2,-36.91,10,-614.85,1121.36,1.172,182.43,1.062,140,464,284,180,0.6121,5480.58,13304.02,7823.44,1.701,46.85,-43.46,11.812,-525.0,-26.25,10,-525.0,4037.73,1.752,1442.85,1.588,140,90.61,47.95
0.12,"(0.3, 0.6)",True,120,35,65,40,80,85,35.0,460,245,215,0.5326,1186.12,11221.85,10035.73,1.118,45.8,-46.68,2.579,-702.3,-35.12,15,-641.85,1187.62,1.171,-1.5,1.0,138,460,245,215,0.5326,5326.65,13427.59,8100.94,1.658,54.81,-37.68,11.58,-534.0,-26.7,15,-534.0,4085.69,1.73,1240.95,1.496,138,87.69,37.37
0.12,"(0.3, 0.6)",True,120,35,65,40,80,85,52.5,458,245,213,0.5349,652.48,10541.29,9888.81,1.066,43.03,-46.43,1.425,-722.75,-36.14,15,-641.85,660.95,1.097,-8.47,0.997,138,458,245,213,0.5349,4774.99,12746.93,7971.94,1.599,52.03,-37.43,10.426,-534.0,-26.7,15,-534.0,3541.03,1.647,1233.95,1.494,138,86.96,28.51
0.12,"(0.3, 0.6)",True,120,35,65,40,95,100,35.0,460,245,215,0.5326,872.92,10908.65,10035.73,1.087,44.53,-46.68,1.898,-773.61,-38.68,15,-641.85,978.94,1.141,-106.02,0.966,138,460,245,215,0.5326,5013.49,13114.44,8100.94,1.619,53.53,-37.68,10.899,-534.0,-26.7,15,-534.0,3877.0,1.692,1136.49,1.454,138,86.43,32.24
0.12,"(0.3, 0.6)",True,120,35,65,40,95,100,52.5,459,245,214,0.5338,561.73,10583.96,10022.23,1.056,43.2,-46.83,1.224,-753.06,-37.65,15,-641.85,569.45,1.082,-7.72,0.997,138,459,245,214,0.5338,4693.18,12789.62,8096.44,1.58,52.2,-37.83,10.225,-534.0,-26.7,15,-534.0,3458.47,1.618,1234.71,1.494,138,86.47,25.52
0.12,"(0.3, 0.6)",True,120,45,55,50,70,75,45.0,440,309,131,0.7023,2454.47,13591.4,11136.93,1.22,43.99,-85.01,5.578,-1083.13,-54.16,7,-649.13,1991.95,1.263,462.52,1.129,132,440,309,131,0.7023,6415.98,16373.5,9957.53,1.644,52.99,-76.01,14.582,-965.9,-48.3,7,-586.08,4764.62,1.705,1651.36,1.517,132,88.53,59.82
0.12,"(0.3, 0.6)",True,120,45,55,50,70,75,67.5,438,285,153,0.6507,3053.1,14423.05,11369.95,1.269,50.61,-74.31,6.971,-1105.39,-55.27,7,-649.13,2469.37,1.317,583.73,1.163,132,438,305,133,0.6963,6997.26,17083.79,10086.53,1.694,56.01,-75.84,15.975,-988.15,-49.41,7,-586.08,5224.6,1.758,1772.66,1.554,132,89.36,64.77
0.12,"(0.3, 0.6)",True,120,45,55,50,85,90,45.0,442,310,132,0.7014,2702.22,13972.73,11270.51,1.24,45.07,-85.38,6.114,-1071.52,-53.58,7,-649.13,2125.76,1.276,576.46,1.161,133,442,310,132,0.7014,6681.72,16763.74,10082.03,1.663,54.08,-76.38,15.117,-954.3,-47.71,7,-586.08,4907.52,1.713,1774.2,1.555,133,89.53,63.57
0.12,"(0.3, 0.6)",True,120,45,55,50,85,90,67.5,442,310,132,0.7014,2851.32,14121.83,11270.51,1.253,45.55,-85.38,6.451,-1129.85,-56.49,7,-649.13,2256.65,1.293,594.67,1.166,133,442,310,132,0.7014,6830.92,16912.95,10082.03,1.678,54.56,-76.38,15.455,-954.3,-47.71,7,-586.08,5038.54,1.732,1792.38,1.561,133,89.66,64.26
0.12,"(0.3, 0.6)",True,120,45,65,50,80,85,45.0,435,267,168,0.6138,1439.65,13076.1,11636.45,1.124,48.97,-69.26,3.31,-1081.52,-54.08,7,-649.13,1222.33,1.154,217.32,1.059,131,435,267,168,0.6138,5356.07,15480.09,10124.03,1.529,57.98,-60.26,12.313,-964.3,-48.21,7,-586.08,3958.94,1.575,1397.13,1.432,131,86.17,47.23
0.12,"(0.3, 0.6)",True,120,45,65,50,80,85,67.5,434,266,168,0.6129,1716.49,13473.02,11756.53,1.146,50.65,-69.98,3.955,-1203.57,-60.18,7,-649.13,1531.51,1.19,184.97,1.05,131,434,266,168,0.6129,5624.01,15868.04,10244.03,1.549,59.65,-60.98,12.959,-986.8,-49.34,7,-586.08,4259.2,1.608,1364.81,1.422,131,85.4,46.67
0.12,"(0.3, 0.6)",True,120,45,65,50,95,100,45.0,438,268,170,0.6119,1351.91,13255.36,11903.45,1.114,49.46,-70.02,3.087,-1071.52,-53.58,7,-649.13,1062.41,1.13,289.5,1.078,132,438,268,170,0.6119,5295.33,15668.36,10373.03,1.51,58.46,-61.02,12.09,-954.3,-47.71,7,-586.08,3817.04,1.535,1478.29,1.456,132,87.01,50.39
0.12,"(0.3, 0.6)",True,120,45,65,50,95,100,67.5,436,267,169,0.6124,1397.34,13287.3,11889.95,1.118,49.77,-70.35,3.205,-1118.4,-55.92,7,-649.13,1147.35,1.14,249.99,1.068,131,436,267,169,0.6124,5322.63,15691.16,10368.53,1.513,58.77,-61.35,12.208,-954.3,-47.71,7,-586.08,3892.87,1.546,1429.76,1.442,131,86.38,48.27
0.12,"(0.3, 0.6)",True,120,45,75,50,90,95,45.0,428,232,196,0.5421,808.56,12822.87,12014.31,1.067,55.27,-61.3,1.889,-1142.46,-57.12,7,-649.13,1011.94,1.126,-203.38,0.949,129,428,232,196,0.5421,4662.03,14912.05,10250.03,1.455,64.28,-52.3,10.893,-954.3,-47.71,7,-586.08,3703.49,1.541,958.54,1.282,129,79.07,26.25
0.12,"(0.3, 0.6)",True,120,45,75,50,90,95,67.5,429,233,196,0.5431,1174.33,13188.64,12014.31,1.098,56.6,-61.3,2.737,-1071.52,-53.58,7,-649.13,1556.34,1.196,-382.01,0.907,129,429,233,196,0.5431,5036.86,15286.88,10250.03,1.491,65.61,-52.3,11.741,-954.3,-47.71,7,-586.08,4257.08,1.633,779.77,1.221,129,78.25,33.71
0.12,"(0.3, 0.6)",True,120,45,75,50,105,110,45.0,428,232,196,0.5421,792.83,12807.14,12014.31,1.066,55.2,-61.3,1.852,-1091.21,-54.56,7,-649.13,1025.59,1.127,-232.76,0.941,129,428,232,196,0.5421,4646.3,14896.32,10250.03,1.453,64.21,-52.3,10.856,-954.3,-47.71,7,-586.08,3717.14,1.543,929.16,1.273,129,78.57,26.52
0.12,"(0.3, 0.6)",True,120,45,75,50,105,110,67.5,429,233,196,0.5431,1134.5,13148.8,12014.31,1.094,56.43,-61.3,2.645,-1071.52,-53.58,7,-649.13,1343.74,1.169,-209.24,0.949,129,429,233,196,0.5431,4996.85,15246.88,10250.03,1.487,65.44,-52.3,11.648,-954.3,-47.71,7,-586.08,4044.28,1.602,952.57,1.27,129,80.52,33.11
0.12,"(0.3, 0.6)",True,140,15,25,20,40,45,15.0,508,364,144,0.7165,4262.18,9328.06,5065.87,1.841,25.63,-35.18,8.39,-525.16,-26.26,5,-247.84,4079.2,2.309,182.98,1.094,153,508,385,123,0.7579,8834.94,12720.5,3885.57,3.274,33.04,-31.59,17.392,-305.69,-15.28,3,-229.71,7275.11,4.053,1559.83,2.038,153,91.42,74.76
0.12,"(0.3, 0.6)",True,140,15,25,20,40,45,22.5,507,363,144,0.716,3337.09,8251.63,4914.54,1.679,22.73,-34.13,6.582,-514.02,-25.7,5,-247.84,3269.21,2.049,67.88,1.038,153,507,385,122,0.7594,7900.63,11641.69,3741.07,3.112,30.24,-30.66,15.583,-313.28,-15.66,3,-229.71,6456.01,3.71,1444.62,2.064,153,91.79,65.08
0.12,"(0.3, 0.6)",True,140,15,25,20,55,60,15.0,507,362,145,0.714,3983.17,8902.46,4919.29,1.81,24.59,-33.93,7.856,-470.62,-23.53,5,-247.84,3688.42,2.181,294.75,1.164,153,507,385,122,0.7594,8546.72,12287.79,3741.07,3.285,31.92,-30.66,16.857,-305.69,-15.28,3,-229.71,6875.25,3.885,1671.48,2.231,153,92.68,74.87
0.12,"(0.3, 0.6)",True,140,15,25,20,55,60,22.5,508,363,145,0.7146,3242.2,8161.49,4919.29,1.659,22.48,-33.93,6.382,-485.6,-24.28,5,-247.84,3154.22,2.01,87.98,1.049,153,508,386,122,0.7598,7814.67,11555.73,3741.07,3.089,29.94,-30.66,15.383,-313.28,-15.66,3,-229.71,6349.95,3.665,1464.71,2.078,153,92.09,64.7
0.12,"(0.3, 0.6)",True,140,15,35,20,50,55,15.0,508,290,218,0.5709,2867.51,8862.29,5994.78,1.478,30.56,-27.5,5.645,-618.68,-30.93,9,-261.41,2943.36,1.763,-75.84,0.965,153,508,304,204,0.5984,7440.09,11550.16,4110.07,2.81,37.99,-20.15,14.646,-315.19,-15.76,9,-229.71,6139.1,3.33,1300.99,1.882,153,91.23,56.74
0.12,"(0.3, 0.6)",True,140,15,35,20,50,55,22.5,508,290,218,0.5709,2116.34,8111.12,5994.78,1.353,27.97,-27.5,4.166,-692.79,-34.64,9,-261.41,2371.8,1.615,-255.46,0.88,153,508,304,204,0.5984,6688.85,10798.91,4110.07,2.627,35.52,-20.15,13.167,-330.17,-16.51,9,-229.71,5567.5,3.113,1121.35,1.76,153,90.68,49.37
0.12,"(0.3, 0.6)",True,140,15,35,20,65,70,15.0,507,284,223,0.5602,2443.63,8445.91,6002.29,1.407,29.74,-26.92,4.82,-646.67,-32.33,8,-247.92,2554.95,1.662,-111.32,0.948,153,507,304,203,0.5996,7007.05,11112.62,4105.57,2.707,36.55,-20.22,13.821,-342.68,-17.13,8,-229.71,5741.53,3.183,1265.52,1.858,153,91.55,52.71
0.12,"(0.3, 0.6)",True,140,15,35,20,65,70,22.5,508,284,224,0.5591,1873.94,7879.72,6005.78,1.312,27.75,-26.81,3.689,-688.96,-34.45,8,-247.92,2109.68,1.546,-235.74,0.89,153,508,305,203,0.6004,6446.26,10551.83,4105.57,2.57,34.6,-20.22,12.689,-350.1,-17.5,8,-229.71,5305.17,3.017,1141.09,1.773,153,91.26,46.93
0.12,"(0.3, 0.6)",True,140,15,45,20,60,65,15.0,510,249,261,0.4882,2827.33,9442.65,6615.31,1.427,37.92,-25.35,5.544,-573.2,-28.66,9,-261.41,2793.66,1.647,33.67,1.015,153,510,259,251,0.5078,7418.12,11739.68,4321.57,2.717,45.33,-17.22,14.545,-352.68,-17.63,9,-229.71,6007.45,3.152,1410.66,1.922,153,92.2,56.44
0.12,"(0.3, 0.6)",True,140,15,45,20,60,65,22.5,511,249,262,0.4873,2146.63,8765.44,6618.81,1.324,35.2,-25.26,4.201,-611.92,-30.6,9,-261.41,2283.68,1.529,-137.05,0.94,154,511,260,251,0.5088,6746.28,11067.85,4321.57,2.561,42.57,-17.22,13.202,-367.6,-18.38,9,-229.71,5497.36,2.969,1248.92,1.817,154,91.8,49.36
0.12,"(0.3, 0.6)",True,140,15,45,20,75,80,15.0,509,242,267,0.4754,2385.34,9011.66,6626.32,1.36,37.24,-24.82,4.686,-562.73,-28.14,8,-248.08,2447.67,1.566,-62.33,0.973,153,509,259,250,0.5088,6966.98,11284.04,4317.07,2.614,43.57,-17.27,13.688,-382.68,-19.13,8,-229.71,5652.28,3.028,1314.69,1.86,153,92.03,51.77
0.12,"(0.3, 0.6)",True,140,15,45,20,75,80,22.5,509,242,267,0.4754,1838.45,8464.77,6626.32,1.277,34.98,-24.82,3.612,-577.51,-28.88,8,-248.08,2021.12,1.467,-182.67,0.921,153,509,259,250,0.5088,6419.99,10737.06,4317.07,2.487,41.46,-17.27,12.613,-390.1,-19.5,8,-229.71,5225.67,2.875,1194.33,1.781,153,91.79,46.59
0.12,"(0.3, 0.6)",True,140,25,35,30,50,55,25.0,488,348,140,0.7131,2609.33,9760.0,7150.67,1.365,28.05,-51.08,5.347,-493.65,-24.68,8,-387.83,2320.39,1.471,288.94,1.13,147,488,348,140,0.7131,7002.19,12892.9,5890.71,2.189,37.05,-42.08,14.349,-385.42,-19.27,8,-316.0,5390.04,2.308,1612.15,1.911,147,94.8,60.84
0.12,"(0.3, 0.6)",True,140,25,35,30,50,55,37.5,486,346,140,0.7119,1781.37,8783.38,7002.01,1.254,25.39,-50.01,3.665,-560.1,-28.01,7,-306.83,1820.79,1.381,-39.42,0.982,146,486,347,139,0.714,6156.1,11902.31,5746.21,2.071,34.3,-41.34,12.667,-401.58,-20.08,7,-289.0,4881.28,2.227,1274.83,1.72,146,93.15,45.84
0.12,"(0.3, 0.6)",True,140,25,35,30,65,70,25.0,488,348,140,0.7131,2544.82,9695.49,7150.67,1.356,27.86,-51.08,5.215,-493.65,-24.68,8,-387.83,2251.9,1.458,292.92,1.131,147,488,348,140,0.7131,6937.65,12828.36,5890.71,2.178,36.86,-42.08,14.217,-385.42,-19.27,8,-316.0,5321.53,2.291,1616.12,1.913,147,94.97,60.58
0.12,"(0.3, 0.6)",True,140,25,35,30,65,70,37.5,488,348,140,0.7131,1877.81,9028.48,7150.67,1.263,25.94,-51.08,3.848,-534.68,-26.73,8,-387.83,1756.6,1.357,121.21,1.054,147,488,348,140,0.7131,6270.65,12161.36,5890.71,2.064,34.95,-42.08,12.85,-401.58,-20.08,8,-316.0,4826.15,2.171,1444.5,1.816,147,94.72,51.1
0.12,"(0.3, 0.6)",True,140,25,45,30,60,65,25.0,488,287,201,0.5881,1631.6,9605.79,7974.2,1.205,33.47,-39.67,3.343,-765.69,-38.28,8,-387.83,1540.56,1.277,91.04,1.038,147,488,287,201,0.5881,6024.55,12189.76,6165.21,1.977,42.47,-30.67,12.345,-439.51,-21.98,8,-316.0,4610.18,2.064,1414.37,1.772,147,94.46,46.28
0.12,"(0.3, 0.6)",True,140,25,45,30,60,65,37.5,488,287,201,0.5881,744.17,8718.37,7974.2,1.093,30.38,-39.67,1.525,-851.91,-42.6,8,-387.83,935.35,1.168,-191.18,0.921,147,488,287,201,0.5881,5137.01,11302.21,6165.21,1.833,39.38,-30.67,10.527,-427.37,-21.37,8,-316.0,4004.8,1.924,1132.2,1.618,147,90.52,29.13
0.12,"(0.3, 0.6)",True,140,25,45,30,75,80,25.0,488,287,201,0.5881,1304.96,9279.15,7974.2,1.164,32.33,-39.67,2.674,-837.61,-41.88,8,-387.83,1318.94,1.237,-13.98,0.994,147,488,287,201,0.5881,5697.97,11863.17,6165.21,1.924,41.34,-30.67,11.676,-418.46,-20.92,8,-316.0,4388.54,2.013,1309.43,1.715,147,93.07,38.39
0.12,"(0.3, 0.6)",True,140,25,45,30,75,80,37.5,488,287,201,0.5881,692.35,8666.54,7974.2,1.087,30.2,-39.67,1.419,-906.33,-45.32,8,-387.83,896.56,1.161,-204.21,0.916,147,488,287,201,0.5881,5085.26,11250.47,6165.21,1.825,39.2,-30.67,10.421,-427.37,-21.37,8,-316.0,3966.05,1.915,1119.21,1.611,147,90.33,27.11
0.12,"(0.3, 0.6)",True,140,25,55,30,70,75,25.0,482,241,241,0.5,1367.71,9601.88,8234.17,1.166,39.84,-34.17,2.838,-705.05,-35.25,12,-388.0,1318.48,1.227,49.23,1.02,145,482,241,241,0.5,5706.43,11771.63,6065.21,1.941,48.84,-25.17,11.839,-427.07,-21.35,12,-316.0,4351.97,2.007,1354.45,1.778,145,93.9,42.4
0.12,"(0.3, 0.6)",True,140,25,55,30,70,75,37.5,482,241,241,0.5,359.38,8593.56,8234.17,1.044,35.66,-34.17,0.746,-897.21,-44.86,12,-388.0,664.19,1.114,-304.81,0.874,145,482,241,241,0.5,4697.96,10763.17,6065.21,1.775,44.66,-25.17,9.747,-439.43,-21.97,12,-316.0,3697.56,1.855,1000.4,1.574,145,87.25,17.68
0.12,"(0.3, 0.6)",True,140,25,55,30,85,90,25.0,483,242,241,0.501,1058.69,9292.87,8234.17,1.129,38.4,-34.17,2.192,-786.46,-39.32,12,-388.0,1087.08,1.187,-28.39,0.988,145,483,242,241,0.501,5406.45,11471.66,6065.21,1.891,47.4,-25.17,11.193,-437.0,-21.85,12,-316.0,4129.55,1.954,1276.9,1.735,145,92.76,35.44
0.12,"(0.3, 0.6)",True,140,25,55,30,85,90,37.5,483,242,241,0.501,335.75,8569.92,8234.17,1.041,35.41,-34.17,0.695,-908.01,-45.4,12,-388.0,607.41,1.104,-271.66,0.887,145,483,242,241,0.501,4683.42,10748.63,6065.21,1.772,44.42,-25.17,9.697,-443.25,-22.16,12,-316.0,3649.82,1.843,1033.6,1.595,145,87.62,17.5
0.12,"(0.3, 0.6)",True,140,35,45,40,60,65,35.0,459,328,131,0.7146,1400.13,11142.67,9742.54,1.144,33.97,-74.37,3.05,-970.52,-48.53,7,-654.33,1111.05,1.163,289.08,1.098,138,459,328,131,0.7146,5532.22,14095.87,8563.65,1.646,42.98,-65.37,12.053,-591.5,-29.58,7,-591.5,4000.58,1.671,1531.64,1.588,138,90.31,51.71
0.12,"(0.3, 0.6)",True,140,35,45,40,60,65,52.5,453,304,149,0.6711,584.5,10188.48,9603.98,1.061,33.51,-64.46,1.29,-937.16,-46.86,9,-675.08,772.85,1.116,-188.35,0.936,136,453,324,129,0.7152,4662.32,13076.97,8414.65,1.554,40.36,-65.23,10.292,-613.78,-30.69,7,-591.5,3626.13,1.625,1036.19,1.397,136,82.89,23.11
0.12,"(0.3, 0.6)",True,140,35,45,40,75,80,35.0,460,329,131,0.7152,1674.43,11416.97,9742.54,1.172,34.7,-74.37,3.64,-867.53,-43.38,7,-654.33,1316.26,1.194,358.17,1.122,138,460,329,131,0.7152,5815.5,14379.15,8563.65,1.679,43.71,-65.37,12.642,-591.5,-29.58,7,-591.5,4214.81,1.707,1600.69,1.615,138,90.91,55.89
0.12,"(0.3, 0.6)",True,140,35,45,40,75,80,52.5,459,328,131,0.7146,1220.83,10963.37,9742.54,1.125,33.42,-74.37,2.66,-909.22,-45.46,7,-654.33,991.79,1.146,229.03,1.078,138,459,328,131,0.7146,5352.65,13916.3,8563.65,1.625,42.43,-65.37,11.662,-613.78,-30.69,7,-591.5,3881.13,1.651,1471.52,1.565,138,89.68,48.66
0.12,"(0.3, 0.6)",True,140,35,55,40,70,75,35.0,456,283,173,0.6206,923.06,10952.58,10029.52,1.092,38.7,-57.97,2.024,-944.01,-47.2,9,-654.33,748.88,1.106,174.19,1.059,137,456,283,173,0.6206,5027.87,13500.52,8472.65,1.593,47.71,-48.97,11.026,-591.5,-29.58,9,-591.5,3620.26,1.608,1407.6,1.559,137,89.35,43.81
0.12,"(0.3, 0.6)",True,140,35,55,40,70,75,52.5,454,280,174,0.6167,436.69,10468.46,10031.77,1.044,37.39,-57.65,0.962,-1058.77,-52.94,9,-654.33,367.69,1.052,69.01,1.023,137,454,281,173,0.6189,4523.51,12996.16,8472.65,1.534,46.25,-48.97,9.964,-606.61,-30.33,9,-591.5,3221.0,1.541,1302.52,1.517,137,86.15,28.6
0.12,"(0.3, 0.6)",True,140,35,55,40,85,90,35.0,456,283,173,0.6206,876.95,10906.46,10029.52,1.087,38.54,-57.97,1.923,-976.44,-48.82,9,-654.33,699.5,1.099,177.45,1.06,137,456,283,173,0.6206,4981.82,13454.47,8472.65,1.588,47.54,-48.97,10.925,-591.5,-29.58,9,-591.5,3570.9,1.6,1410.92,1.56,137,89.36,43.48
0.12,"(0.3, 0.6)",True,140,35,55,40,85,90,52.5,455,282,173,0.6198,634.47,10663.99,10029.52,1.063,37.82,-57.97,1.394,-1023.39,-51.17,9,-654.33,541.7,1.077,92.77,1.031,137,455,282,173,0.6198,4730.26,13202.91,8472.65,1.558,46.82,-48.97,10.396,-596.88,-29.84,9,-591.5,3404.02,1.572,1326.24,1.527,137,87.24,33.05
0.12,"(0.3, 0.6)",True,140,35,65,40,80,85,35.0,451,243,208,0.5388,433.77,11075.72,10641.95,1.041,45.58,-51.16,0.962,-888.01,-44.4,15,-681.33,454.66,1.06,-20.89,0.993,136,451,243,208,0.5388,4493.24,13263.39,8770.15,1.512,54.58,-42.16,9.963,-600.5,-30.03,15,-600.5,3289.7,1.53,1203.55,1.469,136,84.23,17.99
0.12,"(0.3, 0.6)",True,140,35,65,40,80,85,52.5,449,243,206,0.5412,-122.83,10352.21,10475.04,0.988,42.6,-50.85,-0.274,-1004.22,-50.21,15,-681.33,29.1,1.004,-151.92,0.951,135,449,243,206,0.5412,3918.61,12539.76,8621.15,1.455,51.6,-41.85,8.727,-632.33,-31.62,15,-600.5,2855.13,1.471,1063.48,1.415,135,80.17,15.0
0.12,"(0.3, 0.6)",True,140,35,65,40,95,100,35.0,451,243,208,0.5388,114.3,10756.25,10641.95,1.011,44.26,-51.16,0.253,-911.3,-45.56,15,-681.33,244.71,1.033,-130.41,0.958,136,451,243,208,0.5388,4173.83,12943.98,8770.15,1.476,53.27,-42.16,9.255,-600.5,-30.03,15,-600.5,3079.74,1.497,1094.08,1.426,136,81.43,15.79
0.12,"(0.3, 0.6)",True,140,35,65,40,95,100,52.5,450,243,207,0.54,-231.2,10397.25,10628.45,0.978,42.79,-51.35,-0.514,-1106.47,-55.32,15,-681.33,-83.76,0.989,-147.44,0.952,135,450,243,207,0.54,3819.17,12584.82,8765.65,1.436,51.79,-42.35,8.487,-616.26,-30.81,15,-600.5,2751.19,1.444,1067.98,1.417,135,79.84,15.0
0.12,"(0.3, 0.6)",True,140,45,55,50,70,75,45.0,433,310,123,0.7159,2090.29,13620.04,11529.75,1.181,43.94,-93.74,4.827,-1195.5,-59.78,6,-575.72,1410.14,1.174,680.16,1.198,130,433,310,123,0.7159,5988.88,16411.11,10422.23,1.575,52.94,-84.73,13.831,-943.72,-47.19,6,-521.58,4137.73,1.565,1851.15,1.597,130,89.92,63.35
0.12,"(0.3, 0.6)",True,140,45,55,50,70,75,67.5,431,285,146,0.6613,2624.7,14411.08,11786.38,1.223,50.57,-80.73,6.09,-1088.17,-54.41,6,-575.72,1846.14,1.222,778.56,1.225,130,431,306,125,0.71,6505.92,17077.15,10571.23,1.615,55.81,-84.57,15.095,-827.91,-41.4,6,-521.58,4556.29,1.61,1949.63,1.629,130,91.01,68.21
0.12,"(0.3, 0.6)",True,140,45,55,50,85,90,45.0,435,311,124,0.7149,2331.32,14014.65,11683.33,1.2,45.06,-94.22,5.359,-1140.7,-57.03,6,-575.72,1542.61,1.187,788.71,1.229,131,435,311,124,0.7149,6247.91,16814.64,10566.73,1.591,54.07,-85.22,14.363,-888.9,-44.45,6,-521.58,4279.31,1.573,1968.59,1.635,131,90.4,65.76
0.12,"(0.3, 0.6)",True,140,45,55,50,85,90,67.5,435,311,124,0.7149,2469.02,14152.35,11683.33,1.211,45.51,-94.22,5.676,-1251.92,-62.6,6,-575.72,1673.5,1.203,795.51,1.231,131,435,311,124,0.7149,6385.7,16952.43,10566.73,1.604,54.51,-85.22,14.68,-995.67,-49.78,6,-521.58,4410.33,1.591,1975.36,1.637,131,90.52,66.49
0.12,"(0.3, 0.6)",True,140,45,65,50,80,85,45.0,428,269,159,0.6285,1141.67,13157.44,12015.77,1.095,48.91,-75.57,2.667,-1303.04,-65.15,6,-575.72,712.11,1.084,429.56,1.121,129,428,269,159,0.6285,4995.2,15579.43,10584.23,1.472,57.92,-66.57,11.671,-943.9,-47.2,6,-521.58,3403.68,1.457,1591.52,1.507,129,87.53,51.19
0.12,"(0.3, 0.6)",True,140,45,65,50,80,85,67.5,427,268,159,0.6276,1389.52,13545.38,12155.86,1.114,50.54,-76.45,3.254,-1349.49,-67.47,6,-575.72,1003.71,1.117,385.81,1.108,129,427,268,159,0.6276,5234.15,15958.38,10724.23,1.488,59.55,-67.45,12.258,-1061.92,-53.1,6,-521.58,3686.36,1.486,1547.79,1.493,129,87.45,53.03
0.12,"(0.3, 0.6)",True,140,45,65,50,95,100,45.0,431,270,161,0.6265,1013.28,13336.05,12322.77,1.082,49.39,-76.54,2.351,-1360.2,-68.01,6,-575.72,511.54,1.058,501.75,1.14,130,431,270,161,0.6265,4893.81,15767.04,10873.23,1.45,58.4,-67.54,11.355,-928.36,-46.42,6,-521.58,3221.13,1.417,1672.69,1.532,130,86.57,48.28
0.12,"(0.3, 0.6)",True,140,45,65,50,95,100,67.5,429,269,160,0.627,1063.84,13373.11,12309.27,1.086,49.71,-76.93,2.48,-1295.07,-64.75,6,-575.72,613.01,1.07,450.83,1.127,129,429,269,160,0.627,4926.23,15794.97,10868.73,1.453,58.72,-67.93,11.483,-1022.07,-51.1,6,-521.58,3313.49,1.429,1612.75,1.514,129,86.62,49.87
0.12,"(0.3, 0.6)",True,140,45,75,50,90,95,45.0,421,234,187,0.5558,515.99,12909.6,12393.6,1.042,55.17,-66.28,1.226,-1452.71,-72.64,6,-575.72,521.75,1.061,-5.76,0.998,127,421,234,187,0.5558,4306.55,15016.79,10710.23,1.402,64.17,-57.27,10.229,-885.76,-44.29,6,-521.58,3168.23,1.429,1138.33,1.342,127,80.14,18.42
0.12,"(0.3, 0.6)",True,140,45,75,50,90,95,67.5,422,235,187,0.5569,861.39,13254.99,12393.6,1.07,56.4,-66.28,2.041,-1188.62,-59.43,6,-575.72,1088.57,1.13,-227.18,0.943,127,422,235,187,0.5569,4660.97,15371.21,10710.23,1.435,65.41,-57.27,11.045,-771.83,-38.59,6,-521.58,3744.23,1.517,916.74,1.264,127,78.46,26.91
0.12,"(0.3, 0.6)",True,140,45,75,50,105,110,45.0,421,234,187,0.5558,503.82,12897.42,12393.6,1.041,55.12,-66.28,1.197,-1408.84,-70.44,6,-575.72,534.75,1.063,-30.93,0.992,127,421,234,187,0.5558,4294.38,15004.61,10710.23,1.401,64.12,-57.27,10.2,-886.73,-44.34,6,-521.58,3181.22,1.431,1113.16,1.335,127,79.71,18.34
0.12,"(0.3, 0.6)",True,140,45,75,50,105,110,67.5,422,235,187,0.5569,823.38,13216.99,12393.6,1.066,56.24,-66.28,1.951,-1270.82,-63.54,6,-575.72,873.27,1.104,-49.89,0.988,127,422,235,187,0.5569,4622.82,15333.06,10710.23,1.432,65.25,-57.27,10.955,-767.3,-38.36,6,-521.58,3528.75,1.487,1094.07,1.315,127,80.87,25.0
