id,symbol,side,entry_price,exit_price,initial_sl,initial_tp,margin_usdt,leverage,base_amount,notional,exit_reason,pnl_usdt,pnl_pct_account,duration_secs,max_state,opened_at,closed_at,bar_time_open,slope_pct,body_atr_ratio,adx_at_entry
5,NEAR,short,2.22684133630968,2.22413389772727,2.30101202678711,2.22295793541678,500.0,10.0,2200.0,4899.05093988129,tp,5.95636488129312,0.099272748021552,1818,1,2026-06-05T00:31:37.768855+00:00,2026-06-05T01:01:56.468937+00:00,"2026-06-05 00:15:00+00:00",,,0.0
7,NEAR,short,2.25223793156083,2.24834908875955,2.32798138404745,2.24879530986348,500.0,10.0,2199.2,4953.12165908857,tp,8.55234308857349,0.142539051476225,1682,1,2026-06-05T01:30:02.594697+00:00,2026-06-05T01:58:04.873346+00:00,"2026-06-05 01:15:00+00:00",,,0.0
20,NEAR,short,1.98674891594678,1.97632756288362,2.07722024352105,1.97671405545715,500.0,10.0,2492.7,4952.36902278055,tp,25.9773067805474,0.432955113009123,6521,1,2026-06-05T20:16:08.278858+00:00,2026-06-05T22:04:50.078414+00:00,"2026-06-05 20:00:00+00:00",,,0.0
55,NEAR,short,1.86367237830467,1.86364907118088,1.89873140474206,1.86296966481327,500.0,10.0,2681.9,4998.1829513753,tp,0.0625073753020946,0.00104178958836824,6,1,2026-06-07T00:30:27.767918+00:00,2026-06-07T00:30:34.363996+00:00,"2026-06-07 00:15:00+00:00",,,0.0
61,NEAR,short,1.88024748435454,1.87532475479904,1.91574735919085,1.87593917799818,500.0,10.0,2667.2,5014.99609027043,tp,13.1299042704257,0.218831737840429,0,1,2026-06-07T01:00:56.474606+00:00,2026-06-07T01:00:56.566232+00:00,"2026-06-07 00:45:00+00:00",,,0.0
69,NEAR,short,1.91250853242815,1.95359435109525,1.95129679185334,1.90250871894519,500.0,10.0,2606.7,4985.33599148046,sl,-107.098403519545,-1.78497339199242,1026,0,2026-06-07T01:31:36.442785+00:00,2026-06-07T01:48:43.130000+00:00,"2026-06-07 01:15:00+00:00",,,0.0
72,NEAR,short,1.94908228161248,1.93553313548788,1.99046053451231,1.93434418810236,500.0,10.0,2574.4,5017.71742578317,tp,34.8809217831663,0.581348696386105,225,1,2026-06-07T02:15:14.376592+00:00,2026-06-07T02:19:00.281905+00:00,"2026-06-07 02:00:00+00:00",,,0.0
83,NEAR,short,1.93827928579865,1.92321014758722,1.98547357218789,1.92397731278954,500.0,10.0,2588.3,5016.84827543266,tp,39.003450432656,0.650057507210933,482,1,2026-06-07T06:46:10.867240+00:00,2026-06-07T06:54:12.873053+00:00,"2026-06-07 06:30:00+00:00",,,0.0
98,NEAR,short,1.97380553833768,2.02418275942097,2.02016984503911,1.95321729443503,500.0,10.0,2542.2,5017.80843956205,sl,-128.068971437951,-2.13448285729919,2365,0,2026-06-07T14:45:12.176048+00:00,2026-06-07T15:24:37.270096+00:00,"2026-06-07 14:30:00+00:00",,,0.0
99,NEAR,short,2.056175917208,2.01578867837827,2.11086325487198,2.01449486000859,500.0,10.0,2459.1,5056.34219800619,tp,99.3162590061894,1.65527098343649,362,1,2026-06-07T15:45:22.774321+00:00,2026-06-07T15:51:25.764873+00:00,"2026-06-07 15:30:00+00:00",,,0.0
100,NEAR,short,2.0301975765722,2.09329368466469,2.08913818914982,1.99867664212795,500.0,10.0,2433.6,4940.68882234611,sl,-153.55068865389,-2.5591781442315,858,0,2026-06-07T16:15:30.775104+00:00,2026-06-07T16:29:48.892914+00:00,"2026-06-07 16:00:00+00:00",,,0.0
113,NEAR,long,2.03145618515788,2.04601410426081,1.97022566642092,2.04253662304475,500.0,10.0,2478.4,5034.76100929529,tp,36.0803467047098,0.601339111745163,415,1,2026-06-08T01:31:18.275011+00:00,2026-06-08T01:38:13.679587+00:00,"2026-06-08 01:15:00+00:00",,,0.0
118,NEAR,long,2.14002051366467,2.15208769827252,2.07994462298202,2.14279773506496,500.0,10.0,2321.3,4967.6296183698,tp,28.0115556302041,0.466859260503402,2,1,2026-06-08T20:30:31.894711+00:00,2026-06-08T20:30:33.990500+00:00,"2026-06-08 20:15:00+00:00",,,0.0
121,NEAR,long,2.14231057008696,2.07940832670345,2.08167513078261,2.1448210887212,500.0,10.0,2337.9,5008.5078818063,sl,-147.059154806296,-2.45098591343826,8202,0,2026-06-08T22:16:24.685245+00:00,2026-06-09T00:33:06.867230+00:00,"2026-06-08 22:00:00+00:00",,,0.0
144,NEAR,short,2.09702585656607,2.09158026362039,2.14155270909463,2.09052181369109,500.0,10.0,2389.8,5011.47239202159,tp,13.0138780215936,0.21689796702656,28,1,2026-06-09T05:01:26.068609+00:00,2026-06-09T05:01:54.162474+00:00,"2026-06-09 04:45:00+00:00",,,0.0
145,NEAR,short,2.1071318482636,2.15129572419106,2.14962663437241,2.09823393414908,500.0,10.0,2336.4,4923.10285028308,sl,-103.184479716923,-1.71974132861538,297,0,2026-06-09T05:30:02.765515+00:00,2026-06-09T05:35:00.373416+00:00,"2026-06-09 05:15:00+00:00",,,0.0
146,NEAR,short,2.17082388957423,2.14335227288518,2.21813500616804,2.14629233800665,500.0,10.0,2302.8,4998.97325291153,tp,63.2616389115307,1.05436064852551,7799,1,2026-06-09T06:01:45.670534+00:00,2026-06-09T08:11:44.875255+00:00,"2026-06-09 05:45:00+00:00",,,0.0
165,NEAR,long,2.11852275612492,2.12452168820307,2.06590480512428,2.12583314955651,500.0,10.0,2391.3,5066.02346672152,tp,14.3452462784794,0.239087437974657,2064,1,2026-06-09T14:31:47.382237+00:00,2026-06-09T15:06:11.766954+00:00,"2026-06-09 14:15:00+00:00",,,0.0
170,NEAR,long,2.07373309660296,2.09180935225499,2.01423786942663,2.09353587828968,500.0,10.0,2434.6,5048.71059698956,tp,44.0084520104365,0.733474200173941,2269,1,2026-06-09T15:45:30.467804+00:00,2026-06-09T16:23:19.673079+00:00,"2026-06-09 15:30:00+00:00",,,0.0
2,TON,short,1.65795876958176,1.65735257781939,1.69274892623585,1.65689913870723,500.0,10.0,2990.9,4958.78888394209,tp,1.8130589420893,0.0302176490348217,1365,1,2026-06-05T00:30:13.963779+00:00,2026-06-05T00:52:59.665381+00:00,"2026-06-05 00:15:00+00:00",,,0.0
8,TON,short,1.66957626561258,1.66549428962022,1.70258639051323,1.66666699811855,500.0,10.0,2999.1,5007.22617819869,tp,12.2422541986923,0.204037569978206,1,1,2026-06-05T01:45:10.570628+00:00,2026-06-05T01:45:12.566898+00:00,"2026-06-05 01:30:00+00:00",,,0.0
18,TON,short,1.53458934972591,1.51675062594772,1.58218414753316,1.53391703138788,500.0,10.0,3297.4,5060.15492178621,tp,58.8214077862054,0.980356796436757,0,1,2026-06-05T17:15:46.264410+00:00,2026-06-05T17:15:47.070710+00:00,"2026-06-05 17:00:00+00:00",,,0.0
19,TON,short,1.53260603001014,1.52673991756732,1.57849427009124,1.53156837051554,500.0,10.0,3275.4,5019.8977906952,tp,19.2138646952042,0.320231078253403,1,1,2026-06-05T18:00:29.380355+00:00,2026-06-05T18:00:30.667415+00:00,"2026-06-05 17:45:00+00:00",,,0.0
24,TON,short,1.52765481369539,1.52795136071494,1.57193332325853,1.52747923917133,500.0,10.0,3267.4,4991.45933826832,tp,-0.96893773167534,-0.016148962194589,352,1,2026-06-05T21:00:29.870068+00:00,2026-06-05T21:06:21.969207+00:00,"2026-06-05 20:45:00+00:00",,,0.0
26,TON,short,1.53178894650266,1.53036524151476,1.57466051852394,1.53071577730382,500.0,10.0,3258.6,4991.48746107357,tp,4.63928507356663,0.0773214178927772,638,1,2026-06-05T21:46:03.688644+00:00,2026-06-05T21:56:42.672033+00:00,"2026-06-05 21:30:00+00:00",,,0.0
37,TON,short,1.51169491413827,1.54394990342406,1.54301422724445,1.50651410593489,500.0,10.0,3303.1,4993.27947089012,sl,-106.541455109874,-1.77569091849791,6184,0,2026-06-06T06:31:28.975062+00:00,2026-06-06T08:14:33.475250+00:00,"2026-06-06 06:15:00+00:00",,,0.0
43,TON,short,1.55599438584665,1.59084835013029,1.58818947261985,1.53980304845297,500.0,10.0,3185.1,4955.99771836017,sl,-111.013361639833,-1.85022269399721,3984,0,2026-06-06T08:30:25.839277+00:00,2026-06-06T09:36:50.160066+00:00,"2026-06-06 08:15:00+00:00",,,0.0
47,TON,short,1.59948502495724,1.57907940253778,1.63312522461517,1.58074198588912,500.0,10.0,3136.6,5016.94472928088,tp,64.0042752808809,1.06673792134802,1961,1,2026-06-06T14:30:32.088202+00:00,2026-06-06T15:03:13.191079+00:00,"2026-06-06 14:15:00+00:00",,,0.0
58,TON,long,1.63050491242299,1.63611231202396,1.59734421180695,1.6327104386961,500.0,10.0,3072.2,5009.23719194592,tp,17.2270530540748,0.287117550901247,1067,1,2026-06-07T00:46:05.165324+00:00,2026-06-07T01:03:52.966433+00:00,"2026-06-07 00:30:00+00:00",,,0.0
88,TON,long,1.69999751501781,1.70279382636218,1.66509763516031,1.70241952425442,500.0,10.0,2938.3,4995.10269837684,tp,8.21640162316131,0.136940027052689,28,1,2026-06-07T10:15:27.932135+00:00,2026-06-07T10:15:56.625529+00:00,"2026-06-07 10:00:00+00:00",,,0.0
90,TON,long,1.67359847804153,1.68333013331547,1.63950630237381,1.68371593648353,500.0,10.0,2985.4,4996.3608963452,tp,29.0528836548017,0.484214727580029,1656,1,2026-06-07T12:30:33.765022+00:00,2026-06-07T12:58:09.865757+00:00,"2026-06-07 12:15:00+00:00",,,0.0
103,TON,long,1.65371051090574,1.66761056984685,1.62139459815167,1.66781860965011,500.0,10.0,3016.6,4988.58312719826,tp,41.9309178017417,0.698848630029029,3089,1,2026-06-07T19:30:18.762510+00:00,2026-06-07T20:21:48.065339+00:00,"2026-06-07 19:15:00+00:00",,,0.0
115,TON,long,1.68634483613394,1.70076595665802,1.65678352520543,1.6935292456136,500.0,10.0,2967.1,5003.553763293,tp,42.7889067069966,0.713148445116611,824,1,2026-06-08T05:46:12.573240+00:00,2026-06-08T05:59:57.070792+00:00,"2026-06-08 05:30:00+00:00",,,0.0
120,TON,long,1.72461969436006,1.72978104310196,1.68957724924057,1.72912948427574,500.0,10.0,2888.5,4981.56398715904,tp,14.908555840957,0.248475930682616,2,1,2026-06-08T22:16:12.588048+00:00,2026-06-08T22:16:14.885793+00:00,"2026-06-08 22:00:00+00:00",,,0.0
124,TON,long,1.72506625432067,1.72987233828263,1.691196288886,1.72940685980038,500.0,10.0,2889.3,4984.2339286087,tp,13.8862183912972,0.231436973188287,0,1,2026-06-08T22:45:46.675594+00:00,2026-06-08T22:45:46.693238+00:00,"2026-06-08 22:30:00+00:00",,,0.0
126,TON,long,1.72638027268313,1.69558520769522,1.69606245414816,1.73031046318147,500.0,10.0,2905.7,5016.34315833537,sl,-89.4812203353664,-1.49135367225611,3646,0,2026-06-08T23:30:24.866955+00:00,2026-06-09T00:31:11.462577+00:00,"2026-06-08 23:15:00+00:00",,,0.0
141,TON,short,1.72497267556389,1.7528790139047,1.75195408007501,1.71679213845532,500.0,10.0,2898.3,4999.48830558682,sl,-80.8809404131781,-1.34801567355297,4584,0,2026-06-09T04:15:40.373505+00:00,2026-06-09T05:32:04.581237+00:00,"2026-06-09 04:00:00+00:00",,,0.0
151,TON,long,1.72094297057106,1.72507329464286,1.69240673513953,1.72552662919211,500.0,10.0,2912.0,5011.38593030292,tp,12.0275036970765,0.200458394951275,656,1,2026-06-09T10:15:38.670254+00:00,2026-06-09T10:26:34.775388+00:00,"2026-06-09 10:00:00+00:00",,,0.0
154,TON,long,1.71997061546815,1.72490042220081,1.69309553921339,1.72469034151832,500.0,10.0,2906.2,4998.57860267355,tp,14.3270043264487,0.238783405440811,50,1,2026-06-09T10:45:32.683530+00:00,2026-06-09T10:46:23.167217+00:00,"2026-06-09 10:30:00+00:00",,,0.0
167,TON,long,1.71053838174741,1.71721020064835,1.68132543572673,1.71775737225322,500.0,10.0,2930.5,5012.7327277108,tp,19.5517652892035,0.325862754820058,739,1,2026-06-09T14:45:37.481246+00:00,2026-06-09T14:57:56.881957+00:00,"2026-06-09 14:30:00+00:00",,,0.0
169,TON,long,1.70418242499448,1.71181311061796,1.67172182495031,1.71262491917408,500.0,10.0,2929.0,4991.55032280883,tp,22.3502781911717,0.372504636519528,3753,1,2026-06-09T15:45:20.971853+00:00,2026-06-09T16:47:54.879594+00:00,"2026-06-09 15:30:00+00:00",,,0.0
181,TON,short,1.70169152376817,1.69987927022974,1.72458371391357,1.70096906663772,500.0,10.0,2933.8,4992.42259243107,tp,5.3167894310699,0.0886131571844983,383,1,2026-06-10T01:00:56.164124+00:00,2026-06-10T01:07:20.060871+00:00,"2026-06-10 00:45:00+00:00",,,0.0
188,TON,short,1.67402956923089,1.6682495540509,1.69578612307799,1.67116202953558,500.0,10.0,2998.1,5018.90805151113,tp,17.3290635111248,0.288817725185414,3,1,2026-06-10T10:45:36.297945+00:00,2026-06-10T10:45:39.586596+00:00,"2026-06-10 10:30:00+00:00",,,0.0
192,TON,short,1.67100262580433,1.66690254558814,1.69838363223901,1.66801261397473,500.0,10.0,2994.2,5003.31606218334,tp,12.2764601833397,0.204607669722329,941,1,2026-06-10T13:00:02.360901+00:00,2026-06-10T13:15:43.662420+00:00,"2026-06-10 12:45:00+00:00",,,0.0
201,TON,short,1.67265014673945,1.67001544202606,1.69865132065507,1.66942288485744,500.0,10.0,2977.2,4979.8140168727,tp,7.84404287269645,0.130734047878274,5924,1,2026-06-10T13:31:26.672651+00:00,2026-06-10T15:10:10.684639+00:00,"2026-06-10 13:15:00+00:00",,,0.0
217,TON,short,1.60032321348117,1.63184185182795,1.63034892133049,1.59924824943682,500.0,10.0,3099.1,4959.56167089948,sl,-97.6794121005191,-1.62799020167532,4316,0,2026-06-11T00:30:19.245072+00:00,2026-06-11T01:42:15.846447+00:00,"2026-06-11 00:15:00+00:00",,,0.0
231,TON,short,1.62890017421888,1.62411506211382,1.6553815679699,1.62462328997787,500.0,10.0,3075.0,5008.86803572305,tp,14.7142197230484,0.24523699538414,18,1,2026-06-11T02:15:49.260237+00:00,2026-06-11T02:16:08.065191+00:00,"2026-06-11 02:00:00+00:00",,,0.0
233,TON,short,1.66447072524057,1.65237033369894,1.69231652716516,1.65165635352317,500.0,10.0,3008.7,5007.89307103131,tp,36.4064480313116,0.606774133855193,305,1,2026-06-11T04:00:09.815892+00:00,2026-06-11T04:05:15.766237+00:00,"2026-06-11 03:45:00+00:00",,,0.0
263,TON,short,1.66656310760092,1.65847397102316,1.6917079684083,1.65851190924393,500.0,10.0,3009.3,5015.18835970346,tp,24.3426387034552,0.405710645057586,396,1,2026-06-11T18:15:50.568225+00:00,2026-06-11T18:22:26.877878+00:00,"2026-06-11 18:00:00+00:00",,,0.0
264,TON,short,1.67177129096182,1.69861989049127,1.69722161865635,1.66281108344481,500.0,10.0,2967.8,4961.48283731648,sl,-79.6812736835184,-1.32802122805864,4841,0,2026-06-11T19:00:49.268167+00:00,2026-06-11T20:21:30.285204+00:00,"2026-06-11 18:45:00+00:00",,,0.0
266,TON,short,1.70764966435709,1.70949153143399,1.73332697921379,1.68941948834197,500.0,10.0,2955.4,5046.78781804094,time,-5.4434539590625,-0.0907242326510417,10753,0,2026-06-11T20:46:23.375558+00:00,2026-06-11T23:45:37.367930+00:00,"2026-06-11 20:30:00+00:00",,,0.0
276,TON,long,1.70020348222195,1.67511393138149,1.67727133999759,1.70023146853662,500.0,10.0,2961.3,5034.81257190388,sl,-74.2976869038747,-1.23829478173125,1570,0,2026-06-12T01:01:27.758047+00:00,2026-06-12T01:27:38.463397+00:00,"2026-06-12 00:45:00+00:00",,,0.0
282,TON,long,1.67206399706328,1.70404250264172,1.6481759735695,1.67657642815486,500.0,10.0,2933.7,4905.33414818454,tp,93.8153418154611,1.56358903025769,0,1,2026-06-12T01:46:05.873566+00:00,2026-06-12T01:46:06.866156+00:00,"2026-06-12 01:30:00+00:00",,,0.0
288,TON,long,1.69356108857094,1.70194961163074,1.66204979713844,1.70112277798463,500.0,10.0,2950.8,4997.36006015512,tp,24.7528538448774,0.412547564081291,8503,1,2026-06-12T06:31:14.886496+00:00,2026-06-12T08:52:58.466546+00:00,"2026-06-12 06:15:00+00:00",,,0.0
302,TON,long,1.69087835724625,1.6616559763054,1.65838521521623,1.70072296888536,500.0,10.0,2962.7,5009.56530901346,time,-86.5771480134578,-1.44295246689096,10786,0,2026-06-12T19:01:07.166816+00:00,2026-06-12T22:00:54.051314+00:00,"2026-06-12 18:45:00+00:00",,,0.0
308,TON,short,1.68048951958949,1.67381,1.70168567630538,1.67918066371264,500.0,10.0,2987.5,5020.46243977359,tp,19.9550647735907,0.332584412893178,2,1,2026-06-13T00:45:10.062159+00:00,2026-06-13T00:45:12.567983+00:00,"2026-06-13 00:30:00+00:00",,,0.0
309,TON,short,1.68529798088123,1.68282167654188,1.70496182793109,1.68301195692652,500.0,10.0,2970.4,5006.00912240961,tp,7.35561440961342,0.122593573493557,28,1,2026-06-13T01:16:36.575344+00:00,2026-06-13T01:17:05.565485+00:00,"2026-06-13 01:00:00+00:00",,,0.0
310,TON,short,1.68286583555576,1.68080518249899,1.70139252000181,1.68160779466966,500.0,10.0,2964.4,4988.68748292148,tp,6.10859992148488,0.101809998691415,925,1,2026-06-13T01:45:34.066305+00:00,2026-06-13T02:00:59.164260+00:00,"2026-06-13 01:30:00+00:00",,,0.0
325,TON,long,1.72416667609884,1.72525764732282,1.70158008488954,1.72578224878856,500.0,10.0,2896.7,4994.3936106555,tp,3.16021634449562,0.0526702724082604,4,1,2026-06-13T22:31:04.371090+00:00,2026-06-13T22:31:09.275549+00:00,"2026-06-13 22:15:00+00:00",,,0.0
326,TON,long,1.72346153449339,1.72471,1.70243381044047,1.72481192716888,500.0,10.0,2910.3,5015.7901038361,tp,3.63340916390084,0.0605568193983473,4600,1,2026-06-13T23:00:02.800145+00:00,2026-06-14T00:16:42.970911+00:00,"2026-06-13 22:45:00+00:00",,,0.0
334,TON,long,1.7134059706389,1.71835596497265,1.69305373575008,1.7165855037381,500.0,10.0,2906.3,4979.67177246783,tp,14.3861685321708,0.23976947553618,1,1,2026-06-14T01:16:04.571715+00:00,2026-06-14T01:16:05.780603+00:00,"2026-06-14 01:00:00+00:00",,,0.0
343,TON,long,1.69256878145084,1.69806109351789,1.67703903305752,1.69865542664159,500.0,10.0,2962.0,5013.38873065737,tp,16.2682283426252,0.271137139043754,622,1,2026-06-14T05:30:20.175451+00:00,2026-06-14T05:40:43.065995+00:00,"2026-06-14 05:15:00+00:00",,,0.0
358,TON,long,1.71207175807967,1.67972,1.68624582271701,1.714425760848,500.0,10.0,2920.1,4999.42074076844,sl,-94.4703687684397,-1.57450614614066,715,0,2026-06-14T17:46:29.068376+00:00,2026-06-14T17:58:24.861690+00:00,"2026-06-14 17:30:00+00:00",,,0.0
359,TON,long,1.68056523271588,1.69119526644393,1.65300709444296,1.6918357570493,500.0,10.0,2963.1,4979.68284106044,tp,31.497852939564,0.524964215659401,1002,1,2026-06-14T18:16:15.563018+00:00,2026-06-14T18:32:57.572117+00:00,"2026-06-14 18:00:00+00:00",,,0.0
1,WLD,long,0.521407972537505,0.528406361784349,0.483711752837548,0.529626263824329,500.0,10.0,9522.8,4965.26384088016,tp,66.6442611198454,1.11073768533076,3257,1,2026-06-04T21:45:17.681442+00:00,2026-06-04T22:39:34.871169+00:00,"2026-06-04 21:30:00+00:00",,,0.0
9,WLD,long,0.486712797558518,0.50382583089752,0.450335178026659,0.499542440866971,500.0,10.0,10229.3,4978.73122006534,tp,175.054351934654,2.91757253224424,510,1,2026-06-05T03:16:09.572636+00:00,2026-06-05T03:24:39.673706+00:00,"2026-06-05 03:00:00+00:00",,,0.0
16,WLD,long,0.495865882275737,0.505385140306122,0.461752940481635,0.505222425697373,500.0,10.0,10427.2,5170.49272766557,tp,99.259207334434,1.65432012224057,687,1,2026-06-05T15:15:56.666543+00:00,2026-06-05T15:27:24.173212+00:00,"2026-06-05 15:00:00+00:00",,,0.0
31,WLD,long,0.491109185781101,0.501624757059196,0.461022672029912,0.498346349155288,500.0,10.0,9955.1,4889.04105536944,tp,104.683563630558,1.7447260605093,0,1,2026-06-06T01:30:03.070262+00:00,2026-06-06T01:30:03.268788+00:00,"2026-06-06 01:15:00+00:00",,,0.0
32,WLD,long,0.485569010496412,0.453641192548481,0.455481094467711,0.493401135828135,500.0,10.0,10478.4,5087.98631958561,sl,-334.552447585606,-5.57587412642677,701,0,2026-06-06T02:46:25.866147+00:00,2026-06-06T02:58:06.981344+00:00,"2026-06-06 02:30:00+00:00",,,0.0
56,WLD,short,0.417522307616475,0.498958747122404,0.429220768548272,0.416907615331532,500.0,10.0,11685.1,4878.78991672927,sl,-951.592939270732,-15.8598823211789,228255,0,2026-06-07T00:31:06.564535+00:00,2026-06-09T15:55:21.765721+00:00,"2026-06-07 00:15:00+00:00",,,0.0
13,XRP,short,1.12417938724324,1.121902,1.14683048518919,1.12183618369964,500.0,10.0,4409.0,4956.50691835546,tp,10.0410003554608,0.167350005924347,3133,1,2026-06-05T07:46:11.967024+00:00,2026-06-05T08:38:25.674788+00:00,"2026-06-05 07:30:00+00:00",,,0.0
25,XRP,short,1.11766247620231,1.11658094998884,1.14133828582074,1.11653106293235,500.0,10.0,4479.0,5006.01023091012,tp,4.84415591012426,0.0807359318354043,1,1,2026-06-05T21:15:42.459171+00:00,2026-06-05T21:15:43.562330+00:00,"2026-06-05 21:00:00+00:00",,,0.0
35,XRP,short,1.09823732555414,1.09489503949967,1.11939992998724,1.09475827296523,500.0,10.0,4557.0,5004.66749255021,tp,15.2307975502069,0.253846625836782,517,1,2026-06-06T06:30:23.468696+00:00,2026-06-06T06:39:00.666089+00:00,"2026-06-06 06:15:00+00:00",,,0.0
46,XRP,short,1.10560886377488,1.0983199497576,1.11920777397395,1.10022222391587,500.0,10.0,4538.0,5017.25302381042,tp,33.0770918104219,0.551284863507031,1932,1,2026-06-06T14:30:10.487560+00:00,2026-06-06T15:02:22.988432+00:00,"2026-06-06 14:15:00+00:00",,,0.0
68,XRP,short,1.10361706910609,1.11515318712408,1.11392162195478,1.10071384480584,500.0,10.0,4489.0,4954.13702321722,sl,-51.7856337827762,-0.863093896379604,1,0,2026-06-07T01:31:26.041293+00:00,2026-06-07T01:31:27.840460+00:00,"2026-06-07 01:15:00+00:00",,,0.0
70,XRP,short,1.11554597157617,1.11312225624442,1.1268737441855,1.11327822373137,500.0,10.0,4484.0,5002.10813654753,tp,10.8679395475307,0.181132325792178,992,1,2026-06-07T02:00:06.662913+00:00,2026-06-07T02:16:38.871420+00:00,"2026-06-07 01:45:00+00:00",,,0.0
73,XRP,short,1.1194579772745,1.116125,1.13149779547048,1.11613772797112,500.0,10.0,4467.0,5000.61878448518,tp,14.888409485182,0.248140158086367,1526,1,2026-06-07T03:15:12.367890+00:00,2026-06-07T03:40:38.869055+00:00,"2026-06-07 03:00:00+00:00",,,0.0
94,XRP,long,1.1193082238494,1.122339,1.10543001464462,1.11944787658136,500.0,10.0,4454.0,4985.39882902524,tp,13.499076974762,0.224984616246033,1,1,2026-06-07T12:46:05.363369+00:00,2026-06-07T12:46:07.176638+00:00,"2026-06-07 12:30:00+00:00",,,0.0
106,XRP,long,1.12036796788628,1.12679184525152,1.10851171097654,1.12168711456866,500.0,10.0,4433.0,4966.59120163989,tp,28.4770483601093,0.474617472668488,2,1,2026-06-07T20:15:07.767414+00:00,2026-06-07T20:15:09.974103+00:00,"2026-06-07 20:00:00+00:00",,,0.0
134,XRP,long,1.16449774266425,1.15154605017341,1.15306368397823,1.16529761986497,500.0,10.0,4325.0,5036.45273702287,sl,-56.0160700228722,-0.93360116704787,1087,0,2026-06-09T00:31:20.579055+00:00,2026-06-09T00:49:27.872003+00:00,"2026-06-09 00:15:00+00:00",,,0.0
139,XRP,long,1.14926593083445,1.15209734427358,1.13740937751009,1.15172909781177,500.0,10.0,4357.0,5007.35166064572,tp,12.3364683542829,0.205607805904716,1740,1,2026-06-09T02:31:11.166477+00:00,2026-06-09T03:00:11.670822+00:00,"2026-06-09 02:15:00+00:00",,,0.0
153,XRP,long,1.15620913985027,1.159422,1.14705025865243,1.15832218591146,500.0,10.0,4326.0,5001.76073899227,tp,13.8988330077295,0.231647216795492,5521,1,2026-06-09T10:31:30.869933+00:00,2026-06-09T12:03:32.799827+00:00,"2026-06-09 10:15:00+00:00",,,0.0
164,XRP,long,1.14845953980655,1.13769232908512,1.13846385825898,1.15216876272521,500.0,10.0,4394.0,5046.33121791,sl,-47.3111239099978,-0.788518731833297,0,0,2026-06-09T14:30:32.780032+00:00,2026-06-09T14:30:33.298619+00:00,"2026-06-09 14:15:00+00:00",,,0.0
168,XRP,long,1.13188018100667,1.13972706430357,1.12068162906004,1.13956024699142,500.0,10.0,4401.0,4981.40467661036,tp,34.5341333896387,0.575568889827312,474,1,2026-06-09T15:00:53.071951+00:00,2026-06-09T15:08:47.974011+00:00,"2026-06-09 14:45:00+00:00",,,0.0
185,XRP,short,1.11731100834456,1.11669909912927,1.12563107510101,1.11681999597815,500.0,10.0,4479.0,5004.43600637527,tp,2.74074137526738,0.0456790229211231,1,1,2026-06-10T07:46:23.480199+00:00,2026-06-10T07:46:24.577990+00:00,"2026-06-10 07:30:00+00:00",,,0.0
191,XRP,short,1.11947774929831,1.116915,1.12937174368475,1.11765535126947,500.0,10.0,4477.0,5011.90188360851,tp,11.4734286085131,0.191223810141885,3,1,2026-06-10T13:00:01.554019+00:00,2026-06-10T13:00:05.006338+00:00,"2026-06-10 12:45:00+00:00",,,0.0
200,XRP,short,1.11710947005823,1.12757655920018,1.12642523052409,1.11603634201719,500.0,10.0,4451.0,4972.25425122919,sl,-46.5890137708058,-0.776483562846764,360,0,2026-06-10T13:31:13.271111+00:00,2026-06-10T13:37:13.874617+00:00,"2026-06-10 13:15:00+00:00",,,0.0
218,XRP,short,1.0995544676834,1.09871,1.10992620915056,1.09884932737838,500.0,10.0,4539.0,4990.87772881493,tp,3.83303881493379,0.0638839802488965,387,1,2026-06-11T00:30:29.155829+00:00,2026-06-11T00:36:56.560597+00:00,"2026-06-11 00:15:00+00:00",,,0.0
221,XRP,short,1.09967143259436,1.11096048315349,1.10966689334921,1.09951056902375,500.0,10.0,4541.0,4993.60797541097,sl,-51.2635785890259,-0.854392976483765,2426,0,2026-06-11T01:00:19.279890+00:00,2026-06-11T01:40:45.549549+00:00,"2026-06-11 00:45:00+00:00",,,0.0
230,XRP,short,1.11727527814133,1.113732,1.12770950327199,1.11381172089432,500.0,10.0,4488.0,5014.3314482983,tp,15.9022322983002,0.26503720497167,30,1,2026-06-11T02:00:40.036740+00:00,2026-06-11T02:01:10.426089+00:00,"2026-06-11 01:45:00+00:00",,,0.0
232,XRP,short,1.11268906125452,1.106508,1.12304955129065,1.1107825424413,500.0,10.0,4517.0,5026.01648968665,tp,27.9198536866493,0.465330894777488,0,1,2026-06-11T02:30:40.074804+00:00,2026-06-11T02:30:40.685054+00:00,"2026-06-11 02:15:00+00:00",,,0.0
262,XRP,short,1.13349049751034,1.14743668862548,1.1457024775931,1.12780183504166,500.0,10.0,4387.0,4972.62281257788,sl,-61.1819404221209,-1.01969900703535,5344,0,2026-06-11T18:01:27.368575+00:00,2026-06-11T19:30:31.966389+00:00,"2026-06-11 17:45:00+00:00",,,0.0
269,XRP,long,1.13960360107023,1.14040862103582,1.13100840963205,1.14012912074916,500.0,10.0,4383.0,4994.88258349081,tp,3.52840250918979,0.0588067084864966,4,1,2026-06-12T00:30:54.693083+00:00,2026-06-12T00:30:59.481072+00:00,"2026-06-12 00:15:00+00:00",,,0.0
279,XRP,long,1.14005974275953,1.140416,1.1318816848358,1.1403323649341,500.0,10.0,4389.0,5003.72221097159,tp,1.56361302840847,0.0260602171401412,2848,1,2026-06-12T01:15:55.771522+00:00,2026-06-12T02:03:24.684238+00:00,"2026-06-12 01:00:00+00:00",,,0.0
290,XRP,long,1.13180864021299,1.13442998060442,1.12502976191687,1.1345206274259,500.0,10.0,4434.0,5018.43951070438,tp,11.6230232956209,0.193717054927015,4783,1,2026-06-12T06:46:09.878705+00:00,2026-06-12T08:05:53.094151+00:00,"2026-06-12 06:30:00+00:00",,,0.0
296,XRP,long,1.12680415493457,1.130371,1.11934939441113,1.13026125215904,500.0,10.0,4423.0,4983.8547772756,tp,15.776155724397,0.262935928739951,0,1,2026-06-12T14:00:39.474944+00:00,2026-06-12T14:00:39.780354+00:00,"2026-06-12 13:45:00+00:00",,,0.0
299,XRP,long,1.12560518714701,1.13361590498866,1.11293468432313,1.12935720893106,500.0,10.0,4410.0,4963.91887531833,tp,35.3272656816666,0.58878776136111,2,1,2026-06-12T16:15:37.371472+00:00,2026-06-12T16:15:40.060461+00:00,"2026-06-12 16:00:00+00:00",,,0.0
307,XRP,short,1.13308251270558,1.1327028785957,1.13871061435023,1.13271835889391,500.0,10.0,4415.0,5002.55929359514,tp,1.67608459513912,0.0279347432523187,0,1,2026-06-13T00:30:59.768406+00:00,2026-06-13T00:31:00.075676+00:00,"2026-06-13 00:15:00+00:00",,,0.0
319,XRP,long,1.1503211461142,1.14350675154852,1.14469031502784,1.15184111350673,500.0,10.0,4359.0,5014.24987591182,sl,-29.7039459118166,-0.495065765196943,1089,0,2026-06-13T16:31:28.305483+00:00,2026-06-13T16:49:37.606552+00:00,"2026-06-13 16:15:00+00:00",,,0.0
320,XRP,long,1.14568671101053,1.14577204995417,1.13938839909481,1.14575834636116,500.0,10.0,4364.0,4999.77680684997,tp,0.372419150026262,0.00620698583377104,0,1,2026-06-13T17:15:25.758672+00:00,2026-06-13T17:15:25.857537+00:00,"2026-06-13 17:00:00+00:00",,,0.0
322,XRP,long,1.14646447148357,1.14664416234809,1.14040424335216,1.14676656538363,500.0,10.0,4361.0,4999.73156013986,tp,0.78363186013671,0.0130605310022785,7199,1,2026-06-13T17:45:12.872387+00:00,2026-06-13T19:45:12.626573+00:00,"2026-06-13 17:30:00+00:00",,,0.0
341,XRP,long,1.1486068523188,1.14404145,1.14462967086917,1.14908466151769,500.0,10.0,4360.0,5007.92587610995,sl,-19.9051541099505,-0.331752568499175,2638,0,2026-06-14T04:45:25.159835+00:00,2026-06-14T05:29:23.374923+00:00,"2026-06-14 04:30:00+00:00",,,0.0
345,XRP,long,1.14383774362446,1.14611742044933,1.13991569262011,1.14534274910681,500.0,10.0,4362.0,4989.42023768988,tp,9.94395031011811,0.165732505168635,0,1,2026-06-14T05:45:48.975389+00:00,2026-06-14T05:45:49.080062+00:00,"2026-06-14 05:30:00+00:00",,,0.0
347,XRP,long,1.14454765777396,1.145785,1.13980091996565,1.14573648820612,500.0,10.0,4373.0,5005.10690744553,tp,5.41089755446756,0.0901816259077926,3759,1,2026-06-14T07:15:23.277638+00:00,2026-06-14T08:18:02.969617+00:00,"2026-06-14 07:00:00+00:00",,,0.0
351,XRP,long,1.13727821379693,1.13260285561619,1.13295992417235,1.13970749565094,500.0,10.0,4398.0,5001.74958427889,sl,-20.5622252788874,-0.342703754648124,2989,0,2026-06-14T13:01:05.870665+00:00,2026-06-14T13:50:55.379291+00:00,"2026-06-14 12:45:00+00:00",,,0.0
4,ZEC,short,455.446391112345,454.430900767544,483.441520011107,454.654373778642,500.0,10.0,10.944,4984.40530433351,tp,11.1135263335057,0.185225438891761,413,1,2026-06-05T00:30:56.766388+00:00,2026-06-05T00:37:50.363444+00:00,"2026-06-05 00:15:00+00:00",,,0.0
15,ZEC,short,344.879761962683,333.111,379.341857664151,344.853433912688,500.0,10.0,15.013,5177.67986634577,tp,176.684423345766,2.9447403890961,1,1,2026-06-05T15:15:38.792750+00:00,2026-06-05T15:15:40.663495+00:00,"2026-06-05 15:00:00+00:00",,,0.0
17,ZEC,short,363.883581430162,346.446850356623,395.568232871461,357.921443067586,500.0,10.0,14.441,5254.84279943297,tp,251.803833432975,4.19673055721624,2,1,2026-06-05T17:15:19.174641+00:00,2026-06-05T17:15:21.885069+00:00,"2026-06-05 17:00:00+00:00",,,0.0
21,ZEC,short,357.272228920038,385.004288725808,384.362060280343,353.192674631274,500.0,10.0,13.899,4965.72670975961,sl,-385.44789924039,-6.4241316540065,8520,0,2026-06-05T20:31:24.283384+00:00,2026-06-05T22:53:24.965433+00:00,"2026-06-05 20:15:00+00:00",,,0.0
27,ZEC,short,392.039453786447,378.417600380892,420.139084078028,378.477280380567,500.0,10.0,12.602,4940.48119661681,tp,171.662596616812,2.86104327694686,3972,1,2026-06-06T00:15:03.367355+00:00,2026-06-06T01:21:15.567309+00:00,"2026-06-06 00:00:00+00:00",,,0.0
49,ZEC,short,361.097799112853,355.927950042699,373.704192015678,358.620662704656,500.0,10.0,14.052,5074.14627313381,tp,72.6467191338118,1.2107786522302,3,1,2026-06-06T23:30:31.780991+00:00,2026-06-06T23:30:34.985480+00:00,"2026-06-06 23:15:00+00:00",,,0.0
53,ZEC,short,363.107342620604,376.475,375.326083585439,361.294645139424,500.0,10.0,13.65,4956.41522677125,sl,-182.468523228752,-3.04114205381253,2900,0,2026-06-07T00:15:27.669108+00:00,2026-06-07T01:03:47.865048+00:00,"2026-06-07 00:00:00+00:00",,,0.0
63,ZEC,short,380.754616579275,377.269968827736,394.743549213476,377.571034542438,500.0,10.0,12.864,4898.02738767579,tp,44.8265086757948,0.747108477929913,3052,1,2026-06-07T01:30:08.756471+00:00,2026-06-07T02:21:01.173567+00:00,"2026-06-07 01:15:00+00:00",,,0.0
80,ZEC,short,399.418090969326,415.179,414.130818723938,393.721025797012,500.0,10.0,12.356,4935.209932017,sl,-194.741791983002,-3.24569653305004,425,0,2026-06-07T06:00:39.080889+00:00,2026-06-07T06:07:44.283933+00:00,"2026-06-07 05:45:00+00:00",,,0.0
81,ZEC,short,406.139019764368,400.646301540957,422.923177879314,400.711894454325,500.0,10.0,12.33,5007.69411369466,tp,67.7252156946608,1.12875359491101,2715,1,2026-06-07T06:31:45.177100+00:00,2026-06-07T07:17:00.292873+00:00,"2026-06-07 06:15:00+00:00",,,0.0
101,ZEC,long,407.881555647129,410.076007007823,393.718000824161,409.120324992736,500.0,10.0,12.272,5005.52245090157,tp,26.9303070984328,0.448838451640547,789,1,2026-06-07T19:15:44.368556+00:00,2026-06-07T19:28:54.364009+00:00,"2026-06-07 19:00:00+00:00",,,0.0
110,ZEC,long,435.159819574383,438.414429160453,419.342376169449,435.625873702068,500.0,10.0,11.399,4960.38678332839,tp,37.0992946716053,0.618321577860089,0,1,2026-06-08T00:31:18.978629+00:00,2026-06-08T00:31:19.071733+00:00,"2026-06-08 00:15:00+00:00",,,0.0
111,ZEC,long,434.672262796279,433.297398893882,419.122365166515,435.262600470743,500.0,10.0,11.572,5030.02742507855,time,-15.9099250785448,-0.265165417975746,10801,0,2026-06-08T01:00:41.560493+00:00,2026-06-08T04:00:42.676973+00:00,"2026-06-08 00:45:00+00:00",,,0.0
116,ZEC,long,420.01998971279,423.186758131283,408.507907415114,423.154809533617,500.0,10.0,11.837,4971.7766182303,tp,37.485037769699,0.624750629494984,370,1,2026-06-08T12:30:41.393116+00:00,2026-06-08T12:36:52.380531+00:00,"2026-06-08 12:15:00+00:00",,,0.0
132,ZEC,long,455.000891004361,443.062794571197,442.360019039252,455.805023703053,500.0,10.0,11.089,5045.50488034736,time,-132.381551347362,-2.20635918912271,10781,0,2026-06-09T00:30:37.971210+00:00,2026-06-09T03:30:19.768315+00:00,"2026-06-09 00:15:00+00:00",,,0.0
161,ZEC,long,463.09317217215,449.142885640505,449.638549549347,464.521406464219,500.0,10.0,10.843,5021.31926586262,sl,-151.262956862619,-2.52104928104365,4399,0,2026-06-09T14:15:55.276729+00:00,2026-06-09T15:29:14.971172+00:00,"2026-06-09 14:00:00+00:00",,,0.0
171,ZEC,long,442.76193999882,428.495270281921,429.00145998938,447.625176115011,500.0,10.0,11.599,5135.59574204631,sl,-165.479102046314,-2.75798503410524,19,0,2026-06-09T15:45:41.366291+00:00,2026-06-09T15:46:00.886848+00:00,"2026-06-09 15:30:00+00:00",,,0.0
173,ZEC,long,432.200610144375,440.130287978864,418.045491299373,439.627564325053,500.0,10.0,11.355,4907.63792818938,tp,90.041491810625,1.50069153017708,0,1,2026-06-09T16:46:33.784078+00:00,2026-06-09T16:46:34.684964+00:00,"2026-06-09 16:30:00+00:00",,,0.0
177,ZEC,short,431.614916496836,429.093949974258,444.67024847152,431.105741547785,500.0,10.0,11.654,5030.04023685412,tp,29.3793438541216,0.489655730902027,0,1,2026-06-10T00:31:14.973161+00:00,2026-06-10T00:31:15.468486+00:00,"2026-06-10 00:15:00+00:00",,,0.0
182,ZEC,short,440.80788485552,437.174,454.702963699682,438.178917811306,500.0,10.0,11.439,5042.4013948623,tp,41.5680088622974,0.692800147704957,3,1,2026-06-10T01:16:08.866684+00:00,2026-06-10T01:16:12.258317+00:00,"2026-06-10 01:00:00+00:00",,,0.0
219,ZEC,short,412.072356612895,411.548815459495,422.379209516054,411.557649629026,500.0,10.0,12.122,4995.14110686151,tp,6.34636586151209,0.105772764358535,366,1,2026-06-11T00:30:34.748731+00:00,2026-06-11T00:36:41.459853+00:00,"2026-06-11 00:15:00+00:00",,,0.0
222,ZEC,short,411.608557487649,411.462240454246,421.621017388843,411.586012734611,500.0,10.0,12.152,5001.86719058991,tp,1.77804458991215,0.0296340764985358,0,1,2026-06-11T01:00:29.980406+00:00,2026-06-11T01:00:30.275013+00:00,"2026-06-11 00:45:00+00:00",,,0.0
225,ZEC,short,416.847211558228,414.921224571667,426.688904024053,415.525811440127,500.0,10.0,11.965,4987.5768862942,tp,23.0444342941995,0.384073904903325,2280,1,2026-06-11T01:30:25.969936+00:00,2026-06-11T02:08:26.737633+00:00,"2026-06-11 01:15:00+00:00",,,0.0
236,ZEC,short,432.465213880878,428.413949155494,440.082924927898,428.888070080544,500.0,10.0,11.486,4967.29544663576,tp,46.5328266357592,0.775547110595986,1551,1,2026-06-11T09:01:20.670299+00:00,2026-06-11T09:27:12.031228+00:00,"2026-06-11 08:45:00+00:00",,,0.0
244,ZEC,long,422.562206773331,427.974,414.931860959982,422.927215723463,500.0,10.0,11.682,4936.37169952606,tp,63.2205684739423,1.05367614123237,1,1,2026-06-11T13:46:06.563453+00:00,2026-06-11T13:46:08.474386+00:00,"2026-06-11 13:30:00+00:00",,,0.0
265,ZEC,short,437.188830083281,432.714778443641,447.795470749529,433.228538075335,500.0,10.0,11.347,4960.78165495499,tp,50.7670639549897,0.846117732583162,3894,1,2026-06-11T19:31:35.868630+00:00,2026-06-11T20:36:30.171608+00:00,"2026-06-11 19:15:00+00:00",,,0.0
268,ZEC,long,427.35620796572,427.772049761418,418.461871691484,427.695045576004,500.0,10.0,11.736,5015.4524566857,tp,4.88031931430489,0.0813386552384149,149,1,2026-06-12T00:30:20.287497+00:00,2026-06-12T00:32:50.075114+00:00,"2026-06-12 00:15:00+00:00",,,0.0
280,ZEC,long,428.318280082688,428.506238785605,419.712520744188,428.419455310709,500.0,10.0,11.726,5022.46015224959,tp,2.20400375040542,0.0367333958400904,3274,1,2026-06-12T01:16:02.379415+00:00,2026-06-12T02:10:36.677319+00:00,"2026-06-12 01:00:00+00:00",,,0.0
287,ZEC,long,426.42291806483,418.796050743731,419.358262583472,427.725952287037,500.0,10.0,11.765,5016.86563103273,sl,-89.7300940327275,-1.49550156721213,1892,0,2026-06-12T06:00:02.388711+00:00,2026-06-12T06:31:35.085446+00:00,"2026-06-12 05:45:00+00:00",,,0.0
294,ZEC,short,440.058573362907,436.484017957746,446.839160266163,436.571287524825,500.0,10.0,11.36,4999.06539340262,tp,40.606949402625,0.67678249004375,2160,1,2026-06-12T09:46:11.474306+00:00,2026-06-12T10:22:11.770259+00:00,"2026-06-12 09:30:00+00:00",,,0.0
297,ZEC,long,423.418106727509,431.927555661193,416.122960547582,426.310619576883,500.0,10.0,11.57,4898.94749483728,tp,98.4543241627198,1.640905402712,3,1,2026-06-12T15:00:38.674931+00:00,2026-06-12T15:00:41.861210+00:00,"2026-06-12 14:45:00+00:00",,,0.0
298,ZEC,long,423.669373808432,413.344,414.800364275888,426.451957066285,500.0,10.0,11.929,5053.95196016079,sl,-123.171384160786,-2.05285640267977,1016,0,2026-06-12T15:45:11.680341+00:00,2026-06-12T16:02:07.964849+00:00,"2026-06-12 15:30:00+00:00",,,0.0
306,ZEC,short,412.629693206525,418.604950229262,418.331238858729,412.295085244568,500.0,10.0,11.995,4949.49317001227,sl,-71.6732079877279,-1.19455346646213,4338,0,2026-06-13T00:30:01.872430+00:00,2026-06-13T01:42:20.067826+00:00,"2026-06-13 00:15:00+00:00",,,0.0
324,ZEC,short,424.215631291192,420.914949295775,431.140681620728,420.837794674729,500.0,10.0,11.715,4969.68612057632,tp,38.6674895763154,0.644458159605257,4122,1,2026-06-13T21:45:36.463866+00:00,2026-06-13T22:54:18.965186+00:00,"2026-06-13 21:30:00+00:00",,,0.0
348,ZEC,long,420.082552236754,422.098,415.534970130787,421.469859980459,500.0,10.0,11.927,5010.32460052777,tp,24.0382454722332,0.40063742453722,2823,1,2026-06-14T12:46:38.074068+00:00,2026-06-14T13:33:41.272941+00:00,"2026-06-14 12:30:00+00:00",,,0.0
