sl_loss_usdt,min_abs_slope_pct,block_body_band,block_sunday,zec_score,zec_net_pnl,zec_pf,zec_n,zec_dd,zec_wr,sol_score,sol_net_pnl,sol_pf,sol_n,sol_dd,sol_wr,combined_score,combined_net,both_profitable,pnl_spread
120.0,0.12,"(0.3, 0.6)",True,99.75,20800.69,2.394,1074,-514.32,0.6937,98.47,6417.58,1.961,480,-483.87,0.6438,99.11,27218.269999999997,True,14383.109999999999
120.0,0.15,"(0.3, 0.6)",True,99.12,19018.26,2.842,825,-354.18,0.7079,98.89,6240.12,2.944,306,-429.87,0.6732,99.005,25258.379999999997,True,12778.14
75.0,0.12,"(0.3, 0.6)",True,98.32,22539.66,2.674,1114,-382.5,0.6697,99.44,6695.5,2.076,501,-375.87,0.6108,98.88,29235.16,True,15844.16
110.0,0.12,"(0.3, 0.6)",True,98.33,20976.52,2.437,1079,-434.32,0.6886,99.1,6479.33,1.991,481,-464.09,0.6362,98.715,27455.85,True,14497.19
100.0,0.12,"(0.3, 0.6)",True,99.52,21542.41,2.524,1085,-361.0,0.6848,97.23,6173.62,1.904,489,-525.87,0.6237,98.375,27716.03,True,15368.79
70.0,0.12,"(0.3, 0.6)",True,97.82,22515.03,2.685,1115,-357.5,0.6637,98.72,6867.0,2.129,504,-415.87,0.6091,98.27,29382.03,True,15648.029999999999
82.5,0.12,"(0.3, 0.6)",True,97.98,22941.08,2.733,1105,-373.5,0.6778,98.53,6308.74,1.96,497,-420.87,0.6157,98.255,29249.82,True,16632.340000000004
120.0,0.15,"(0.3, 0.6)",False,98.8,21621.9,2.826,947,-529.19,0.7001,97.57,6926.83,2.911,346,-429.87,0.6763,98.185,28548.730000000003,True,14695.070000000002
80.0,0.12,"(0.3, 0.6)",True,97.86,23202.08,2.784,1107,-361.0,0.6775,98.5,6294.74,1.957,499,-405.87,0.6112,98.18,29496.82,True,16907.340000000004
60.0,0.12,"(0.3, 0.6)",True,96.82,22998.24,2.806,1126,-307.5,0.6554,99.48,7295.71,2.26,511,-380.25,0.6008,98.15,30293.95,True,15702.530000000002
75.0,0.15,"(0.3, 0.6)",True,97.55,20432.89,3.242,852,-256.5,0.6866,98.1,6089.63,2.898,318,-249.87,0.6447,97.82499999999999,26522.52,True,14343.259999999998
110.0,0.12,"(0.3, 0.5)",True,96.65,21480.85,2.258,1190,-478.65,0.6765,98.98,6822.28,1.984,515,-474.63,0.633,97.815,28303.129999999997,True,14658.57
85.0,0.12,"(0.3, 0.6)",True,98.12,22570.98,2.683,1101,-386.0,0.6785,97.47,6134.99,1.909,497,-435.87,0.6157,97.795,28705.97,True,16435.989999999998
95.0,0.12,"(0.3, 0.6)",True,99.04,21759.0,2.565,1088,-374.5,0.682,96.49,6180.63,1.893,495,-495.87,0.6222,97.765,27939.63,True,15578.369999999999
90.0,0.15,"(0.3, 0.6)",True,98.48,20359.03,3.204,840,-288.0,0.6988,96.99,5525.63,2.478,315,-309.87,0.6476,97.735,25884.66,True,14833.399999999998
90.0,0.12,"(0.3, 0.6)",True,98.7,22321.15,2.648,1093,-411.0,0.6807,96.75,6021.49,1.876,495,-465.87,0.6202,97.725,28342.64,True,16299.660000000002
120.0,0.12,"(0.3, 0.5)",True,97.12,21379.92,2.232,1180,-598.65,0.6822,98.32,6730.53,1.947,514,-417.87,0.6401,97.72,28110.449999999997,True,14649.39
100.0,0.15,"(0.3, 0.6)",True,99.09,19695.6,3.048,831,-256.5,0.7016,96.31,5709.26,2.547,312,-349.87,0.6506,97.7,25404.86,True,13986.339999999998
82.5,0.12,"(0.3, 0.5)",True,97.02,23805.78,2.528,1224,-378.0,0.665,98.28,6614.19,1.949,531,-354.87,0.6121,97.65,30419.969999999998,True,17191.59
65.0,0.12,"(0.3, 0.6)",True,97.03,22701.99,2.745,1119,-332.5,0.6586,98.25,7165.5,2.239,506,-385.37,0.6067,97.64,29867.49,True,15536.490000000002
100.0,0.12,"(0.3, 0.5)",True,97.84,22037.74,2.326,1198,-398.33,0.672,97.41,6513.57,1.906,522,-459.87,0.6207,97.625,28551.31,True,15524.170000000002
120.0,0.12,"(0.2, 0.5)",True,96.29,20284.47,2.3,1065,-622.65,0.6864,98.95,6299.0,2.002,465,-408.59,0.6495,97.62,26583.47,True,13985.470000000001
70.0,0.15,"(0.3, 0.6)",True,97.52,20330.26,3.23,852,-241.5,0.6808,97.61,6195.13,2.996,319,-229.87,0.6426,97.565,26525.39,True,14135.129999999997
75.0,0.12,"(0.3, 0.5)",True,97.81,23409.93,2.486,1237,-384.95,0.6556,97.25,6951.45,2.042,536,-348.0,0.6063,97.53,30361.38,True,16458.48
85.0,0.15,"(0.3, 0.6)",True,97.73,20281.71,3.196,844,-268.0,0.6943,97.13,5705.63,2.603,315,-289.87,0.6476,97.43,25987.34,True,14576.079999999998
60.0,0.12,"(0.3, 0.5)",True,96.9,23707.2,2.577,1252,-307.5,0.6398,97.81,7442.16,2.173,547,-509.25,0.596,97.355,31149.36,True,16265.04
90.0,0.15,"(0.3, 0.6)",False,98.56,22678.41,3.065,966,-346.19,0.6884,96.08,5853.84,2.317,358,-441.87,0.6425,97.32,28532.25,True,16824.57
65.0,0.15,"(0.3, 0.6)",True,96.93,20288.22,3.264,853,-226.5,0.6753,97.7,6380.13,3.186,319,-209.87,0.6426,97.315,26668.350000000002,True,13908.09
60.0,0.15,"(0.3, 0.6)",True,96.57,20398.73,3.31,856,-234.0,0.6729,98.05,6228.97,3.089,319,-229.5,0.6364,97.31,26627.7,True,14169.759999999998
65.0,0.18,,True,96.83,20724.07,3.454,835,-296.0,0.6838,97.78,4970.1,3.201,244,-170.38,0.6598,97.305,25694.17,True,15753.97
82.5,0.15,"(0.3, 0.6)",True,97.33,20595.81,3.267,846,-258.0,0.6939,97.2,5795.63,2.67,315,-279.87,0.6476,97.265,26391.440000000002,True,14800.18
110.0,0.15,"(0.3, 0.6)",True,98.23,19241.99,2.924,826,-294.18,0.7058,96.23,5927.37,2.722,308,-389.87,0.6591,97.23,25169.36,True,13314.620000000003
85.0,0.12,"(0.3, 0.5)",True,97.15,23442.69,2.49,1219,-390.5,0.6661,97.29,6430.44,1.899,531,-369.87,0.6121,97.22,29873.129999999997,True,17012.25
80.0,0.15,"(0.3, 0.6)",True,97.19,20744.31,3.313,848,-253.5,0.6934,97.13,5914.13,2.748,317,-269.87,0.6467,97.16,26658.440000000002,True,14830.18
95.0,0.15,"(0.3, 0.6)",False,98.34,22364.36,3.01,961,-371.19,0.6899,95.87,6174.98,2.415,357,-471.87,0.6499,97.105,28539.34,True,16189.380000000001
85.0,0.15,"(0.3, 0.6)",False,97.88,22582.35,3.055,970,-325.0,0.6835,96.32,6073.34,2.437,357,-407.37,0.6443,97.1,28655.69,True,16509.01
100.0,0.18,"(0.3, 0.6)",False,98.53,19356.22,3.548,707,-356.19,0.7185,95.62,4975.8,3.358,224,-180.5,0.692,97.075,24332.02,True,14380.420000000002
120.0,0.15,"(0.3, 0.5)",True,96.34,20043.8,2.69,908,-559.73,0.696,97.78,6374.38,2.833,322,-429.87,0.6708,97.06,26418.18,True,13669.419999999998
110.0,0.12,"(0.2, 0.5)",True,96.11,20750.47,2.372,1076,-535.02,0.6822,97.99,6330.75,2.026,466,-506.09,0.6416,97.05,27081.22,True,14419.720000000001
70.0,0.18,,True,97.11,20479.91,3.369,831,-316.0,0.6859,96.93,4825.1,3.008,244,-190.38,0.6598,97.02000000000001,25305.010000000002,True,15654.81
60.0,0.12,,True,95.22,26033.43,2.432,1489,-372.0,0.6293,98.79,8114.84,2.059,639,-414.75,0.5915,97.005,34148.270000000004,True,17918.59
75.0,0.12,"(0.3, 0.6)",False,98.01,25848.48,2.652,1289,-382.5,0.6625,95.96,7143.2,1.954,572,-524.37,0.6031,96.985,32991.68,True,18705.28
70.0,0.12,"(0.3, 0.5)",True,97.63,23145.39,2.468,1237,-417.45,0.6483,96.34,7147.95,2.099,539,-431.68,0.6048,96.985,30293.34,True,15997.439999999999
95.0,0.15,"(0.3, 0.6)",True,98.29,20067.98,3.137,836,-303.5,0.701,95.67,5744.77,2.542,315,-329.87,0.6508,96.98,25812.75,True,14323.21
82.5,0.12,"(0.2, 0.5)",True,96.42,22586.63,2.616,1106,-378.0,0.6691,97.51,6627.11,2.131,476,-341.09,0.6239,96.965,29213.74,True,15959.52
65.0,0.12,"(0.3, 0.5)",True,96.8,23465.15,2.531,1243,-341.95,0.6436,97.02,7336.95,2.162,542,-391.18,0.6015,96.91,30802.100000000002,True,16128.2
110.0,0.15,"(0.3, 0.6)",False,98.54,21336.89,2.799,948,-446.19,0.6951,95.26,6644.08,2.736,348,-389.87,0.6638,96.9,27980.97,True,14692.81
85.0,0.12,"(0.2, 0.5)",True,96.32,22209.53,2.567,1103,-390.5,0.67,97.47,6473.36,2.076,476,-356.09,0.6239,96.895,28682.89,True,15736.169999999998
60.0,0.12,"(0.3, 0.6)",False,96.8,26464.55,2.797,1301,-307.5,0.6495,96.97,7903.92,2.146,583,-522.87,0.5935,96.88499999999999,34368.47,True,18560.629999999997
120.0,0.12,"(0.3, 0.6)",False,98.72,24091.44,2.43,1234,-514.32,0.6896,95.01,6998.78,1.888,548,-518.37,0.6387,96.86500000000001,31090.219999999998,True,17092.66
90.0,0.15,"(0.3, 0.5)",True,97.45,21372.2,2.977,929,-332.49,0.6857,96.26,5620.89,2.389,333,-309.87,0.6426,96.855,26993.09,True,15751.310000000001
110.0,0.12,"(0.3, 0.6)",False,97.81,23885.1,2.418,1241,-539.5,0.6833,95.87,7150.53,1.935,549,-464.09,0.6321,96.84,31035.629999999997,True,16734.57
100.0,0.15,"(0.3, 0.6)",False,98.91,21911.99,2.917,956,-396.19,0.6904,94.72,6318.47,2.523,352,-349.87,0.6534,96.815,28230.460000000003,True,15593.52
120.0,0.15,"(0.3, 0.5)",False,95.91,23405.58,2.749,1044,-509.11,0.6935,97.7,7196.17,2.847,366,-429.87,0.6749,96.805,30601.75,True,16209.410000000002
90.0,0.12,"(0.2, 0.5)",True,96.88,22044.7,2.546,1095,-415.5,0.6731,96.65,6432.86,2.054,475,-386.09,0.6295,96.765,28477.56,True,15611.84
65.0,0.12,,True,95.2,25495.36,2.363,1477,-402.0,0.633,98.32,7769.5,1.997,633,-358.18,0.5956,96.75999999999999,33264.86,True,17725.86
120.0,0.09,"(0.3, 0.6)",True,99.65,21374.8,2.002,1350,-757.82,0.6704,93.83,7492.43,1.723,722,-470.99,0.6094,96.74000000000001,28867.23,True,13882.369999999999
60.0,0.18,,True,97.09,21168.87,3.594,841,-276.0,0.6861,96.35,4962.1,3.222,243,-150.38,0.6584,96.72,26130.97,True,16206.769999999999
75.0,0.15,"(0.3, 0.5)",True,96.74,21639.11,3.061,943,-263.09,0.6734,96.65,6229.89,2.796,336,-249.87,0.6399,96.695,27869.0,True,15409.220000000001
82.5,0.15,"(0.3, 0.6)",False,97.62,22941.44,3.126,972,-315.0,0.6831,95.76,6098.34,2.451,357,-392.37,0.6443,96.69,29039.78,True,16843.1
75.0,0.15,"(0.3, 0.6)",False,97.62,22988.41,3.152,979,-285.0,0.6772,95.7,6452.34,2.663,360,-347.37,0.6417,96.66,29440.75,True,16536.07
65.0,0.09,"(0.3, 0.6)",False,98.27,27310.76,2.215,1688,-483.38,0.6226,95.02,9346.28,1.773,916,-415.15,0.5633,96.645,36657.04,True,17964.479999999996
70.0,0.09,"(0.3, 0.6)",True,98.3,22897.63,2.144,1438,-630.2,0.6293,94.95,7930.75,1.771,788,-373.83,0.5698,96.625,30828.38,True,14966.880000000001
75.0,0.12,"(0.2, 0.5)",True,97.29,22249.97,2.571,1118,-456.32,0.6601,95.92,6841.37,2.212,480,-358.5,0.6167,96.605,29091.34,True,15408.600000000002
85.0,0.15,"(0.3, 0.5)",True,96.77,21405.39,2.995,934,-307.49,0.682,96.44,5815.89,2.51,333,-289.87,0.6426,96.60499999999999,27221.28,True,15589.5
60.0,0.12,"(0.2, 0.5)",True,96.72,22308.21,2.657,1128,-333.32,0.6427,96.49,7192.59,2.324,487,-542.25,0.6078,96.60499999999999,29500.8,True,15115.619999999999
120.0,0.18,"(0.3, 0.6)",False,97.95,18843.57,3.305,700,-476.19,0.7286,95.25,5189.55,3.625,224,-220.5,0.7054,96.6,24033.12,True,13654.02
90.0,0.18,"(0.3, 0.6)",False,98.61,20151.91,3.871,711,-283.5,0.7187,94.54,5065.31,3.501,225,-160.5,0.6889,96.575,25217.22,True,15086.599999999999
70.0,0.15,"(0.3, 0.5)",True,96.95,21382.07,3.017,943,-243.09,0.667,96.2,6350.39,2.896,337,-232.5,0.638,96.575,27732.46,True,15031.68
100.0,0.12,"(0.2, 0.5)",True,96.84,21058.83,2.42,1083,-455.02,0.6759,96.26,6221.85,1.991,471,-446.09,0.6327,96.55000000000001,27280.68,True,14836.980000000001
90.0,0.12,"(0.3, 0.5)",True,97.54,23164.86,2.458,1210,-415.5,0.6686,95.5,6296.94,1.862,529,-399.87,0.6163,96.52000000000001,29461.8,True,16867.920000000002
65.0,0.09,"(0.3, 0.6)",True,97.92,23791.4,2.241,1448,-564.7,0.6271,95.08,7915.36,1.775,795,-328.83,0.5648,96.5,31706.760000000002,True,15876.04
70.0,0.15,"(0.3, 0.6)",False,97.45,22905.78,3.148,979,-265.0,0.6721,95.54,6490.34,2.704,361,-424.87,0.6371,96.495,29396.12,True,16415.44
82.5,0.15,"(0.3, 0.5)",True,96.43,21758.23,3.064,936,-294.99,0.6816,96.52,5913.39,2.576,333,-279.87,0.6426,96.475,27671.62,True,15844.84
80.0,0.15,"(0.3, 0.6)",False,97.5,23134.94,3.176,974,-305.0,0.6828,95.44,6236.84,2.523,359,-377.37,0.6435,96.47,29371.78,True,16898.1
70.0,0.09,"(0.3, 0.6)",False,98.59,26264.66,2.119,1677,-553.88,0.6249,94.33,9137.67,1.744,906,-503.65,0.5662,96.46000000000001,35402.33,True,17126.989999999998
60.0,0.15,"(0.3, 0.6)",False,96.59,23066.75,3.249,983,-279.06,0.6643,96.33,6647.18,2.847,362,-321.87,0.6326,96.46000000000001,29713.93,True,16419.57
120.0,0.15,"(0.2, 0.5)",True,96.41,19177.57,2.826,813,-555.23,0.7036,96.5,5970.73,2.889,290,-462.87,0.6931,96.455,25148.3,True,13206.84
70.0,0.12,"(0.3, 0.6)",False,97.53,25878.85,2.672,1290,-357.5,0.6574,95.38,7282.2,1.991,575,-656.87,0.6,96.455,33161.049999999996,True,18596.649999999998
60.0,0.09,"(0.3, 0.6)",False,97.81,27627.16,2.244,1706,-472.88,0.6166,95.09,9442.19,1.775,928,-387.89,0.5582,96.45,37069.35,True,18184.97
120.0,0.09,"(0.3, 0.6)",False,99.53,24483.63,1.992,1565,-750.18,0.6665,93.37,8625.58,1.697,830,-493.57,0.606,96.45,33109.21,True,15858.050000000001
80.0,0.12,"(0.3, 0.5)",True,96.79,24054.34,2.573,1225,-365.5,0.6645,96.11,6525.69,1.926,534,-378.0,0.6067,96.45,30580.03,True,17528.65
60.0,0.15,"(0.3, 0.5)",True,96.08,21637.99,3.122,950,-316.22,0.66,96.78,6414.23,3.006,337,-229.5,0.632,96.43,28052.22,True,15223.760000000002
65.0,0.12,"(0.3, 0.6)",False,96.91,26130.8,2.735,1294,-332.5,0.653,95.94,7726.7,2.108,579,-573.37,0.5993,96.425,33857.5,True,18404.1
100.0,0.15,"(0.3, 0.5)",False,96.89,23633.52,2.824,1056,-385.0,0.6828,95.91,6623.31,2.51,373,-349.87,0.6515,96.4,30256.83,True,17010.21
65.0,0.15,"(0.3, 0.5)",True,96.38,21482.33,3.075,945,-226.5,0.6624,96.39,6550.39,3.08,337,-217.5,0.638,96.38499999999999,28032.72,True,14931.940000000002
95.0,0.12,"(0.2, 0.5)",True,96.73,21227.17,2.448,1087,-415.02,0.6734,96.01,6232.86,1.989,475,-416.09,0.6295,96.37,27460.03,True,14994.309999999998
80.0,0.15,"(0.3, 0.5)",True,96.26,21869.29,3.106,937,-283.09,0.6809,96.47,6039.39,2.65,335,-269.87,0.6418,96.36500000000001,27908.68,True,15829.900000000001
100.0,0.12,"(0.3, 0.6)",False,99.01,24402.08,2.468,1255,-489.5,0.6765,93.71,6697.32,1.832,557,-540.37,0.6194,96.36,31099.4,True,17704.760000000002
60.0,0.18,,False,96.92,23978.66,3.598,951,-276.0,0.6824,95.8,5400.7,3.03,276,-150.38,0.6449,96.36,29379.36,True,18577.96
100.0,0.15,"(0.3, 0.5)",True,97.42,20573.24,2.831,918,-399.73,0.6885,95.3,5879.02,2.499,329,-349.87,0.6474,96.36,26452.260000000002,True,14694.220000000001
65.0,0.15,"(0.3, 0.6)",False,96.84,22958.74,3.204,980,-245.0,0.6673,95.82,6753.34,2.887,362,-356.87,0.6381,96.33,29712.08,True,16205.400000000001
95.0,0.18,"(0.3, 0.6)",False,98.47,19757.22,3.721,709,-303.0,0.7193,94.18,4970.31,3.344,225,-170.5,0.6889,96.325,24727.530000000002,True,14786.91
100.0,0.15,"(0.2, 0.5)",True,97.73,19807.93,3.006,823,-395.23,0.6962,94.85,5506.87,2.555,295,-382.87,0.6678,96.28999999999999,25314.8,True,14301.060000000001
65.0,0.18,,False,96.7,23458.85,3.446,945,-296.0,0.6804,95.81,5383.2,2.985,276,-170.38,0.6486,96.255,28842.05,True,18075.649999999998
85.0,0.18,"(0.3, 0.6)",False,97.7,19907.85,3.791,714,-275.06,0.7115,94.75,5160.31,3.674,225,-150.5,0.6889,96.225,25068.16,True,14747.539999999997
85.0,0.18,,False,96.64,22803.29,3.232,933,-319.4,0.6924,95.8,4928.05,2.566,274,-250.38,0.6533,96.22,27731.34,True,17875.24
110.0,0.18,"(0.3, 0.6)",False,97.76,18976.98,3.4,701,-416.19,0.7247,94.67,5053.3,3.446,224,-200.5,0.6964,96.215,24030.28,True,13923.68
75.0,0.18,,True,96.49,20548.07,3.353,831,-336.0,0.6907,95.91,4759.6,2.928,243,-210.38,0.6626,96.19999999999999,25307.67,True,15788.47
90.0,0.15,"(0.2, 0.5)",True,97.79,20486.89,3.141,834,-332.49,0.693,94.58,5664.88,2.656,298,-342.87,0.6644,96.185,26151.77,True,14822.009999999998
60.0,0.15,"(0.3, 0.5)",False,96.0,25105.4,3.17,1091,-316.22,0.6563,96.35,6967.51,2.824,384,-321.87,0.6302,96.175,32072.910000000003,True,18137.89
70.0,0.18,,False,96.8,23139.7,3.345,941,-316.0,0.6823,95.54,5208.2,2.804,276,-190.38,0.6486,96.17,28347.9,True,17931.5
75.0,0.15,"(0.3, 0.5)",False,96.43,25009.02,3.084,1084,-285.0,0.6688,95.9,6727.68,2.623,382,-347.37,0.6387,96.165,31736.7,True,18281.34
90.0,0.18,,False,97.28,22812.98,3.223,928,-339.4,0.6972,95.03,4895.55,2.524,274,-270.38,0.6569,96.155,27708.53,True,17917.43
70.0,0.15,"(0.3, 0.5)",False,96.48,24766.98,3.049,1084,-265.0,0.6633,95.71,6780.68,2.67,383,-424.87,0.6345,96.095,31547.66,True,17986.3
60.0,0.09,"(0.3, 0.6)",True,97.56,23966.85,2.257,1464,-559.2,0.6216,94.61,7853.27,1.753,806,-353.1,0.5583,96.08500000000001,31820.12,True,16113.579999999998
75.0,0.12,,True,96.04,24586.97,2.261,1465,-537.32,0.641,96.05,7155.5,1.858,625,-315.0,0.6,96.045,31742.47,True,17431.47
75.0,0.18,,False,96.41,23207.85,3.332,941,-336.0,0.6865,95.64,5225.2,2.8,275,-210.38,0.6545,96.025,28433.05,True,17982.649999999998
85.0,0.12,"(0.3, 0.6)",False,98.04,25677.42,2.631,1275,-414.5,0.6706,94.0,6517.69,1.806,568,-614.37,0.6074,96.02000000000001,32195.109999999997,True,19159.73
70.0,0.12,,True,96.02,24608.44,2.275,1467,-544.82,0.6353,96.0,7447.5,1.921,629,-398.68,0.5978,96.00999999999999,32055.94,True,17160.94
75.0,0.09,"(0.3, 0.6)",True,98.48,23100.2,2.151,1432,-700.2,0.6376,93.52,7475.75,1.7,783,-357.75,0.5709,96.0,30575.95,True,15624.45
80.0,0.12,"(0.2, 0.5)",True,96.2,22832.69,2.668,1107,-365.5,0.6685,95.8,6475.61,2.086,478,-383.5,0.6172,96.0,29308.3,True,16357.079999999998
75.0,0.09,"(0.3, 0.6)",False,98.82,26312.99,2.112,1670,-628.88,0.6317,93.17,8670.17,1.682,901,-404.65,0.5683,95.995,34983.16,True,17642.82
95.0,0.15,"(0.3, 0.5)",True,97.02,20885.62,2.892,923,-359.73,0.6869,94.97,5825.03,2.44,333,-329.87,0.6456,95.995,26710.649999999998,True,15060.59
90.0,0.15,"(0.3, 0.5)",False,96.98,24520.98,2.966,1069,-345.0,0.6801,95.01,6084.18,2.279,380,-441.87,0.6395,95.995,30605.16,True,18436.8
65.0,0.15,"(0.3, 0.5)",False,96.07,24957.24,3.124,1086,-245.0,0.6593,95.9,7058.68,2.85,384,-356.87,0.6354,95.985,32015.920000000002,True,17898.56
95.0,0.12,"(0.3, 0.5)",True,97.64,22234.33,2.358,1201,-374.5,0.6686,94.25,6436.08,1.873,529,-429.87,0.6181,95.945,28670.410000000003,True,15798.250000000002
82.5,0.12,"(0.3, 0.6)",False,97.84,26107.51,2.683,1279,-402.0,0.6701,94.04,6643.94,1.835,568,-591.87,0.6074,95.94,32751.449999999997,True,19463.57
75.0,0.15,"(0.2, 0.5)",False,96.6,24355.52,3.323,977,-285.0,0.6796,95.23,6728.17,2.905,345,-380.37,0.658,95.91499999999999,31083.690000000002,True,17627.35
82.5,0.15,"(0.2, 0.5)",True,96.88,20869.92,3.244,840,-294.99,0.6893,94.95,5912.38,2.864,298,-312.87,0.6644,95.91499999999999,26782.3,True,14957.539999999997
60.0,0.15,"(0.2, 0.5)",False,96.16,24282.43,3.398,983,-316.22,0.6663,95.65,6863.01,3.074,347,-354.87,0.6484,95.905,31145.440000000002,True,17419.42
65.0,0.12,"(0.2, 0.5)",True,96.46,22180.97,2.617,1121,-413.32,0.6467,95.34,7147.87,2.338,483,-407.18,0.6128,95.9,29328.84,True,15033.100000000002
85.0,0.15,"(0.2, 0.5)",True,96.97,20427.08,3.14,838,-307.49,0.6885,94.83,5829.88,2.791,298,-322.87,0.6644,95.9,26256.960000000003,True,14597.2
60.0,0.18,"(0.3, 0.6)",False,97.19,20555.11,4.192,721,-210.06,0.7018,94.6,5200.31,3.851,225,-133.5,0.68,95.895,25755.420000000002,True,15354.8
100.0,0.18,,False,96.71,21849.75,2.994,923,-379.4,0.6977,95.06,4890.54,2.522,272,-313.76,0.6618,95.88499999999999,26740.29,True,16959.21
85.0,0.15,"(0.3, 0.5)",False,96.47,24530.41,2.978,1074,-325.0,0.676,95.3,6318.68,2.397,379,-407.37,0.6412,95.88499999999999,30849.09,True,18211.73
110.0,0.15,"(0.3, 0.5)",False,96.29,23042.92,2.719,1047,-425.0,0.6877,95.45,6928.92,2.697,369,-389.87,0.6612,95.87,29971.839999999997,True,16113.999999999998
80.0,0.15,"(0.2, 0.5)",True,96.65,20988.48,3.297,841,-283.09,0.6885,95.07,5990.38,2.936,299,-302.87,0.6622,95.86,26978.86,True,14998.099999999999
70.0,0.15,,True,96.11,23183.16,2.801,1117,-323.96,0.6562,95.6,6569.64,2.526,394,-240.03,0.6244,95.85499999999999,29752.8,True,16613.52
75.0,0.18,"(0.3, 0.6)",False,97.26,20106.87,3.845,720,-252.0,0.7056,94.4,5275.31,3.907,225,-130.5,0.6889,95.83000000000001,25382.18,True,14831.559999999998
110.0,0.09,"(0.3, 0.6)",False,99.55,24396.07,1.994,1579,-806.97,0.6593,92.11,8224.85,1.652,838,-762.57,0.5955,95.83,32620.92,True,16171.22
70.0,0.12,"(0.2, 0.5)",True,97.09,21907.01,2.544,1118,-488.82,0.6521,94.57,7014.87,2.282,482,-447.18,0.6141,95.83,28921.879999999997,True,14892.14
80.0,0.18,,False,96.26,23198.38,3.323,937,-299.4,0.6905,95.39,5060.2,2.65,275,-230.38,0.6545,95.825,28258.58,True,18138.18
75.0,0.15,,True,95.67,23379.69,2.822,1116,-358.96,0.6622,95.98,6393.64,2.427,392,-270.03,0.6276,95.825,29773.329999999998,True,16986.05
75.0,0.15,"(0.2, 0.5)",True,96.99,20840.0,3.257,846,-263.09,0.682,94.65,6150.88,3.096,300,-282.87,0.66,95.82,26990.88,True,14689.119999999999
70.0,0.15,"(0.2, 0.5)",False,96.6,24040.06,3.271,977,-317.34,0.6735,95.02,6746.17,2.939,346,-457.87,0.6532,95.81,30786.230000000003,True,17293.89
110.0,0.09,"(0.3, 0.6)",True,99.61,21706.91,2.04,1362,-843.28,0.6645,92.0,6999.87,1.65,730,-702.57,0.5986,95.805,28706.78,True,14707.04
100.0,0.18,"(0.3, 0.5)",False,97.55,20550.92,3.325,787,-360.69,0.7065,94.05,5043.3,3.162,236,-185.0,0.6864,95.8,25594.219999999998,True,15507.619999999999
65.0,0.18,"(0.3, 0.6)",False,97.11,20313.1,4.045,720,-240.06,0.7,94.49,5307.81,4.034,225,-139.0,0.6844,95.8,25620.91,True,15005.289999999997
95.0,0.15,"(0.2, 0.5)",True,97.26,20060.31,3.06,828,-357.49,0.6944,94.31,5499.88,2.534,298,-362.87,0.6644,95.785,25560.190000000002,True,14560.43
100.0,0.15,"(0.2, 0.5)",False,97.08,22984.32,3.022,952,-385.0,0.6922,94.48,6251.16,2.561,339,-382.87,0.6696,95.78,29235.48,True,16733.16
70.0,0.18,"(0.3, 0.6)",False,97.36,20213.12,3.932,720,-270.06,0.7028,94.2,5197.81,3.795,225,-149.0,0.6844,95.78,25410.93,True,15015.309999999998
60.0,0.12,,False,95.06,30653.03,2.47,1721,-372.0,0.6287,96.48,8822.09,1.972,735,-415.18,0.581,95.77000000000001,39475.119999999995,True,21830.94
110.0,0.15,"(0.3, 0.5)",True,96.31,20094.13,2.724,912,-479.73,0.693,95.2,6077.13,2.645,325,-389.87,0.6554,95.755,26171.260000000002,True,14017.0
60.0,0.15,"(0.2, 0.5)",True,96.56,20714.41,3.311,852,-316.22,0.6678,94.95,6245.22,3.269,301,-229.5,0.6512,95.755,26959.63,True,14469.189999999999
65.0,0.15,,True,95.65,23457.59,2.859,1123,-300.5,0.6527,95.82,6829.64,2.688,394,-217.5,0.6244,95.735,30287.23,True,16627.95
82.5,0.18,,False,96.29,23142.38,3.305,935,-309.4,0.692,95.14,4977.7,2.58,275,-240.38,0.6545,95.715,28120.08,True,18164.68
70.0,0.15,"(0.2, 0.5)",True,97.16,20524.54,3.198,846,-243.09,0.6749,94.27,6241.38,3.195,301,-262.87,0.6578,95.715,26765.920000000002,True,14283.16
100.0,0.18,,True,96.9,19429.09,3.026,815,-329.74,0.7031,94.52,4502.09,2.634,241,-313.76,0.6722,95.71000000000001,23931.18,True,14927.0
65.0,0.15,"(0.2, 0.5)",False,96.18,24153.01,3.35,978,-287.34,0.6687,95.22,6989.17,3.137,347,-389.87,0.6542,95.7,31142.18,True,17163.839999999997
110.0,0.15,"(0.2, 0.5)",True,96.69,19463.07,2.913,818,-475.23,0.7017,94.71,5767.98,2.757,292,-422.87,0.6781,95.69999999999999,25231.05,True,13695.09
95.0,0.15,"(0.3, 0.5)",False,96.54,24020.89,2.894,1061,-365.0,0.6814,94.85,6390.32,2.363,379,-471.87,0.6464,95.695,30411.21,True,17630.57
60.0,0.12,"(0.3, 0.5)",False,96.05,28041.85,2.646,1446,-354.0,0.6376,95.32,8100.74,2.075,627,-509.25,0.5869,95.685,36142.59,True,19941.11
60.0,0.15,,False,95.46,27811.87,2.993,1297,-315.46,0.6515,95.91,7316.45,2.523,449,-280.71,0.6125,95.685,35128.32,True,20495.42
80.0,0.12,"(0.3, 0.6)",False,97.74,26428.51,2.736,1281,-389.5,0.6698,93.61,6667.44,1.842,570,-569.37,0.6035,95.675,33095.95,True,19761.07
60.0,0.18,"(0.2, 0.5)",False,96.99,21157.23,4.07,747,-252.84,0.6934,94.36,5166.63,3.868,218,-133.5,0.6927,95.675,26323.86,True,15990.599999999999
75.0,0.15,,False,95.69,27065.67,2.836,1282,-358.96,0.6615,95.66,6715.99,2.241,445,-336.21,0.6202,95.675,33781.659999999996,True,20349.68
110.0,0.15,"(0.2, 0.5)",False,96.29,22547.97,2.931,944,-425.0,0.6981,95.04,6619.77,2.803,336,-422.87,0.6815,95.665,29167.74,True,15928.2
70.0,0.15,,False,95.84,26909.13,2.825,1283,-323.96,0.6563,95.48,6839.49,2.302,447,-403.71,0.6152,95.66,33748.62,True,20069.64
60.0,0.15,,True,95.44,23957.9,2.956,1130,-315.46,0.6522,95.88,6898.11,2.737,394,-202.5,0.6218,95.66,30856.010000000002,True,17059.79
65.0,0.15,,False,95.56,27294.07,2.899,1290,-300.5,0.6527,95.75,7192.49,2.458,448,-325.71,0.6161,95.655,34486.56,True,20101.58
90.0,0.18,"(0.3, 0.5)",False,97.89,21414.15,3.596,792,-288.0,0.7058,93.41,5152.81,3.313,237,-165.0,0.6835,95.65,26566.960000000003,True,16261.34
85.0,0.15,,False,95.27,26196.57,2.694,1271,-424.46,0.6664,96.01,6100.34,2.027,442,-416.21,0.6199,95.64,32296.91,True,20096.23
82.5,0.18,"(0.3, 0.6)",False,97.27,20166.94,3.866,716,-262.56,0.7109,94.01,5125.31,3.608,225,-145.5,0.6889,95.64,25292.25,True,15041.629999999997
65.0,0.15,"(0.2, 0.5)",True,96.73,20562.5,3.259,847,-226.5,0.6694,94.54,6411.38,3.398,301,-242.87,0.6578,95.635,26973.88,True,14151.119999999999
80.0,0.18,,True,96.13,20716.47,3.383,829,-270.68,0.696,95.11,4619.6,2.771,243,-230.38,0.6626,95.62,25336.07,True,16096.87
120.0,0.15,"(0.2, 0.5)",False,95.89,22537.96,2.897,940,-498.0,0.7021,95.35,6792.52,2.898,334,-462.87,0.6946,95.62,29330.48,True,15745.439999999999
120.0,0.18,"(0.3, 0.6)",True,97.72,16915.11,3.385,619,-476.19,0.7367,93.51,4754.09,3.802,199,-202.26,0.7136,95.61500000000001,21669.2,True,12161.02
90.0,0.18,,True,97.54,20272.32,3.248,820,-289.74,0.7024,93.65,4467.1,2.599,243,-270.38,0.6667,95.595,24739.42,True,15805.22
95.0,0.12,"(0.3, 0.6)",False,98.67,24728.67,2.518,1258,-464.5,0.6741,92.4,6560.33,1.791,565,-704.37,0.6159,95.535,31289.0,True,18168.339999999997
70.0,0.09,"(0.3, 0.5)",True,97.31,23263.01,1.996,1593,-830.23,0.6164,93.76,7994.32,1.716,837,-446.51,0.5675,95.535,31257.329999999998,True,15268.689999999999
80.0,0.18,"(0.3, 0.6)",False,96.91,20222.94,3.897,718,-253.5,0.7089,94.15,5175.31,3.703,225,-140.5,0.6889,95.53,25398.25,True,15047.629999999997
85.0,0.18,,True,96.73,20306.38,3.271,825,-273.0,0.6982,94.3,4479.6,2.63,243,-250.38,0.6626,95.515,24785.980000000003,True,15826.78
82.5,0.18,,True,96.32,20612.97,3.343,827,-283.18,0.6977,94.71,4549.6,2.698,243,-240.38,0.6626,95.51499999999999,25162.57,True,16063.37
65.0,0.18,"(0.2, 0.5)",False,96.77,20935.07,3.954,744,-282.84,0.6922,94.25,5274.13,4.054,218,-139.0,0.6972,95.50999999999999,26209.2,True,15660.939999999999
85.0,0.15,,True,95.32,22753.47,2.695,1107,-424.46,0.6685,95.69,5855.14,2.174,390,-330.03,0.6282,95.505,28608.61,True,16898.33
90.0,0.15,,True,95.9,22538.3,2.652,1100,-454.96,0.6718,95.11,5727.64,2.113,390,-360.03,0.6308,95.505,28265.94,True,16810.66
100.0,0.18,"(0.3, 0.6)",True,98.13,17514.25,3.711,624,-356.19,0.7292,92.87,4637.84,3.627,199,-142.26,0.7035,95.5,22152.09,True,12876.41
90.0,0.12,"(0.3, 0.6)",False,98.59,25343.82,2.594,1264,-439.5,0.6733,92.41,6334.19,1.765,566,-659.37,0.6113,95.5,31678.01,True,19009.63
82.5,0.15,"(0.3, 0.5)",False,96.18,24925.76,3.048,1076,-315.0,0.6757,94.77,6351.18,2.415,379,-392.37,0.6412,95.475,31276.94,True,18574.579999999998
95.0,0.18,,False,96.97,22268.25,3.107,925,-359.4,0.6973,93.94,4935.05,2.555,273,-290.38,0.6593,95.455,27203.3,True,17333.2
80.0,0.15,,True,95.13,23474.88,2.826,1110,-389.46,0.6685,95.78,6138.64,2.296,392,-300.03,0.6276,95.455,29613.52,True,17336.24
80.0,0.15,"(0.3, 0.5)",False,96.04,25079.32,3.094,1077,-305.0,0.675,94.83,6497.18,2.485,381,-377.37,0.6404,95.435,31576.5,True,18582.14
82.5,0.15,,True,95.05,23209.31,2.763,1110,-406.96,0.6685,95.8,5982.64,2.231,390,-315.03,0.6282,95.425,29191.95,True,17226.670000000002
95.0,0.18,"(0.3, 0.5)",False,97.69,20874.42,3.442,789,-307.5,0.706,93.14,5047.81,3.164,237,-175.0,0.6835,95.41499999999999,25922.23,True,15826.609999999997
65.0,0.09,"(0.3, 0.5)",True,97.07,24317.58,2.084,1606,-704.73,0.6146,93.75,7940.7,1.711,847,-375.07,0.562,95.41,32258.280000000002,True,16376.880000000001
70.0,0.18,"(0.2, 0.5)",False,96.86,20737.59,3.799,744,-312.84,0.6949,93.95,5164.13,3.811,218,-149.0,0.6972,95.405,25901.72,True,15573.46
100.0,0.12,,True,94.76,22308.56,2.066,1412,-491.95,0.6565,96.03,7084.55,1.83,606,-400.29,0.6205,95.39500000000001,29393.11,True,15224.010000000002
60.0,0.18,"(0.3, 0.5)",False,97.02,21888.64,3.893,806,-251.72,0.6873,93.72,5347.81,3.719,237,-133.5,0.6751,95.37,27236.45,True,16540.829999999998
75.0,0.18,"(0.2, 0.5)",False,96.57,20845.75,3.809,744,-267.84,0.6989,94.16,5241.63,3.924,218,-130.5,0.7018,95.365,26087.38,True,15604.119999999999
85.0,0.18,"(0.3, 0.5)",False,97.07,21263.08,3.562,796,-281.4,0.6997,93.66,5257.81,3.477,237,-155.0,0.6835,95.365,26520.890000000003,True,16005.27
80.0,0.09,"(0.3, 0.6)",True,99.02,23533.87,2.197,1416,-479.16,0.6455,91.54,6787.74,1.606,776,-394.15,0.5709,95.28,30321.61,True,16746.129999999997
80.0,0.15,,False,95.2,26942.97,2.812,1274,-389.46,0.6664,95.36,6405.99,2.12,445,-376.21,0.6202,95.28,33348.96,True,20536.980000000003
80.0,0.09,"(0.3, 0.6)",False,99.42,26748.28,2.153,1651,-412.85,0.6396,91.1,7795.55,1.584,893,-454.65,0.5677,95.25999999999999,34543.83,True,18952.73
100.0,0.18,"(0.2, 0.5)",False,96.95,19945.02,3.481,729,-322.5,0.7133,93.55,4842.12,3.213,217,-225.76,0.7051,95.25,24787.14,True,15102.900000000001
90.0,0.18,"(0.2, 0.5)",False,97.44,20738.24,3.758,734,-288.0,0.7125,93.05,4941.63,3.362,218,-160.5,0.7018,95.245,25679.870000000003,True,15796.61
120.0,0.18,,True,96.08,19020.04,2.871,806,-432.65,0.7122,94.36,4558.34,2.66,241,-413.76,0.6805,95.22,23578.38,True,14461.7
65.0,0.18,"(0.3, 0.5)",False,96.81,21618.98,3.769,803,-240.06,0.6862,93.59,5445.31,3.863,237,-139.0,0.6793,95.2,27064.29,True,16173.669999999998
82.5,0.15,"(0.2, 0.5)",False,96.35,24205.56,3.272,970,-315.0,0.6856,94.03,6437.17,2.684,343,-425.37,0.6618,95.19,30642.730000000003,True,17768.39
95.0,0.12,,True,94.38,22600.65,2.098,1416,-518.45,0.6532,95.96,7136.06,1.834,611,-374.0,0.6187,95.16999999999999,29736.710000000003,True,15464.59
82.5,0.15,,False,95.02,26704.91,2.762,1274,-406.96,0.6664,95.32,6222.49,2.06,443,-396.21,0.6208,95.16999999999999,32927.4,True,20482.42
70.0,0.18,"(0.3, 0.5)",False,97.05,21444.0,3.645,803,-270.06,0.6887,93.25,5325.31,3.634,237,-149.0,0.6793,95.15,26769.31,True,16118.689999999999
90.0,0.15,,False,95.67,25985.14,2.656,1264,-454.96,0.6701,94.63,5918.34,1.961,443,-460.71,0.6208,95.15,31903.48,True,20066.8
95.0,0.18,,True,97.19,19787.59,3.136,817,-309.74,0.7026,93.1,4526.6,2.655,242,-290.38,0.6694,95.145,24314.190000000002,True,15260.99
110.0,0.18,,False,96.36,21514.51,2.916,915,-419.4,0.7038,93.92,4978.04,2.576,272,-363.76,0.6654,95.14,26492.55,True,16536.469999999998
75.0,0.18,"(0.3, 0.6)",True,96.63,18033.78,3.955,636,-252.0,0.7154,93.65,4937.35,4.359,200,-106.1,0.7,95.14,22971.129999999997,True,13096.429999999998
82.5,0.18,"(0.2, 0.5)",False,96.51,20910.78,3.821,739,-309.19,0.7064,93.76,5091.63,3.621,218,-145.5,0.7018,95.135,26002.41,True,15819.149999999998
85.0,0.15,"(0.2, 0.5)",False,96.4,23727.72,3.17,968,-325.0,0.6849,93.86,6337.17,2.616,343,-440.37,0.6618,95.13,30064.89,True,17390.550000000003
65.0,0.18,"(0.3, 0.6)",True,96.68,18195.01,4.164,636,-222.0,0.7091,93.57,5032.35,4.66,200,-139.0,0.7,95.125,23227.36,True,13162.659999999998
85.0,0.18,"(0.2, 0.5)",False,96.61,20519.18,3.698,737,-324.19,0.7056,93.63,5041.63,3.53,218,-150.5,0.7018,95.12,25560.81,True,15477.55
60.0,0.09,"(0.3, 0.5)",True,96.97,24356.09,2.09,1626,-715.2,0.6076,93.26,7940.61,1.697,862,-536.23,0.5557,95.11500000000001,32296.7,True,16415.48
82.5,0.09,"(0.3, 0.6)",True,99.02,23751.27,2.214,1410,-504.16,0.6482,91.21,6629.03,1.592,767,-416.65,0.5724,95.115,30380.3,True,17122.24
80.0,0.15,"(0.2, 0.5)",False,96.06,24359.12,3.329,971,-305.0,0.6849,94.16,6532.67,2.753,344,-410.37,0.6599,95.11,30891.79,True,17826.449999999997
120.0,0.18,,False,95.77,21487.19,2.866,912,-459.4,0.7083,94.44,5024.29,2.59,272,-413.76,0.6728,95.10499999999999,26511.48,True,16462.899999999998
75.0,0.18,"(0.3, 0.5)",False,96.76,21509.65,3.636,803,-252.0,0.6924,93.42,5392.81,3.713,237,-135.0,0.6835,95.09,26902.460000000003,True,16116.84
82.5,0.12,,True,94.66,24624.33,2.253,1450,-465.0,0.649,95.45,6867.39,1.796,620,-324.0,0.6065,95.055,31491.72,True,17756.940000000002
82.5,0.09,"(0.3, 0.6)",False,99.5,26943.79,2.166,1643,-460.5,0.6421,90.6,7541.34,1.562,883,-479.65,0.5685,95.05,34485.130000000005,True,19402.45
90.0,0.18,"(0.3, 0.6)",True,98.26,18209.95,4.043,628,-283.5,0.7293,91.82,4697.35,3.747,200,-136.1,0.7,95.03999999999999,22907.300000000003,True,13512.6
60.0,0.12,"(0.2, 0.5)",False,95.95,26717.98,2.76,1305,-354.0,0.6437,94.12,8123.89,2.255,561,-542.25,0.6025,95.035,34841.87,True,18594.09
70.0,0.18,"(0.3, 0.6)",True,96.97,18155.03,4.069,636,-237.0,0.7123,93.05,4947.35,4.389,200,-149.0,0.7,95.00999999999999,23102.379999999997,True,13207.679999999998
60.0,0.18,"(0.3, 0.6)",True,96.89,18377.02,4.294,637,-207.0,0.7111,93.11,4899.85,4.323,200,-129.0,0.695,95.0,23276.870000000003,True,13477.17
80.0,0.18,"(0.2, 0.5)",False,96.09,21016.78,3.877,741,-294.19,0.7045,93.9,5141.63,3.717,218,-140.5,0.7018,94.995,26158.41,True,15875.149999999998
65.0,0.12,"(0.3, 0.5)",False,95.8,27864.79,2.607,1437,-384.0,0.6423,94.17,7943.53,2.046,623,-507.37,0.5923,94.985,35808.32,True,19921.260000000002
90.0,0.12,,True,94.93,23603.65,2.164,1432,-510.0,0.6522,95.02,6772.92,1.777,613,-354.0,0.615,94.975,30376.57,True,16830.730000000003
100.0,0.09,"(0.3, 0.6)",False,99.73,25349.53,2.053,1599,-686.97,0.6548,90.17,7510.14,1.557,857,-725.59,0.5811,94.95,32859.67,True,17839.39
70.0,0.09,"(0.2, 0.5)",True,96.72,22444.12,2.097,1427,-893.1,0.623,93.17,8115.95,1.855,749,-520.01,0.5768,94.945,30560.07,True,14328.169999999998
85.0,0.09,"(0.3, 0.6)",False,99.82,26565.97,2.137,1636,-475.5,0.6436,90.07,7324.59,1.538,882,-504.65,0.568,94.945,33890.56,True,19241.38
95.0,0.15,"(0.2, 0.5)",False,96.69,23301.7,3.087,957,-365.0,0.6907,93.2,6065.17,2.435,344,-504.87,0.6628,94.945,29366.870000000003,True,17236.53
100.0,0.15,,False,95.39,25238.1,2.591,1244,-444.46,0.6752,94.45,6521.97,2.14,435,-348.53,0.6322,94.92,31760.07,True,18716.129999999997
120.0,0.18,"(0.3, 0.5)",False,96.33,20370.36,3.199,778,-480.69,0.7185,93.49,5217.05,3.33,236,-225.0,0.6992,94.91,25587.41,True,15153.310000000001
82.5,0.18,"(0.3, 0.5)",False,96.79,21552.18,3.636,798,-266.4,0.6992,92.96,5227.81,3.429,237,-150.0,0.6835,94.875,26779.99,True,16324.369999999999
85.0,0.09,"(0.3, 0.6)",True,99.44,23468.45,2.19,1403,-529.16,0.65,90.26,6302.28,1.548,766,-439.15,0.5718,94.85,29770.73,True,17166.170000000002
80.0,0.12,,True,94.78,25100.39,2.309,1451,-450.0,0.6492,94.91,6742.73,1.771,624,-345.0,0.601,94.845,31843.12,True,18357.66
110.0,0.18,,True,96.29,19322.84,2.982,810,-372.65,0.7099,93.35,4482.09,2.615,241,-363.76,0.6722,94.82,23804.93,True,14840.75
100.0,0.09,"(0.3, 0.6)",True,99.67,22360.52,2.096,1373,-733.28,0.6606,89.93,6306.05,1.545,748,-612.57,0.5829,94.80000000000001,28666.57,True,16054.470000000001
95.0,0.15,,False,94.85,25655.98,2.648,1250,-480.96,0.6736,94.75,6348.99,2.065,441,-500.71,0.6281,94.8,32004.97,True,19306.989999999998
75.0,0.09,"(0.3, 0.5)",True,97.17,23472.35,2.006,1586,-847.73,0.6248,92.42,7488.82,1.645,831,-358.01,0.5692,94.795,30961.17,True,15983.529999999999
85.0,0.18,"(0.3, 0.6)",True,97.14,18019.63,3.975,631,-268.5,0.7227,92.44,4777.35,3.931,200,-126.1,0.7,94.78999999999999,22796.980000000003,True,13242.28
100.0,0.15,,True,95.92,21815.25,2.578,1083,-458.3,0.6768,93.64,6080.28,2.233,385,-420.03,0.6364,94.78,27895.53,True,15734.970000000001
120.0,0.15,,True,95.03,21165.87,2.456,1070,-598.3,0.6841,94.52,6358.14,2.362,378,-448.53,0.6534,94.775,27524.01,True,14807.73
120.0,0.18,"(0.2, 0.5)",False,95.79,19904.46,3.39,720,-382.5,0.7264,93.75,5035.87,3.428,217,-236.76,0.7189,94.77000000000001,24940.329999999998,True,14868.59
110.0,0.18,"(0.3, 0.5)",False,96.56,20181.18,3.206,780,-420.69,0.7128,92.94,5100.8,3.21,236,-205.0,0.6907,94.75,25281.98,True,15080.380000000001
90.0,0.09,"(0.3, 0.6)",False,99.78,26120.77,2.106,1619,-571.47,0.6479,89.69,7211.21,1.523,878,-554.65,0.5729,94.735,33331.98,True,18909.56
80.0,0.18,"(0.3, 0.6)",True,96.41,18279.73,4.067,635,-253.5,0.7197,93.05,4857.35,4.134,200,-116.1,0.7,94.72999999999999,23137.08,True,13422.38
95.0,0.18,"(0.2, 0.5)",False,97.21,20233.52,3.599,731,-307.5,0.7127,92.25,4841.63,3.208,218,-170.5,0.7018,94.72999999999999,25075.15,True,15391.89
65.0,0.18,"(0.3, 0.5)",True,96.98,19092.49,3.778,709,-222.0,0.6925,92.45,5063.27,4.315,210,-139.0,0.6905,94.715,24155.760000000002,True,14029.220000000001
82.5,0.18,"(0.3, 0.6)",True,96.68,18251.23,4.047,633,-261.0,0.722,92.74,4817.35,4.03,200,-121.1,0.7,94.71000000000001,23068.58,True,13433.88
80.0,0.18,"(0.3, 0.5)",False,96.31,21638.18,3.675,800,-258.0,0.6975,93.11,5282.81,3.519,237,-145.0,0.6835,94.71000000000001,26920.99,True,16355.369999999999
95.0,0.09,"(0.3, 0.6)",False,99.76,25916.74,2.098,1607,-626.97,0.6515,89.65,7234.65,1.525,868,-613.29,0.5749,94.70500000000001,33151.39,True,18682.090000000004
90.0,0.15,"(0.2, 0.5)",False,96.91,23826.28,3.18,964,-345.0,0.6898,92.47,6132.67,2.486,344,-474.87,0.6599,94.69,29958.949999999997,True,17693.61
110.0,0.18,"(0.3, 0.6)",True,97.36,17344.0,3.597,621,-416.19,0.7359,92.01,4597.84,3.547,199,-172.26,0.7035,94.685,21941.84,True,12746.16
85.0,0.12,,True,94.54,24122.73,2.212,1443,-480.0,0.65,94.76,6693.67,1.763,618,-334.0,0.6068,94.65,30816.4,True,17429.059999999998
60.0,0.18,"(0.3, 0.5)",True,97.08,19302.15,3.884,712,-251.72,0.6938,92.21,4940.77,4.056,210,-129.0,0.6857,94.645,24242.920000000002,True,14361.380000000001
95.0,0.09,"(0.3, 0.6)",True,99.7,22767.23,2.134,1380,-678.28,0.6572,89.58,6144.56,1.522,757,-529.15,0.5773,94.64,28911.79,True,16622.67
95.0,0.18,"(0.3, 0.6)",True,98.05,17865.25,3.893,626,-303.0,0.73,91.2,4617.35,3.58,200,-146.1,0.7,94.625,22482.6,True,13247.9
100.0,0.21,,False,99.35,17986.32,3.479,660,-418.0,0.7121,89.89,3555.37,2.924,171,-335.45,0.6784,94.62,21541.69,True,14430.95
70.0,0.18,"(0.3, 0.5)",True,97.26,18977.51,3.668,709,-237.0,0.6953,91.97,4968.27,4.062,210,-149.0,0.6905,94.61500000000001,23945.78,True,14009.239999999998
75.0,0.09,"(0.2, 0.5)",True,96.74,22533.99,2.099,1419,-905.6,0.6307,92.47,7673.45,1.775,744,-416.51,0.5793,94.60499999999999,30207.440000000002,True,14860.54
75.0,0.18,"(0.3, 0.5)",True,96.71,19028.17,3.649,709,-252.0,0.6996,92.48,4948.27,4.013,210,-106.1,0.6905,94.595,23976.44,True,14079.899999999998
65.0,0.12,,False,94.78,30129.95,2.407,1709,-402.0,0.6331,94.37,8400.0,1.903,728,-468.68,0.5852,94.575,38529.95,True,21729.95
90.0,0.09,"(0.3, 0.6)",True,99.73,23177.02,2.165,1389,-627.78,0.6544,89.41,6010.28,1.511,762,-484.15,0.5748,94.57,29187.3,True,17166.74
60.0,0.09,"(0.3, 0.5)",False,97.24,28299.8,2.092,1893,-628.88,0.6027,91.79,9103.17,1.675,996,-540.73,0.5502,94.515,37402.97,True,19196.629999999997
120.0,0.15,,False,94.59,24797.22,2.508,1228,-605.11,0.6849,94.38,6974.84,2.304,428,-448.53,0.6519,94.485,31772.06,True,17822.38
75.0,0.12,"(0.3, 0.5)",False,96.39,27699.57,2.55,1431,-444.0,0.6527,92.58,7439.03,1.926,614,-483.0,0.5977,94.485,35138.6,True,20260.54
110.0,0.12,"(0.3, 0.5)",False,95.11,25471.1,2.325,1370,-478.65,0.6752,93.83,7465.36,1.914,589,-553.63,0.6265,94.47,32936.46,True,18005.739999999998
70.0,0.21,,True,98.4,16938.05,4.069,590,-302.5,0.7068,90.51,3784.64,4.176,154,-215.45,0.6948,94.45500000000001,20722.69,True,13153.41
65.0,0.21,,True,97.91,17117.76,4.22,592,-282.5,0.7044,90.95,3854.64,4.437,154,-195.45,0.6948,94.43,20972.399999999998,True,13263.119999999999
70.0,0.12,"(0.3, 0.5)",False,96.16,27485.03,2.541,1431,-414.0,0.6464,92.67,7603.53,1.967,618,-590.87,0.5939,94.41499999999999,35088.56,True,19881.5
110.0,0.18,"(0.2, 0.5)",False,96.02,19645.28,3.373,722,-361.15,0.7202,92.79,4909.62,3.28,217,-200.5,0.7097,94.405,24554.899999999998,True,14735.66
100.0,0.21,,True,98.91,15991.2,3.569,578,-322.5,0.7215,89.89,3465.13,3.299,153,-335.45,0.6993,94.4,19456.33,True,12526.07
65.0,0.21,,False,98.89,19247.12,4.089,675,-282.5,0.6963,89.89,3882.38,3.603,172,-195.45,0.6686,94.39,23129.5,True,15364.739999999998
75.0,0.09,"(0.3, 0.5)",False,97.54,27159.94,1.999,1847,-776.42,0.6199,91.24,8265.87,1.591,959,-481.93,0.562,94.39,35425.81,True,18894.07
65.0,0.09,"(0.2, 0.5)",True,96.44,23265.39,2.183,1437,-772.6,0.62,92.31,7900.33,1.823,755,-479.24,0.5709,94.375,31165.72,True,15365.06
110.0,0.12,,True,93.08,21584.7,2.007,1400,-654.92,0.6607,95.62,7074.95,1.831,599,-451.32,0.6277,94.35,28659.65,True,14509.75
60.0,0.09,"(0.2, 0.5)",True,96.81,23298.61,2.19,1453,-778.6,0.6132,91.86,7766.74,1.783,768,-500.23,0.5638,94.33500000000001,31065.35,True,15531.87
75.0,0.12,"(0.2, 0.5)",False,95.97,26674.75,2.674,1295,-444.0,0.6602,92.68,7627.17,2.116,553,-493.5,0.6112,94.325,34301.92,True,19047.58
95.0,0.15,,True,95.26,22143.13,2.627,1089,-480.96,0.6749,93.38,6071.29,2.212,389,-390.03,0.635,94.32,28214.420000000002,True,16071.84
120.0,0.12,"(0.3, 0.5)",False,95.44,25719.75,2.342,1358,-598.65,0.6826,93.2,7273.61,1.861,588,-504.88,0.6327,94.32,32993.36,True,18446.14
60.0,0.21,,False,99.15,19478.26,4.226,678,-262.5,0.6962,89.46,3912.88,3.678,173,-175.45,0.6647,94.305,23391.14,True,15565.379999999997
82.5,0.12,"(0.2, 0.5)",False,95.56,26906.53,2.701,1282,-489.0,0.6685,93.04,7307.91,2.021,549,-432.0,0.6175,94.30000000000001,34214.44,True,19598.62
65.0,0.12,"(0.2, 0.5)",False,95.6,26675.74,2.73,1298,-384.0,0.6487,93.0,8037.17,2.244,558,-517.68,0.6075,94.3,34712.91,True,18638.57
100.0,0.21,"(0.3, 0.6)",True,99.76,14133.6,4.27,446,-342.25,0.7399,88.83,3303.65,4.124,126,-279.76,0.7222,94.295,17437.25,True,10829.95
100.0,0.18,"(0.3, 0.5)",True,97.44,18300.57,3.379,694,-360.69,0.7147,91.15,4598.76,3.313,209,-142.26,0.6938,94.295,22899.33,True,13701.81
70.0,0.09,"(0.3, 0.5)",False,97.42,27119.84,2.003,1855,-753.92,0.6129,91.15,8794.87,1.652,967,-547.51,0.5584,94.285,35914.71,True,18324.97
60.0,0.21,,True,98.08,17288.9,4.336,595,-262.5,0.7042,90.32,3864.64,4.477,154,-175.45,0.6948,94.19999999999999,21153.54,True,13424.260000000002
110.0,0.21,,False,99.36,17718.07,3.349,656,-461.71,0.718,89.02,3542.87,2.872,171,-375.45,0.6842,94.19,21260.94,True,14175.2
65.0,0.18,"(0.2, 0.5)",True,96.87,18405.87,3.954,655,-222.0,0.6977,91.46,4822.59,4.391,192,-139.0,0.7083,94.16499999999999,23228.46,True,13583.279999999999
100.0,0.21,"(0.3, 0.6)",False,99.73,15722.5,4.006,512,-418.0,0.7266,88.55,3314.28,3.378,141,-279.76,0.695,94.14,19036.78,True,12408.22
110.0,0.12,"(0.2, 0.5)",False,95.01,24940.87,2.476,1242,-461.52,0.6836,93.23,7227.55,1.992,536,-506.09,0.6381,94.12,32168.42,True,17713.32
80.0,0.18,"(0.3, 0.5)",True,96.42,19286.58,3.733,707,-258.0,0.7058,91.77,4858.27,3.804,210,-116.1,0.6905,94.095,24144.850000000002,True,14428.310000000001
90.0,0.18,"(0.3, 0.5)",True,97.85,19063.79,3.648,699,-288.0,0.7139,90.31,4678.27,3.446,210,-136.1,0.6905,94.08,23742.06,True,14385.52
110.0,0.15,,True,94.88,21330.64,2.497,1076,-528.3,0.6812,93.24,6150.89,2.282,381,-398.53,0.6404,94.06,27481.53,True,15179.75
75.0,0.21,,True,98.06,16953.68,4.046,589,-322.5,0.7114,90.06,3714.64,3.945,154,-235.45,0.6948,94.06,20668.32,True,13239.04
70.0,0.21,,False,98.87,19007.41,3.927,673,-302.5,0.6984,89.22,3787.38,3.387,172,-215.45,0.6686,94.045,22794.79,True,15220.029999999999
80.0,0.21,,True,98.47,17130.22,4.113,587,-342.5,0.7189,89.6,3644.64,3.737,154,-255.45,0.6948,94.035,20774.86,True,13485.580000000002
85.0,0.18,"(0.3, 0.5)",True,96.98,18966.48,3.63,703,-273.0,0.7084,91.04,4768.27,3.616,210,-126.1,0.6905,94.01,23734.75,True,14198.21
85.0,0.21,,False,99.11,18704.98,3.774,667,-362.5,0.7076,88.9,3709.88,3.186,172,-275.45,0.6744,94.005,22414.86,True,14995.099999999999
100.0,0.12,"(0.3, 0.5)",False,96.09,25907.73,2.362,1386,-594.0,0.6681,91.87,7019.15,1.822,596,-474.37,0.6141,93.98,32926.88,True,18888.58
65.0,0.09,"(0.3, 0.5)",False,97.33,28178.59,2.079,1870,-623.42,0.6102,90.63,8920.25,1.665,980,-453.24,0.5551,93.97999999999999,37098.84,True,19258.34
70.0,0.12,"(0.2, 0.5)",False,95.72,26361.79,2.655,1295,-414.0,0.6533,92.23,7763.17,2.164,555,-567.68,0.6072,93.975,34124.96,True,18598.620000000003
110.0,0.21,"(0.3, 0.6)",True,99.62,14001.35,4.133,444,-382.25,0.7455,88.33,3213.65,3.801,126,-319.76,0.7222,93.975,17215.0,True,10787.7
82.5,0.18,"(0.3, 0.5)",True,96.54,19228.08,3.703,705,-265.5,0.7078,91.41,4813.27,3.708,210,-121.1,0.6905,93.975,24041.350000000002,True,14414.810000000001
120.0,0.12,,True,93.15,21025.64,1.958,1383,-712.7,0.6645,94.79,6853.2,1.777,598,-511.32,0.6338,93.97,27878.84,True,14172.439999999999
90.0,0.21,,False,99.59,18586.55,3.696,664,-382.94,0.7108,88.32,3624.88,3.034,172,-295.45,0.6744,93.955,22211.43,True,14961.669999999998
120.0,0.18,"(0.3, 0.5)",True,96.42,18033.51,3.207,687,-480.69,0.7249,91.46,4675.01,3.386,209,-202.26,0.7033,93.94,22708.519999999997,True,13358.499999999998
60.0,0.18,"(0.2, 0.5)",True,96.95,18573.03,4.049,658,-251.72,0.6991,90.9,4695.09,4.096,192,-129.0,0.7031,93.92500000000001,23268.12,True,13877.939999999999
90.0,0.21,,True,99.16,16501.43,3.772,582,-382.94,0.7199,88.68,3504.64,3.382,154,-295.45,0.6948,93.92,20006.07,True,12996.79
82.5,0.21,,True,98.45,17022.72,4.034,587,-352.5,0.7189,89.38,3609.64,3.642,154,-265.45,0.6948,93.91499999999999,20632.36,True,13413.080000000002
80.0,0.12,"(0.2, 0.5)",False,95.36,27200.09,2.757,1283,-474.0,0.668,92.46,7191.41,1.995,551,-528.5,0.6116,93.91,34391.5,True,20008.68
110.0,0.21,,True,98.53,15841.45,3.465,576,-369.33,0.7274,89.21,3335.13,3.037,153,-375.45,0.6993,93.87,19176.58,True,12506.32
85.0,0.21,,True,98.51,16678.62,3.897,585,-362.5,0.7179,89.15,3574.64,3.551,154,-275.45,0.6948,93.83000000000001,20253.26,True,13103.98
70.0,0.18,"(0.2, 0.5)",True,96.98,18263.39,3.811,655,-237.0,0.7008,90.66,4732.59,4.13,192,-149.0,0.7083,93.82,22995.98,True,13530.8
75.0,0.18,"(0.2, 0.5)",True,96.42,18351.55,3.81,655,-252.0,0.7053,91.21,4717.59,4.089,192,-106.1,0.7083,93.815,23069.14,True,13633.96
100.0,0.09,"(0.2, 0.5)",True,96.92,21763.56,2.038,1362,-855.43,0.6549,90.68,6698.95,1.622,720,-599.59,0.5972,93.80000000000001,28462.510000000002,True,15064.61
60.0,0.09,"(0.2, 0.5)",False,96.95,27498.1,2.22,1693,-687.78,0.6108,90.63,9103.2,1.78,890,-548.87,0.5596,93.78999999999999,36601.3,True,18394.899999999998
110.0,0.21,"(0.3, 0.6)",False,99.68,15481.75,3.84,508,-494.71,0.7323,87.83,3341.78,3.389,141,-319.76,0.7021,93.755,18823.53,True,12139.97
82.5,0.12,"(0.3, 0.5)",False,95.82,27960.55,2.571,1417,-489.0,0.6613,91.67,6981.77,1.826,609,-525.87,0.6026,93.745,34942.32,True,20978.78
85.0,0.12,"(0.2, 0.5)",False,95.31,26481.93,2.649,1279,-504.0,0.6693,92.16,7119.16,1.969,549,-447.0,0.6175,93.735,33601.09,True,19362.77
75.0,0.21,,False,98.76,19038.05,3.918,672,-322.5,0.7024,88.66,3804.88,3.375,172,-235.45,0.6744,93.71000000000001,22842.93,True,15233.169999999998
120.0,0.21,"(0.3, 0.6)",True,99.59,13608.35,3.818,443,-432.05,0.7449,87.82,3123.65,3.524,126,-359.76,0.7222,93.705,16732.0,True,10484.7
85.0,0.12,"(0.3, 0.5)",False,95.9,27539.95,2.53,1412,-504.0,0.6622,91.49,6843.02,1.796,609,-548.37,0.6026,93.695,34382.97,True,20696.93
80.0,0.09,"(0.3, 0.5)",True,96.82,24092.76,2.056,1565,-611.45,0.6351,90.45,6750.31,1.554,823,-423.01,0.5699,93.63499999999999,30843.07,True,17342.449999999997
70.0,0.09,"(0.2, 0.5)",False,96.6,26557.98,2.129,1662,-812.28,0.6215,90.63,9103.4,1.792,868,-625.51,0.5691,93.615,35661.38,True,17454.58
95.0,0.09,"(0.3, 0.5)",True,98.7,22879.32,1.975,1519,-732.56,0.6471,88.52,6174.13,1.486,803,-742.59,0.5778,93.61,29053.45,True,16705.19
95.0,0.21,,True,98.98,16166.7,3.673,579,-307.5,0.7202,88.22,3434.64,3.228,154,-315.45,0.6948,93.6,19601.34,True,12732.060000000001
70.0,0.12,,False,95.37,29142.03,2.318,1697,-432.0,0.6358,91.81,7912.0,1.816,722,-519.18,0.5859,93.59,37054.03,True,21230.03
95.0,0.18,"(0.3, 0.5)",True,97.61,18574.07,3.493,696,-307.5,0.7141,89.56,4588.27,3.291,210,-146.1,0.6905,93.58500000000001,23162.34,True,13985.8
70.0,0.21,"(0.3, 0.6)",True,98.42,14874.25,4.957,454,-223.5,0.7269,88.74,3503.16,5.064,127,-186.38,0.7165,93.58,18377.41,True,11371.09
95.0,0.21,,False,99.4,18206.82,3.588,661,-398.0,0.711,87.73,3539.88,2.896,172,-315.45,0.6744,93.565,21746.7,True,14666.939999999999
82.5,0.09,"(0.3, 0.5)",True,96.74,24297.6,2.066,1560,-661.45,0.6378,90.36,6684.1,1.552,814,-455.51,0.5725,93.55,30981.699999999997,True,17613.5
90.0,0.21,"(0.3, 0.6)",True,99.74,14606.29,4.619,449,-297.75,0.7394,87.33,3303.16,4.11,127,-246.38,0.7165,93.535,17909.45,True,11303.130000000001
85.0,0.12,,False,94.39,28315.95,2.231,1671,-504.0,0.6487,92.66,7018.02,1.669,709,-456.0,0.5952,93.525,35333.97,True,21297.93
65.0,0.09,"(0.2, 0.5)",False,96.6,27343.44,2.202,1674,-686.78,0.6177,90.45,9078.78,1.791,876,-574.74,0.5651,93.525,36422.22,True,18264.659999999996
75.0,0.12,,False,95.47,29020.57,2.294,1695,-462.0,0.6407,91.56,7637.0,1.766,717,-450.0,0.59,93.515,36657.57,True,21383.57
82.5,0.12,,False,94.47,28897.54,2.275,1678,-489.0,0.6478,92.53,7206.4,1.693,712,-441.0,0.5955,93.5,36103.94,True,21691.14
120.0,0.09,"(0.2, 0.5)",True,95.47,20923.01,1.969,1327,-908.47,0.6684,91.51,7046.01,1.685,697,-667.55,0.6184,93.49000000000001,27969.019999999997,True,13876.999999999998
100.0,0.12,"(0.2, 0.5)",False,95.65,25103.48,2.487,1256,-594.0,0.6752,91.3,6971.15,1.929,541,-502.59,0.6285,93.475,32074.629999999997,True,18132.33
120.0,0.12,"(0.2, 0.5)",False,94.13,24696.96,2.441,1229,-529.16,0.6892,92.81,7105.8,1.949,535,-408.59,0.6449,93.47,31802.76,True,17591.16
80.0,0.21,,False,98.97,19126.58,3.935,669,-342.5,0.7085,87.97,3714.88,3.196,172,-255.45,0.6744,93.47,22841.460000000003,True,15411.7
65.0,0.21,"(0.3, 0.6)",True,97.85,14844.23,5.05,454,-208.5,0.7225,89.08,3553.16,5.376,127,-171.38,0.7165,93.465,18397.39,True,11291.07
120.0,0.21,,False,98.81,17646.16,3.27,653,-414.83,0.7228,88.09,3392.87,2.661,171,-415.45,0.6842,93.45,21039.03,True,14253.29
80.0,0.21,"(0.3, 0.6)",True,98.82,15012.08,4.976,453,-257.75,0.7373,88.04,3403.16,4.538,127,-216.38,0.7165,93.43,18415.239999999998,True,11608.92
120.0,0.09,"(0.3, 0.5)",True,95.32,21213.44,1.857,1474,-895.6,0.6621,91.51,7202.5,1.625,764,-711.09,0.6073,93.41499999999999,28415.94,True,14010.939999999999
120.0,0.21,"(0.3, 0.6)",False,99.72,15323.75,3.716,507,-432.05,0.7357,87.09,3231.78,3.142,141,-359.76,0.7021,93.405,18555.53,True,12091.97
85.0,0.21,"(0.3, 0.6)",True,99.06,14655.48,4.724,451,-277.75,0.7361,87.69,3353.16,4.313,127,-231.38,0.7165,93.375,18008.64,True,11302.32
95.0,0.21,"(0.3, 0.6)",True,99.78,14356.6,4.474,447,-322.25,0.7405,86.97,3253.16,3.926,127,-261.38,0.7165,93.375,17609.760000000002,True,11103.44
110.0,0.18,"(0.3, 0.5)",True,96.63,18139.82,3.295,690,-420.69,0.7217,90.08,4538.76,3.216,209,-172.26,0.6938,93.35499999999999,22678.58,True,13601.06
100.0,0.18,"(0.2, 0.5)",True,96.94,17656.94,3.52,641,-322.5,0.7207,89.76,4393.08,3.378,191,-221.26,0.712,93.35,22050.019999999997,True,13263.859999999999
85.0,0.09,"(0.3, 0.5)",True,97.2,23996.78,2.045,1552,-607.7,0.6398,89.48,6421.85,1.52,812,-592.59,0.5727,93.34,30418.629999999997,True,17574.93
120.0,0.21,,True,98.16,15544.55,3.28,573,-414.83,0.7295,88.52,3205.13,2.814,153,-415.45,0.6993,93.34,18749.68,True,12339.419999999998
85.0,0.21,"(0.3, 0.6)",False,99.59,16260.63,4.378,517,-358.0,0.7215,87.08,3408.79,3.616,142,-231.38,0.6901,93.33500000000001,19669.42,True,12851.84
82.5,0.21,"(0.3, 0.6)",True,98.79,14952.08,4.898,453,-267.75,0.7373,87.86,3378.16,4.423,127,-223.88,0.7165,93.325,18330.239999999998,True,11573.92
75.0,0.21,"(0.3, 0.6)",True,98.24,14813.0,4.811,454,-238.5,0.7313,88.39,3453.16,4.786,127,-201.38,0.7165,93.315,18266.16,True,11359.84
110.0,0.15,,False,94.75,24579.01,2.503,1233,-504.46,0.6796,91.87,6817.59,2.256,431,-398.53,0.6404,93.31,31396.6,True,17761.42
100.0,0.09,"(0.3, 0.5)",True,97.8,22447.61,1.942,1512,-822.56,0.6508,88.75,6357.62,1.51,793,-922.09,0.5826,93.275,28805.23,True,16089.990000000002
85.0,0.09,"(0.3, 0.5)",False,97.91,27539.1,2.024,1808,-565.0,0.6338,88.6,7071.8,1.479,938,-693.09,0.564,93.255,34610.9,True,20467.3
82.5,0.21,,False,98.88,19074.08,3.903,669,-352.5,0.7085,87.62,3669.88,3.113,172,-265.45,0.6744,93.25,22743.960000000003,True,15404.2
60.0,0.21,"(0.3, 0.6)",True,98.15,14848.74,5.081,455,-193.5,0.7231,88.28,3543.16,5.31,127,-156.38,0.7165,93.215,18391.9,True,11305.58
80.0,0.09,"(0.3, 0.5)",False,97.21,27766.96,2.042,1823,-545.13,0.6297,89.22,7320.76,1.498,950,-544.01,0.5621,93.215,35087.72,True,20446.199999999997
80.0,0.18,"(0.2, 0.5)",True,95.94,18647.46,3.929,653,-258.0,0.7121,90.49,4632.59,3.874,192,-116.1,0.7083,93.215,23280.05,True,14014.869999999999
82.5,0.18,"(0.2, 0.5)",True,96.27,18566.46,3.88,651,-265.5,0.7143,90.13,4590.09,3.774,192,-121.1,0.7083,93.19999999999999,23156.55,True,13976.369999999999
90.0,0.21,"(0.3, 0.6)",False,99.77,16275.19,4.346,515,-378.0,0.7262,86.6,3343.79,3.444,142,-246.38,0.6901,93.185,19618.98,True,12931.400000000001
90.0,0.12,"(0.2, 0.5)",False,95.93,26302.35,2.63,1269,-534.0,0.673,90.43,7008.66,1.934,548,-477.0,0.6223,93.18,33311.009999999995,True,19293.69
85.0,0.09,"(0.2, 0.5)",True,96.24,23283.4,2.163,1394,-655.56,0.6463,90.1,7020.82,1.672,731,-480.83,0.5869,93.16999999999999,30304.22,True,16262.580000000002
65.0,0.09,,True,93.91,25643.0,1.943,1896,-819.96,0.6028,92.42,8761.84,1.644,998,-402.67,0.5651,93.16499999999999,34404.84,True,16881.16
90.0,0.09,"(0.3, 0.5)",True,97.75,23726.35,2.027,1535,-751.31,0.645,88.57,6117.85,1.483,809,-667.59,0.576,93.16,29844.199999999997,True,17608.5
90.0,0.09,"(0.3, 0.5)",False,98.2,27099.9,1.998,1788,-695.0,0.6387,88.12,6931.41,1.462,935,-778.09,0.569,93.16,34031.31,True,20168.49
90.0,0.18,"(0.2, 0.5)",True,97.26,18360.17,3.793,646,-288.0,0.7198,89.02,4462.59,3.504,192,-136.1,0.7083,93.14,22822.76,True,13897.579999999998
100.0,0.12,,False,93.91,26277.01,2.087,1635,-594.0,0.6557,92.33,7456.91,1.73,693,-438.11,0.6104,93.12,33733.92,True,18820.1
85.0,0.18,"(0.2, 0.5)",True,96.39,18199.86,3.75,649,-273.0,0.7134,89.76,4547.59,3.68,192,-126.1,0.7083,93.075,22747.45,True,13652.27
82.5,0.09,"(0.2, 0.5)",True,96.3,23633.2,2.19,1400,-711.81,0.6443,89.84,7080.07,1.684,732,-491.51,0.5847,93.07,30713.27,True,16553.13
120.0,0.18,"(0.2, 0.5)",True,95.88,17509.88,3.377,634,-382.5,0.7319,90.22,4489.33,3.496,191,-232.26,0.7225,93.05,21999.21,True,13020.550000000001
75.0,0.09,"(0.2, 0.5)",False,96.77,26518.61,2.119,1653,-829.78,0.6279,89.32,8615.4,1.721,862,-532.01,0.5719,93.04499999999999,35134.01,True,17903.21
82.5,0.09,"(0.3, 0.5)",False,97.49,27942.41,2.049,1816,-597.63,0.6322,88.57,7231.55,1.494,940,-581.51,0.5638,93.03,35173.96,True,20710.86
80.0,0.09,"(0.2, 0.5)",True,96.26,23326.86,2.172,1402,-664.31,0.6412,89.8,7077.28,1.682,738,-466.51,0.5799,93.03,30404.14,True,16249.580000000002
90.0,0.12,"(0.3, 0.5)",False,96.23,27183.36,2.496,1400,-534.0,0.665,89.69,6634.52,1.753,607,-593.37,0.6063,92.96000000000001,33817.880000000005,True,20548.84
95.0,0.21,"(0.3, 0.6)",False,99.75,15985.5,4.197,513,-398.0,0.7271,86.12,3278.79,3.288,142,-261.38,0.6901,92.935,19264.29,True,12706.71
90.0,0.09,"(0.2, 0.5)",True,96.68,22973.57,2.136,1381,-794.18,0.6503,89.14,6722.32,1.625,729,-520.83,0.5898,92.91,29695.89,True,16251.25
65.0,0.21,"(0.3, 0.6)",False,98.13,16564.38,4.741,520,-278.0,0.7096,87.6,3501.29,3.973,142,-171.38,0.6831,92.865,20065.670000000002,True,13063.09
70.0,0.21,"(0.3, 0.6)",False,98.67,16544.4,4.619,520,-298.0,0.7135,87.03,3426.29,3.736,142,-186.38,0.6831,92.85,19970.690000000002,True,13118.11
95.0,0.12,,False,93.98,26714.1,2.127,1639,-564.0,0.6528,91.68,7384.42,1.713,700,-516.0,0.6071,92.83000000000001,34098.52,True,19329.68
80.0,0.12,"(0.3, 0.5)",False,95.66,28266.61,2.62,1418,-474.0,0.6608,89.97,6933.27,1.817,612,-523.0,0.598,92.815,35199.880000000005,True,21333.34
60.0,0.09,,True,93.57,25683.36,1.945,1925,-810.96,0.5948,92.03,8655.49,1.624,1020,-389.02,0.5569,92.8,34338.85,True,17027.870000000003
90.0,0.12,,False,94.67,27706.1,2.182,1658,-534.0,0.6514,90.88,7007.28,1.665,704,-486.0,0.6023,92.775,34713.38,True,20698.82
60.0,0.21,"(0.3, 0.6)",False,98.53,16618.89,4.82,521,-258.0,0.7102,86.99,3516.29,4.025,142,-156.38,0.6831,92.75999999999999,20135.18,True,13102.599999999999
95.0,0.12,"(0.2, 0.5)",False,95.47,25361.82,2.525,1260,-564.0,0.673,89.89,6838.16,1.891,547,-507.0,0.6234,92.68,32199.98,True,18523.66
65.0,0.09,,False,93.37,29687.96,1.932,2211,-913.32,0.6015,91.96,10012.1,1.623,1149,-495.69,0.5596,92.66499999999999,39700.06,True,19675.86
75.0,0.21,"(0.3, 0.6)",False,98.76,16508.15,4.532,520,-318.0,0.7173,86.53,3463.79,3.775,142,-201.38,0.6901,92.64500000000001,19971.940000000002,True,13044.36
80.0,0.21,"(0.3, 0.6)",False,99.31,16662.23,4.616,519,-338.0,0.7225,85.94,3393.79,3.575,142,-216.38,0.6901,92.625,20056.02,True,13268.439999999999
95.0,0.18,"(0.2, 0.5)",True,96.99,17900.44,3.634,643,-307.5,0.7201,88.24,4377.59,3.345,192,-155.87,0.7083,92.615,22278.03,True,13522.849999999999
95.0,0.12,"(0.3, 0.5)",False,95.99,26209.32,2.404,1389,-564.0,0.6652,89.22,6802.66,1.768,605,-638.37,0.6099,92.60499999999999,33011.979999999996,True,19406.66
100.0,0.21,"(0.3, 0.5)",True,98.66,15223.28,4.113,493,-322.5,0.7343,86.51,3221.81,3.526,134,-279.76,0.709,92.58500000000001,18445.09,True,12001.470000000001
100.0,0.09,"(0.3, 0.5)",False,97.17,26119.02,1.945,1760,-776.25,0.6466,87.92,6944.79,1.472,910,-1052.59,0.5747,92.545,33063.81,True,19174.23
110.0,0.09,"(0.2, 0.5)",True,95.98,21430.2,2.008,1350,-915.43,0.6615,89.1,6929.96,1.67,703,-674.07,0.6102,92.53999999999999,28360.16,True,14500.240000000002
95.0,0.09,"(0.3, 0.5)",False,98.05,26484.23,1.97,1769,-681.25,0.6422,87.0,6662.3,1.442,922,-863.09,0.5694,92.525,33146.53,True,19821.93
120.0,0.09,"(0.3, 0.5)",False,94.99,25003.42,1.885,1711,-869.29,0.6598,90.01,7658.73,1.55,880,-761.59,0.5977,92.5,32662.149999999998,True,17344.69
82.5,0.21,"(0.3, 0.6)",False,99.31,16579.73,4.535,519,-348.0,0.7225,85.64,3358.79,3.482,142,-223.88,0.6901,92.475,19938.52,True,13220.939999999999
80.0,0.12,,False,94.62,29373.61,2.324,1679,-474.0,0.648,90.18,7129.24,1.682,716,-490.0,0.5908,92.4,36502.85,True,22244.370000000003
60.0,0.09,,False,93.35,29881.01,1.943,2243,-825.07,0.5934,91.44,10113.5,1.625,1174,-445.69,0.5528,92.395,39994.509999999995,True,19767.51
110.0,0.18,"(0.2, 0.5)",True,95.97,17556.19,3.452,637,-352.5,0.7284,88.81,4343.08,3.289,191,-192.26,0.712,92.39,21899.269999999997,True,13213.109999999999
70.0,0.21,"(0.3, 0.5)",True,98.24,15787.1,4.528,503,-228.0,0.7157,86.5,3481.32,4.413,135,-186.38,0.7037,92.37,19268.420000000002,True,12305.78
65.0,0.21,"(0.3, 0.5)",True,97.7,15802.08,4.645,503,-213.0,0.7117,86.98,3541.32,4.689,135,-171.38,0.7037,92.34,19343.4,True,12260.76
65.0,0.21,"(0.3, 0.5)",False,99.02,17818.64,4.489,576,-278.0,0.7014,85.36,3540.56,3.671,151,-171.38,0.6755,92.19,21359.2,True,14278.08
110.0,0.09,"(0.3, 0.5)",True,95.04,21717.5,1.891,1498,-892.56,0.6555,89.33,6795.44,1.574,773,-940.57,0.5964,92.185,28512.94,True,14922.060000000001
60.0,0.21,"(0.3, 0.5)",True,98.1,15851.59,4.718,504,-210.75,0.7123,86.27,3541.32,4.689,135,-156.38,0.7037,92.185,19392.91,True,12310.27
70.0,0.09,,True,92.15,24356.25,1.864,1878,-1029.96,0.6049,92.11,8617.45,1.626,987,-350.69,0.5694,92.13,32973.7,True,15738.8
65.0,0.21,"(0.2, 0.5)",False,99.13,17267.05,4.681,538,-278.0,0.7045,85.11,3570.06,4.067,140,-171.38,0.7,92.12,20837.11,True,13696.99
60.0,0.21,"(0.3, 0.5)",False,99.36,17918.15,4.594,577,-258.0,0.7019,84.87,3565.56,3.742,151,-156.38,0.6755,92.11500000000001,21483.710000000003,True,14352.590000000002
70.0,0.21,"(0.3, 0.5)",False,99.51,17753.66,4.352,576,-298.0,0.7049,84.62,3455.56,3.45,151,-186.38,0.6755,92.065,21209.22,True,14298.1
95.0,0.09,"(0.2, 0.5)",True,97.0,21972.9,2.061,1368,-770.43,0.6513,87.09,6507.46,1.597,724,-560.83,0.5912,92.045,28480.36,True,15465.440000000002
110.0,0.21,"(0.3, 0.5)",True,98.23,15193.53,4.056,491,-353.75,0.7413,85.74,3111.81,3.246,134,-319.76,0.709,91.985,18305.34,True,12081.720000000001
100.0,0.21,"(0.3, 0.5)",False,99.67,17108.59,3.946,566,-418.0,0.7226,84.25,3283.55,3.038,150,-279.76,0.6867,91.96000000000001,20392.14,True,13825.04
70.0,0.21,"(0.2, 0.5)",False,99.44,17159.57,4.486,538,-298.0,0.7082,84.48,3495.06,3.821,140,-186.38,0.7,91.96000000000001,20654.63,True,13664.51
85.0,0.09,"(0.2, 0.5)",False,96.44,27091.64,2.162,1624,-589.75,0.6422,87.4,7790.67,1.62,847,-611.83,0.5773,91.92,34882.31,True,19300.97
60.0,0.21,"(0.2, 0.5)",False,99.31,17339.06,4.772,539,-258.0,0.705,84.53,3585.06,4.12,140,-156.38,0.7,91.92,20924.120000000003,True,13754.000000000002
75.0,0.21,"(0.3, 0.5)",True,97.8,15927.76,4.575,503,-243.0,0.7217,86.01,3421.32,4.168,135,-201.38,0.7037,91.905,19349.08,True,12506.44
80.0,0.21,"(0.3, 0.5)",True,98.24,16169.29,4.736,501,-258.0,0.7305,85.52,3361.32,3.949,135,-216.38,0.7037,91.88,19530.61,True,12807.970000000001
85.0,0.21,"(0.3, 0.5)",False,99.33,17684.25,4.272,572,-358.0,0.7168,84.32,3408.06,3.286,151,-231.38,0.6821,91.82499999999999,21092.31,True,14276.19
90.0,0.21,"(0.3, 0.5)",True,99.08,15703.51,4.378,497,-288.44,0.7324,84.51,3241.32,3.572,135,-246.38,0.7037,91.795,18944.83,True,12462.19
110.0,0.12,,False,92.89,25330.39,2.029,1613,-654.92,0.6609,90.69,7702.31,1.77,686,-548.11,0.6195,91.78999999999999,33032.7,True,17628.079999999998
100.0,0.21,"(0.2, 0.5)",False,99.75,16599.49,4.104,528,-418.0,0.7273,83.76,3283.05,3.218,139,-279.76,0.7122,91.755,19882.54,True,13316.440000000002
82.5,0.21,"(0.3, 0.5)",True,98.21,16094.29,4.656,501,-265.5,0.7305,85.27,3331.32,3.847,135,-223.88,0.7037,91.74,19425.61,True,12762.970000000001
90.0,0.21,"(0.3, 0.5)",False,99.79,17668.81,4.221,570,-378.0,0.7211,83.68,3333.06,3.128,151,-246.38,0.6821,91.73500000000001,21001.870000000003,True,14335.750000000002
90.0,0.09,"(0.2, 0.5)",False,96.57,26692.06,2.132,1609,-733.37,0.6464,86.88,7670.78,1.599,845,-661.83,0.5822,91.725,34362.840000000004,True,19021.280000000002
75.0,0.21,"(0.3, 0.5)",False,99.32,17919.32,4.412,576,-318.0,0.7101,84.04,3483.06,3.46,151,-201.38,0.6821,91.68,21402.38,True,14436.26
85.0,0.21,"(0.3, 0.5)",True,98.26,15782.69,4.494,499,-273.0,0.7295,85.02,3301.32,3.751,135,-231.38,0.7037,91.64,19084.010000000002,True,12481.37
75.0,0.21,"(0.2, 0.5)",False,99.22,17347.72,4.573,538,-318.0,0.7138,84.02,3532.56,3.862,140,-201.38,0.7071,91.62,20880.280000000002,True,13815.160000000002
80.0,0.09,"(0.2, 0.5)",False,96.31,27338.1,2.188,1633,-593.5,0.6381,86.78,7832.62,1.624,855,-592.01,0.5719,91.545,35170.72,True,19505.48
80.0,0.21,"(0.3, 0.5)",False,99.72,18115.85,4.505,574,-338.0,0.7178,83.28,3403.06,3.275,151,-216.38,0.6821,91.5,21518.91,True,14712.789999999999
70.0,0.09,,False,91.59,28485.03,1.868,2187,-879.14,0.6054,91.37,9673.72,1.593,1135,-475.69,0.5621,91.48,38158.75,True,18811.309999999998
95.0,0.21,"(0.3, 0.5)",True,98.93,15338.78,4.213,494,-307.5,0.7328,84.0,3181.32,3.41,135,-261.38,0.7037,91.465,18520.100000000002,True,12157.460000000001
100.0,0.09,"(0.2, 0.5)",False,95.93,25845.41,2.076,1586,-804.62,0.6532,86.95,7530.62,1.593,830,-684.59,0.5892,91.44,33376.03,True,18314.79
120.0,0.09,"(0.2, 0.5)",False,94.64,24828.44,2.011,1540,-877.65,0.6675,88.19,7806.74,1.634,806,-744.05,0.6092,91.41499999999999,32635.18,True,17021.699999999997
80.0,0.21,"(0.2, 0.5)",False,99.42,17566.75,4.698,536,-338.0,0.722,83.38,3462.56,3.654,140,-216.38,0.7071,91.4,21029.31,True,14104.19
95.0,0.21,"(0.3, 0.5)",False,99.77,17264.09,4.055,567,-398.0,0.7213,83.02,3258.06,2.985,151,-261.38,0.6821,91.395,20522.15,True,14006.03
120.0,0.21,"(0.3, 0.5)",True,97.77,15063.12,3.873,489,-403.55,0.7444,84.94,3001.81,3.007,134,-359.76,0.709,91.35499999999999,18064.93,True,12061.310000000001
82.5,0.21,"(0.3, 0.5)",False,99.71,18018.35,4.421,574,-348.0,0.7178,82.9,3363.06,3.189,151,-223.88,0.6821,91.305,21381.41,True,14655.289999999999
100.0,0.21,"(0.2, 0.5)",True,98.52,14643.47,4.222,459,-322.5,0.7364,83.99,3216.81,3.801,124,-279.76,0.7339,91.255,17860.28,True,11426.66
82.5,0.21,"(0.2, 0.5)",False,99.44,17439.25,4.575,536,-348.0,0.722,83.05,3427.56,3.559,140,-223.88,0.7071,91.245,20866.81,True,14011.69
120.0,0.12,,False,92.37,25333.91,2.033,1590,-649.7,0.6667,90.09,7360.56,1.706,685,-519.36,0.6248,91.23,32694.47,True,17973.35
110.0,0.21,"(0.3, 0.5)",False,99.12,16970.34,3.845,562,-494.71,0.7295,83.32,3291.05,3.01,150,-319.76,0.6933,91.22,20261.39,True,13679.29
85.0,0.21,"(0.2, 0.5)",False,99.69,17115.16,4.419,534,-358.0,0.721,82.72,3392.56,3.468,140,-231.38,0.7071,91.205,20507.72,True,13722.6
110.0,0.21,"(0.2, 0.5)",False,99.47,16501.24,4.019,524,-494.71,0.7347,82.85,3300.55,3.207,139,-319.76,0.7194,91.16,19801.79,True,13200.690000000002
65.0,0.21,"(0.2, 0.5)",True,97.62,15214.77,4.806,469,-213.0,0.7122,84.62,3501.32,5.034,125,-171.38,0.728,91.12,18716.09,True,11713.45
75.0,0.09,,True,91.29,24274.09,1.854,1868,-1066.08,0.6119,90.8,8016.08,1.564,976,-381.19,0.5727,91.045,32290.17,True,16258.01
70.0,0.21,"(0.2, 0.5)",True,97.95,15152.29,4.621,469,-228.0,0.7164,84.11,3446.32,4.734,125,-186.38,0.728,91.03,18598.61,True,11705.970000000001
110.0,0.09,"(0.2, 0.5)",False,95.15,25223.55,2.036,1565,-874.62,0.6601,86.89,7782.51,1.637,812,-678.57,0.601,91.02000000000001,33006.06,True,17441.04
82.5,0.09,"(0.2, 0.5)",False,96.35,27526.44,2.194,1630,-643.5,0.6405,85.64,7822.42,1.626,848,-622.01,0.5755,90.995,35348.86,True,19704.019999999997
90.0,0.21,"(0.2, 0.5)",False,99.78,17119.72,4.379,532,-378.0,0.7256,82.05,3322.56,3.3,140,-246.38,0.7071,90.91499999999999,20442.280000000002,True,13797.160000000002
60.0,0.21,"(0.2, 0.5)",True,97.9,15241.78,4.86,470,-198.0,0.7128,83.89,3496.32,5.005,125,-156.38,0.728,90.89500000000001,18738.100000000002,True,11745.460000000001
110.0,0.09,"(0.3, 0.5)",False,95.14,25140.41,1.892,1737,-857.37,0.6517,86.65,7373.5,1.524,889,-1000.57,0.5872,90.89500000000001,32513.91,True,17766.91
75.0,0.09,,False,91.2,28253.13,1.852,2175,-938.3,0.6115,90.16,9033.85,1.536,1122,-507.19,0.5668,90.68,37286.98,True,19219.28
110.0,0.21,"(0.2, 0.5)",True,98.04,14643.72,4.186,457,-353.75,0.744,83.13,3116.81,3.496,124,-319.76,0.7339,90.58500000000001,17760.53,True,11526.91
95.0,0.21,"(0.2, 0.5)",False,99.76,16734.99,4.211,529,-398.0,0.7259,81.37,3252.56,3.148,140,-261.38,0.7071,90.565,19987.550000000003,True,13482.430000000002
75.0,0.21,"(0.2, 0.5)",True,97.47,15310.45,4.691,469,-243.0,0.7228,83.59,3391.32,4.468,125,-201.38,0.728,90.53,18701.77,True,11919.130000000001
80.0,0.21,"(0.2, 0.5)",True,97.91,15569.48,4.89,467,-258.0,0.7323,83.06,3336.32,4.23,125,-216.38,0.728,90.485,18905.8,True,12233.16
90.0,0.21,"(0.2, 0.5)",True,98.81,15093.7,4.483,463,-288.44,0.7343,81.98,3226.32,3.823,125,-246.38,0.728,90.39500000000001,18320.02,True,11867.380000000001
82.5,0.21,"(0.2, 0.5)",True,97.92,15461.98,4.762,467,-265.5,0.7323,82.79,3308.82,4.12,125,-223.88,0.728,90.355,18770.8,True,12153.16
85.0,0.21,"(0.2, 0.5)",True,98.17,15157.88,4.594,465,-273.0,0.7312,82.53,3281.32,4.016,125,-231.38,0.728,90.35,18439.2,True,11876.56
120.0,0.21,"(0.3, 0.5)",False,98.5,17074.92,3.815,560,-403.55,0.7357,82.19,3161.05,2.789,150,-359.76,0.6933,90.345,20235.969999999998,True,13913.869999999999
120.0,0.21,"(0.2, 0.5)",False,98.79,16645.83,4.011,522,-403.55,0.7414,81.71,3180.55,2.969,139,-359.76,0.7194,90.25,19826.38,True,13465.280000000002
95.0,0.09,"(0.2, 0.5)",False,96.14,25957.75,2.089,1593,-714.62,0.6491,84.3,7225.13,1.558,836,-612.33,0.5825,90.22,33182.88,True,18732.62
80.0,0.09,,True,91.23,24727.75,1.883,1841,-664.04,0.6219,89.02,7157.58,1.481,968,-429.37,0.5723,90.125,31885.33,True,17570.17
95.0,0.21,"(0.2, 0.5)",True,98.63,14743.97,4.318,460,-307.5,0.7348,81.43,3171.32,3.647,125,-261.38,0.728,90.03,17915.29,True,11572.65
120.0,0.21,"(0.2, 0.5)",True,97.52,14543.3,4.006,455,-403.55,0.7473,82.25,3016.81,3.237,124,-359.76,0.7339,89.88499999999999,17560.11,True,11526.49
100.0,0.09,,True,90.49,22629.69,1.774,1773,-908.31,0.6368,89.12,7351.72,1.505,928,-723.29,0.5916,89.805,29981.41,True,15277.969999999998
82.5,0.09,,True,90.59,24614.84,1.872,1835,-719.04,0.6234,88.92,7098.78,1.48,958,-484.37,0.5752,89.755,31713.62,True,17516.06
80.0,0.09,,False,91.17,28638.4,1.874,2145,-581.26,0.621,88.32,7958.23,1.451,1112,-554.93,0.5665,89.745,36596.630000000005,True,20680.170000000002
82.5,0.09,,False,90.83,28487.36,1.862,2137,-673.01,0.6224,88.3,7868.93,1.448,1101,-520.0,0.5686,89.565,36356.29,True,20618.43
85.0,0.09,,True,90.28,24100.52,1.844,1825,-670.29,0.6247,88.4,6879.05,1.459,954,-539.37,0.5765,89.34,30979.57,True,17221.47
100.0,0.09,,False,90.23,26522.05,1.779,2066,-1006.51,0.637,88.11,8056.95,1.47,1061,-925.29,0.5844,89.17,34579.0,True,18465.1
85.0,0.09,,False,90.3,27810.04,1.831,2126,-646.76,0.6232,87.8,7692.06,1.435,1096,-692.29,0.5693,89.05,35502.1,True,20117.98
95.0,0.09,,True,89.8,22527.28,1.773,1780,-799.54,0.6315,88.28,6967.73,1.467,937,-738.29,0.5848,89.03999999999999,29495.01,True,15559.55
90.0,0.09,,True,89.91,23480.84,1.81,1805,-808.29,0.6288,87.45,6479.69,1.425,945,-682.37,0.5799,88.68,29960.53,True,17001.15
95.0,0.09,,False,89.93,26383.88,1.779,2074,-866.01,0.6311,87.4,7588.96,1.431,1072,-925.29,0.5774,88.665,33972.840000000004,True,18794.920000000002
120.0,0.09,,True,87.32,20612.6,1.676,1716,-1113.97,0.6469,89.93,7634.04,1.545,892,-742.47,0.611,88.625,28246.64,True,12978.559999999998
90.0,0.09,,False,89.84,26966.59,1.791,2103,-829.76,0.6272,87.26,7441.31,1.416,1087,-792.29,0.5741,88.55000000000001,34407.9,True,19525.28
110.0,0.09,,True,88.08,21816.33,1.734,1750,-1018.31,0.6417,88.5,7435.48,1.525,904,-822.07,0.6007,88.28999999999999,29251.81,True,14380.850000000002
120.0,0.09,,False,87.25,24694.56,1.71,1993,-1194.67,0.6488,87.57,8242.88,1.494,1022,-745.55,0.6027,87.41,32937.44,True,16451.68
110.0,0.09,,False,87.81,25140.17,1.725,2033,-1186.51,0.6414,85.66,8249.1,1.496,1036,-882.07,0.5936,86.735,33389.27,True,16891.07
