symbol,action,signal_price,created_at,status,filled_at,fill_price,era
ZEC-USDT,buy,378.8,2026-04-10 18:17:59.821509+00:00,filled,2026-04-10 18:25:22.104525+00:00,375.98,v1
SOL-USDT,sell,84.99,2026-04-10 21:14:02.917871+00:00,filled,2026-04-10 21:38:04.956922+00:00,85.1,v1
ZEC-USDT,sell,377.1,2026-04-10 21:44:01.299419+00:00,filled,2026-04-10 21:56:18.052889+00:00,379.38,v1
SOL-USDT,buy,84.86,2026-04-11 02:32:04.632921+00:00,filled,2026-04-11 02:47:43.024019+00:00,84.69,v1
ZEC-USDT,buy,373.29,2026-04-11 04:10:59.770689+00:00,filled,2026-04-11 04:15:51.933714+00:00,370.81,v1
ZEC-USDT,buy,372.0,2026-04-11 05:30:59.579848+00:00,expired,,,v1
ZEC-USDT,sell,371.46,2026-04-11 07:38:01.904967+00:00,filled,2026-04-11 07:55:19.648615+00:00,372.02,v1
ZEC-USDT,buy,374.72,2026-04-11 08:07:59.382269+00:00,expired,,,v1
SOL-USDT,buy,84.29,2026-04-11 08:11:04.021820+00:00,expired,,,v1
SOL-USDT,sell,84.18,2026-04-11 10:13:02.664606+00:00,expired,,,v1
ZEC-USDT,sell,373.94,2026-04-11 10:36:01.308877+00:00,cancelled,,,v1
ZEC-USDT,sell,373.81,2026-04-11 10:53:01.273896+00:00,filled,2026-04-11 11:05:51.686148+00:00,375.98,v1
ZEC-USDT,sell,373.35,2026-04-11 11:38:01.510382+00:00,expired,,,v1
SOL-USDT,buy,84.18,2026-04-11 12:35:03.966281+00:00,filled,2026-04-11 12:52:25.406552+00:00,84.18,v1
SOL-USDT,sell,83.8,2026-04-11 13:12:02.588630+00:00,expired,,,v1
ZEC-USDT,buy,373.24,2026-04-11 15:21:59.562343+00:00,cancelled,,,v1
ZEC-USDT,buy,373.55,2026-04-11 15:32:59.259842+00:00,expired,,,v1
SOL-USDT,sell,84.67,2026-04-11 18:05:02.829714+00:00,filled,2026-04-11 18:17:55.193950+00:00,84.78,v1
ZEC-USDT,sell,375.87,2026-04-11 18:12:01.332298+00:00,filled,2026-04-11 18:24:34.335277+00:00,377.11,v1
SOL-USDT,buy,84.86,2026-04-11 18:20:03.940017+00:00,expired,,,v1
ZEC-USDT,sell,374.83,2026-04-11 19:13:01.587381+00:00,filled,2026-04-11 19:41:09.557366+00:00,374.74,v1
SOL-USDT,sell,86.13,2026-04-11 19:31:02.413328+00:00,cancelled,,,v1
SOL-USDT,sell,86.06,2026-04-11 19:35:04.148521+00:00,filled,2026-04-11 19:46:05.365630+00:00,85.97,v1
SOL-USDT,sell,85.57,2026-04-11 20:13:02.244897+00:00,cancelled,,,v1
SOL-USDT,sell,85.61,2026-04-11 20:16:02.029816+00:00,expired,,,v1
SOL-USDT,sell,84.77,2026-04-11 23:05:04.445008+00:00,filled,2026-04-11 23:25:21.549084+00:00,84.99,v1
ZEC-USDT,buy,372.58,2026-04-12 00:39:59.895909+00:00,filled,2026-04-12 01:08:37.722877+00:00,371.62,v1
ZEC-USDT,sell,369.19,2026-04-12 01:34:01.328215+00:00,cancelled,,,v1
SOL-USDT,buy,83.44,2026-04-12 01:36:56.406326+00:00,cancelled,,,v1
SOL-USDT,buy,83.39,2026-04-12 01:40:55.778767+00:00,cancelled,,,v1
SOL-USDT,buy,82.67,2026-04-12 01:45:03.734307+00:00,cancelled,,,v1
ZEC-USDT,buy,359.24,2026-04-12 01:48:48.458183+00:00,cancelled,,,v1
ZEC-USDT,buy,358.86,2026-04-12 01:50:02.680474+00:00,cancelled,,,v1
SOL-USDT,buy,82.0,2026-04-12 01:50:03.153332+00:00,cancelled,,,v1
SOL-USDT,buy,82.4,2026-04-12 01:55:03.141993+00:00,cancelled,,,v1
ZEC-USDT,buy,358.51,2026-04-12 01:58:48.248473+00:00,cancelled,,,v1
SOL-USDT,buy,82.04,2026-04-12 02:00:05.472776+00:00,cancelled,,,v1
ZEC-USDT,buy,357.93,2026-04-12 02:00:09.705894+00:00,cancelled,,,v1
ZEC-USDT,buy,356.14,2026-04-12 02:05:03.701446+00:00,filled,2026-04-12 02:12:20.184336+00:00,361.33,v1
SOL-USDT,buy,81.87,2026-04-12 02:05:04.803845+00:00,filled,2026-04-12 02:15:34.115849+00:00,82.61,v1
ZEC-USDT,buy,363.61,2026-04-12 06:25:36.159216+00:00,filled,2026-04-12 06:47:11.461966+00:00,361.84,v1
ZEC-USDT,sell,365.01,2026-04-12 10:54:34.551438+00:00,filled,2026-04-12 11:13:55.134492+00:00,365.8,v1
ZEC-USDT,buy,368.63,2026-04-12 11:59:35.986159+00:00,filled,2026-04-12 12:18:05.048924+00:00,366.47,v1
SOL-USDT,buy,82.34,2026-04-12 12:25:04.510202+00:00,filled,2026-04-12 12:32:21.516758+00:00,82.25,v1
ZEC-USDT,sell,365.21,2026-04-12 12:32:33.980673+00:00,filled,2026-04-12 12:40:53.409209+00:00,366.37,v1
SOL-USDT,sell,82.09,2026-04-12 12:53:24.831956+00:00,filled,2026-04-12 13:05:55.086764+00:00,82.16,v1
ZEC-USDT,buy,368.62,2026-04-12 13:21:36.154047+00:00,filled,2026-04-12 13:40:36.288809+00:00,368.63,v1
ZEC-USDT,sell,364.03,2026-04-12 14:54:34.277464+00:00,cancelled,,,v1
ZEC-USDT,sell,364.03,2026-04-12 14:55:04.921465+00:00,cancelled,,,v1
ZEC-USDT,sell,364.1,2026-04-12 15:03:33.907689+00:00,cancelled,,,v1
ZEC-USDT,sell,364.02,2026-04-12 15:05:02.205943+00:00,filled,2026-04-12 15:12:02.997146+00:00,365.13,v1
ZEC-USDT,sell,363.99,2026-04-12 15:18:33.952517+00:00,cancelled,,,v1
ZEC-USDT,sell,364.01,2026-04-12 15:21:33.958328+00:00,expired,,,v1
SOL-USDT,buy,81.73,2026-04-12 16:30:18.312412+00:00,filled,2026-04-12 16:39:09.149579+00:00,81.65,v1
ZEC-USDT,buy,364.45,2026-04-12 17:01:35.656902+00:00,expired,,,v1
ZEC-USDT,sell,361.84,2026-04-12 21:13:34.382503+00:00,filled,2026-04-12 21:39:30.481067+00:00,364.1,v1
SOL-USDT,sell,82.13,2026-04-12 22:01:24.807168+00:00,filled,2026-04-12 22:06:42.449608+00:00,82.51,v1
ZEC-USDT,buy,361.84,2026-04-12 23:52:36.176134+00:00,expired,,,v1
SOL-USDT,buy,81.91,2026-04-13 00:49:12.103832+00:00,filled,2026-04-13 01:14:10.871423+00:00,81.98,v1
ZEC-USDT,sell,360.79,2026-04-13 01:16:34.305465+00:00,filled,2026-04-13 01:35:32.282666+00:00,362.97,v1
ZEC-USDT,buy,364.44,2026-04-13 02:00:35.648119+00:00,filled,2026-04-13 02:12:43.585757+00:00,362.94,v1
SOL-USDT,sell,81.9,2026-04-13 02:44:25.801350+00:00,expired,,,v1
ZEC-USDT,sell,358.54,2026-04-13 03:10:05.647906+00:00,filled,2026-04-13 03:24:06.503516+00:00,360.76,v1
SOL-USDT,buy,82.06,2026-04-13 04:36:12.233947+00:00,filled,2026-04-13 04:51:02.108197+00:00,82.0,v1
ZEC-USDT,sell,374.85,2026-04-13 06:03:29.038480+00:00,cancelled,,,v1
ZEC-USDT,sell,376.55,2026-04-13 06:05:02.423125+00:00,expired,,,v1
ZEC-USDT,sell,365.27,2026-04-13 07:10:05.326212+00:00,expired,,,v1
SOL-USDT,sell,81.87,2026-04-13 08:18:25.257712+00:00,expired,,,v1
ZEC-USDT,buy,362.25,2026-04-13 10:38:36.263643+00:00,expired,,,v1
SOL-USDT,buy,82.11,2026-04-13 12:09:12.163060+00:00,filled,2026-04-13 12:25:42.264941+00:00,81.95,v1
ZEC-USDT,sell,362.31,2026-04-13 12:26:34.592432+00:00,filled,2026-04-13 12:47:47.519349+00:00,361.84,v1
ZEC-USDT,buy,367.11,2026-04-13 13:19:36.051803+00:00,filled,2026-04-13 13:34:11.450156+00:00,365.8,v1
ZEC-USDT,sell,361.8,2026-04-13 14:08:34.006160+00:00,expired,,,v1
ZEC-USDT,buy,343.98,2026-04-13 15:37:01.492305+00:00,filled,2026-04-13 15:58:52.846491+00:00,348.26,v1
SOL-USDT,sell,82.36,2026-04-13 15:51:24.853112+00:00,filled,2026-04-13 16:00:18.123658+00:00,82.67,v1
ZEC-USDT,buy,352.07,2026-04-13 16:40:36.071869+00:00,filled,2026-04-13 17:00:40.068110+00:00,350.4,v1
SOL-USDT,sell,83.09,2026-04-13 17:52:25.133299+00:00,expired,,,v1
SOL-USDT,buy,83.5,2026-04-13 19:24:12.248661+00:00,cancelled,,,v1
SOL-USDT,buy,83.48,2026-04-13 19:26:11.888449+00:00,expired,,,v1
ZEC-USDT,sell,372.96,2026-04-13 21:57:29.269384+00:00,cancelled,,,v1
ZEC-USDT,sell,372.9,2026-04-13 22:01:28.621267+00:00,cancelled,,,v1
ZEC-USDT,sell,372.53,2026-04-13 22:05:02.698204+00:00,cancelled,,,v1
ZEC-USDT,sell,374.68,2026-04-13 22:10:02.028695+00:00,cancelled,,,v1
ZEC-USDT,sell,378.9,2026-04-13 22:15:05.153801+00:00,cancelled,,,v1
SOL-USDT,sell,84.97,2026-04-13 22:15:19.301882+00:00,cancelled,,,v1
ZEC-USDT,sell,380.51,2026-04-13 22:20:03.834900+00:00,cancelled,,,v1
SOL-USDT,sell,85.71,2026-04-13 22:20:03.981150+00:00,cancelled,,,v1
SOL-USDT,sell,85.67,2026-04-13 22:25:02.859597+00:00,cancelled,,,v1
ZEC-USDT,sell,379.38,2026-04-13 22:26:28.952154+00:00,cancelled,,,v1
SOL-USDT,sell,85.78,2026-04-13 22:30:02.172926+00:00,cancelled,,,v1
ZEC-USDT,sell,381.07,2026-04-13 22:30:05.673084+00:00,filled,2026-04-13 22:40:43.074190+00:00,377.11,v1
SOL-USDT,sell,85.97,2026-04-13 22:35:04.446903+00:00,cancelled,,,v1
SOL-USDT,sell,86.03,2026-04-13 22:53:19.326405+00:00,cancelled,,,v1
SOL-USDT,sell,86.27,2026-04-13 22:55:03.810407+00:00,cancelled,,,v1
SOL-USDT,sell,86.25,2026-04-13 23:00:08.013995+00:00,cancelled,,,v1
SOL-USDT,sell,86.34,2026-04-13 23:05:03.881175+00:00,cancelled,,,v1
SOL-USDT,sell,86.35,2026-04-13 23:10:03.307152+00:00,filled,2026-04-13 23:17:52.648590+00:00,86.1,v1
ZEC-USDT,sell,366.93,2026-04-13 23:17:33.937071+00:00,cancelled,,,v1
SOL-USDT,sell,86.49,2026-04-13 23:26:19.800458+00:00,cancelled,,,v1
ZEC-USDT,sell,366.37,2026-04-13 23:27:34.425691+00:00,filled,2026-04-13 23:56:40.793942+00:00,367.52,v1
SOL-USDT,sell,86.58,2026-04-13 23:30:06.902236+00:00,filled,2026-04-13 23:40:12.134124+00:00,86.48,v1
SOL-USDT,sell,85.91,2026-04-14 00:47:25.194735+00:00,expired,,,v1
SOL-USDT,buy,86.26,2026-04-14 02:22:12.360704+00:00,filled,2026-04-14 02:30:43.793214+00:00,86.08,v1
SOL-USDT,buy,86.25,2026-04-14 02:41:12.328950+00:00,cancelled,,,v1
SOL-USDT,buy,86.24,2026-04-14 02:48:12.951109+00:00,expired,,,v1
SOL-USDT,sell,85.68,2026-04-14 04:42:25.120831+00:00,filled,2026-04-14 04:54:38.029163+00:00,85.78,v1
ZEC-USDT,buy,364.67,2026-04-14 05:12:35.618804+00:00,filled,2026-04-14 05:41:15.540676+00:00,365.95,v1
SOL-USDT,buy,86.14,2026-04-14 07:10:05.431694+00:00,filled,2026-04-14 07:32:51.719418+00:00,85.94,v1
SOL-USDT,buy,86.25,2026-04-14 08:34:12.183925+00:00,expired,,,v1
ZEC-USDT,sell,373.58,2026-04-14 10:23:34.257722+00:00,expired,,,v1
SOL-USDT,sell,85.8,2026-04-14 11:11:24.993325+00:00,filled,2026-04-14 11:15:15.377376+00:00,86.02,v1
SOL-USDT,sell,85.78,2026-04-14 11:28:25.900369+00:00,expired,,,v1
SOL-USDT,buy,86.11,2026-04-14 13:03:01.723265+00:00,expired,,,v1
SOL-USDT,sell,85.31,2026-04-14 15:09:25.741942+00:00,filled,2026-04-14 15:33:20.408989+00:00,85.8,v1
ZEC-USDT,buy,352.65,2026-04-14 16:52:01.182122+00:00,cancelled,,,v1
ZEC-USDT,buy,352.55,2026-04-14 16:56:00.493562+00:00,cancelled,,,v1
ZEC-USDT,buy,352.51,2026-04-14 17:00:06.535302+00:00,cancelled,,,v1
ZEC-USDT,buy,351.34,2026-04-14 17:05:02.137838+00:00,cancelled,,,v1
ZEC-USDT,buy,351.71,2026-04-14 17:10:05.098115+00:00,cancelled,,,v1
ZEC-USDT,buy,351.54,2026-04-14 17:15:07.223745+00:00,filled,2026-04-14 17:23:35.143188+00:00,353.29,v1
ZEC-USDT,buy,356.27,2026-04-14 18:10:05.395761+00:00,filled,2026-04-14 18:28:56.654419+00:00,354.02,v1
ZEC-USDT,sell,352.32,2026-04-14 18:37:34.008830+00:00,expired,,,v1
ZEC-USDT,buy,349.98,2026-04-14 21:05:04.535713+00:00,expired,,,v1
SOL-USDT,buy,83.89,2026-04-15 00:23:01.701410+00:00,filled,2026-04-15 00:32:40.783428+00:00,83.73,v1
SOL-USDT,buy,83.98,2026-04-15 01:52:01.525193+00:00,expired,,,v1
ZEC-USDT,sell,355.02,2026-04-15 02:34:34.068120+00:00,expired,,,v1
ZEC-USDT,buy,357.32,2026-04-15 04:01:36.116107+00:00,filled,2026-04-15 04:06:57.365602+00:00,355.37,v1
SOL-USDT,buy,83.55,2026-04-15 05:01:01.820646+00:00,filled,2026-04-15 05:07:01.709908+00:00,83.45,v1
SOL-USDT,sell,82.95,2026-04-15 05:41:03.788752+00:00,expired,,,v1
ZEC-USDT,buy,353.93,2026-04-15 08:06:36.172227+00:00,cancelled,,,v1
ZEC-USDT,buy,353.31,2026-04-15 08:10:35.662621+00:00,expired,,,v1
SOL-USDT,buy,83.33,2026-04-15 10:08:01.703621+00:00,filled,2026-04-15 10:12:44.403554+00:00,83.14,v1
ZEC-USDT,sell,355.93,2026-04-15 12:40:34.553429+00:00,filled,2026-04-15 12:50:41.379524+00:00,357.28,v1
ZEC-USDT,sell,355.62,2026-04-15 13:05:33.987661+00:00,cancelled,,,v1
ZEC-USDT,sell,355.8,2026-04-15 13:32:34.876979+00:00,cancelled,,,v1
ZEC-USDT,sell,355.81,2026-04-15 13:38:33.926428+00:00,cancelled,,,v1
ZEC-USDT,sell,356.25,2026-04-15 13:42:34.391096+00:00,filled,2026-04-15 13:49:45.497177+00:00,357.28,v1
SOL-USDT,sell,83.26,2026-04-15 13:44:04.100176+00:00,filled,2026-04-15 13:57:25.262148+00:00,83.43,v1
ZEC-USDT,buy,358.9,2026-04-15 13:58:35.628695+00:00,filled,2026-04-15 14:08:01.836511+00:00,357.39,v1
SOL-USDT,buy,83.61,2026-04-15 14:15:04.684746+00:00,filled,2026-04-15 14:39:07.238154+00:00,83.83,v1
ZEC-USDT,sell,353.36,2026-04-15 15:06:34.468398+00:00,cancelled,,,v1
ZEC-USDT,sell,353.3,2026-04-15 15:23:34.005480+00:00,expired,,,v1
SOL-USDT,sell,83.5,2026-04-15 15:31:05.849622+00:00,filled,2026-04-15 15:46:29.934099+00:00,83.97,v1
ZEC-USDT,buy,356.3,2026-04-15 17:04:36.202995+00:00,filled,2026-04-15 17:30:53.561782+00:00,355.61,v1
SOL-USDT,buy,84.9,2026-04-15 17:08:01.654225+00:00,filled,2026-04-15 17:17:40.217869+00:00,84.58,v1
ZEC-USDT,sell,353.81,2026-04-15 17:45:33.920522+00:00,filled,2026-04-15 18:02:08.850567+00:00,354.62,v1
ZEC-USDT,buy,356.02,2026-04-15 19:10:36.017297+00:00,filled,2026-04-15 19:19:47.932017+00:00,355.2,v1
ZEC-USDT,buy,356.1,2026-04-15 19:30:35.949485+00:00,filled,2026-04-15 19:55:23.454467+00:00,357.32,v1
SOL-USDT,sell,84.99,2026-04-15 20:09:03.466051+00:00,expired,,,v1
ZEC-USDT,sell,347.61,2026-04-15 20:39:34.257807+00:00,filled,2026-04-15 21:02:49.320792+00:00,348.78,v1
SOL-USDT,sell,84.5,2026-04-15 21:10:03.479443+00:00,filled,2026-04-15 21:39:15.756205+00:00,84.55,v1
SOL-USDT,buy,85.13,2026-04-15 22:05:01.540295+00:00,filled,2026-04-15 22:19:22.187581+00:00,84.93,v1
ZEC-USDT,buy,352.57,2026-04-15 22:39:35.591205+00:00,filled,2026-04-15 22:56:00.166155+00:00,349.5,v1
SOL-USDT,sell,84.5,2026-04-16 00:27:04.164656+00:00,filled,2026-04-16 00:30:11.300216+00:00,84.71,v1
ZEC-USDT,buy,348.59,2026-04-16 00:32:35.666783+00:00,filled,2026-04-16 00:42:46.607394+00:00,346.57,v1
ZEC-USDT,sell,345.22,2026-04-16 00:49:33.954124+00:00,expired,,,v1
SOL-USDT,sell,84.53,2026-04-16 01:06:03.710066+00:00,expired,,,v1
ZEC-USDT,buy,341.6,2026-04-16 05:26:36.219161+00:00,expired,,,v1
SOL-USDT,sell,85.1,2026-04-16 07:55:05.092731+00:00,filled,2026-04-16 08:21:37.518826+00:00,85.2,v1
ZEC-USDT,sell,339.06,2026-04-16 08:10:04.113393+00:00,cancelled,,,v1
ZEC-USDT,sell,338.92,2026-04-16 08:18:33.949209+00:00,cancelled,,,v1
ZEC-USDT,sell,339.25,2026-04-16 08:39:33.926538+00:00,filled,2026-04-16 08:44:55.277607+00:00,340.23,v1
SOL-USDT,buy,85.37,2026-04-16 09:17:01.842926+00:00,expired,,,v1
ZEC-USDT,buy,342.49,2026-04-16 09:34:36.483391+00:00,expired,,,v1
SOL-USDT,sell,84.71,2026-04-16 10:19:03.833176+00:00,filled,2026-04-16 10:24:45.263573+00:00,84.99,v1
ZEC-USDT,sell,343.66,2026-04-16 11:35:34.238446+00:00,filled,2026-04-16 12:01:43.332079+00:00,344.04,v1
SOL-USDT,buy,85.24,2026-04-16 12:04:01.128119+00:00,expired,,,v1
ZEC-USDT,buy,345.26,2026-04-16 13:18:36.301164+00:00,filled,2026-04-16 13:42:07.940653+00:00,344.53,v1
SOL-USDT,sell,86.19,2026-04-16 13:27:55.807774+00:00,filled,2026-04-16 13:30:15.829725+00:00,85.92,v1
SOL-USDT,sell,85.22,2026-04-16 13:52:04.617073+00:00,expired,,,v1
ZEC-USDT,sell,341.39,2026-04-16 13:52:33.895089+00:00,expired,,,v1
SOL-USDT,buy,85.29,2026-04-16 14:50:01.624040+00:00,expired,,,v1
SOL-USDT,sell,88.97,2026-04-16 21:21:55.890927+00:00,expired,,,v1
ZEC-USDT,sell,338.85,2026-04-16 22:13:54.083928+00:00,expired,,,v1
ZEC-USDT,buy,340.4,2026-04-17 00:02:02.622432+00:00,expired,,,v1
ZEC-USDT,sell,338.21,2026-04-17 02:06:51.767746+00:00,cancelled,,,v1
SOL-USDT,buy,87.99,2026-04-17 06:51:05.200760+00:00,expired,,,v1
ZEC-USDT,buy,334.66,2026-04-17 07:02:01.988295+00:00,expired,,,v1
ZEC-USDT,sell,332.6,2026-04-17 10:10:52.009307+00:00,expired,,,v1
SOL-USDT,sell,87.93,2026-04-17 10:29:08.666477+00:00,expired,,,v1
ZEC-USDT,buy,334.06,2026-04-17 12:26:03.625619+00:00,cancelled,,,v1
ZEC-USDT,buy,333.95,2026-04-17 12:31:02.466019+00:00,cancelled,,,v1
SOL-USDT,buy,88.4,2026-04-17 12:31:04.453345+00:00,cancelled,,,v1
SOL-USDT,buy,88.41,2026-04-17 12:47:04.548050+00:00,cancelled,,,v1
SOL-USDT,sell,88.62,2026-04-17 12:48:58.907114+00:00,expired,,,v1
ZEC-USDT,sell,341.15,2026-04-17 12:59:22.394453+00:00,cancelled,,,v1
ZEC-USDT,sell,341.15,2026-04-17 13:00:09.332567+00:00,cancelled,,,v1
ZEC-USDT,sell,342.97,2026-04-17 13:09:22.514918+00:00,cancelled,,,v1
ZEC-USDT,sell,344.2,2026-04-17 13:10:05.358098+00:00,cancelled,,,v1
ZEC-USDT,sell,345.48,2026-04-17 13:15:06.801908+00:00,cancelled,,,v1
ZEC-USDT,sell,347.97,2026-04-17 13:20:04.623593+00:00,cancelled,,,v1
SOL-USDT,sell,90.18,2026-04-17 13:23:39.347732+00:00,cancelled,,,v1
SOL-USDT,sell,90.31,2026-04-17 13:25:04.722860+00:00,cancelled,,,v1
SOL-USDT,sell,90.5,2026-04-17 13:45:45.173038+00:00,invalidated,,,v1
ZEC-USDT,sell,350.59,2026-04-17 13:55:22.861842+00:00,invalidated,,,v1
SOL-USDT,buy,90.04,2026-04-17 13:58:05.275901+00:00,invalidated,,,v1
ZEC-USDT,sell,351.61,2026-04-17 14:00:07.656137+00:00,invalidated,,,v1
ZEC-USDT,sell,354.03,2026-04-17 14:11:22.709188+00:00,invalidated,,,v1
ZEC-USDT,sell,353.24,2026-04-17 14:15:05.671216+00:00,invalidated,,,v1
ZEC-USDT,sell,353.46,2026-04-17 14:20:06.967427+00:00,invalidated,,,v1
ZEC-USDT,sell,354.79,2026-04-17 14:26:22.423345+00:00,invalidated,,,v1
ZEC-USDT,sell,354.35,2026-04-17 14:35:05.434208+00:00,invalidated,,,v1
ZEC-USDT,sell,348.36,2026-04-17 14:50:51.535425+00:00,invalidated,,,v1
SOL-USDT,buy,90.5,2026-04-17 15:29:57.464340+00:00,invalidated,,,v1
SOL-USDT,buy,89.68,2026-04-17 15:31:02.505865+00:00,invalidated,,,v1
SOL-USDT,sell,89.74,2026-04-17 17:11:09.286358+00:00,invalidated,,,v1
ZEC-USDT,buy,330.49,2026-04-17 18:10:55.780167+00:00,invalidated,,,v1
ZEC-USDT,buy,328.35,2026-04-17 19:00:55.209301+00:00,invalidated,,,v1
ZEC-USDT,buy,326.28,2026-04-17 19:05:05.826660+00:00,invalidated,,,v1
ZEC-USDT,buy,322.8,2026-04-17 20:50:04.238057+00:00,invalidated,,,v1
ZEC-USDT,buy,327.96,2026-04-17 22:06:02.555330+00:00,invalidated,,,v1
SOL-USDT,buy,89.34,2026-04-17 22:35:03.232459+00:00,invalidated,,,v1
SOL-USDT,sell,88.67,2026-04-17 23:18:59.935824+00:00,invalidated,,,v1
SOL-USDT,sell,88.59,2026-04-17 23:19:08.726055+00:00,invalidated,,,v1
ZEC-USDT,sell,326.6,2026-04-17 23:19:51.518753+00:00,invalidated,,,v1
SOL-USDT,buy,88.72,2026-04-18 00:10:13.869144+00:00,invalidated,,,v1
ZEC-USDT,buy,331.28,2026-04-18 00:17:01.624761+00:00,invalidated,,,v1
SOL-USDT,buy,89.1,2026-04-18 00:56:05.329937+00:00,invalidated,,,v1
SOL-USDT,buy,89.01,2026-04-18 02:29:04.963264+00:00,invalidated,,,v1
SOL-USDT,buy,89.02,2026-04-18 02:38:05.072681+00:00,filled,2026-04-18 02:50:28.125795+00:00,88.88,v1
SOL-USDT,sell,88.48,2026-04-18 03:54:08.985123+00:00,invalidated,,,v1
ZEC-USDT,sell,335.93,2026-04-18 06:14:52.135905+00:00,invalidated,,,v1
ZEC-USDT,buy,323.77,2026-04-18 12:50:03.971866+00:00,invalidated,,,v1
ZEC-USDT,sell,322.24,2026-04-18 13:35:52.183026+00:00,invalidated,,,v1
ZEC-USDT,buy,325.46,2026-04-18 15:37:02.836717+00:00,invalidated,,,v1
ZEC-USDT,buy,325.44,2026-04-18 15:48:01.658817+00:00,filled,2026-04-18 16:01:06.605347+00:00,325.02,v1
SOL-USDT,buy,86.86,2026-04-18 16:14:04.476226+00:00,invalidated,,,v1
SOL-USDT,sell,86.56,2026-04-18 18:02:09.209176+00:00,invalidated,,,v1
SOL-USDT,sell,86.57,2026-04-18 18:14:08.720935+00:00,invalidated,,,v1
ZEC-USDT,sell,322.75,2026-04-18 18:19:51.478186+00:00,invalidated,,,v1
SOL-USDT,buy,86.26,2026-04-18 20:46:05.626064+00:00,invalidated,,,v1
SOL-USDT,buy,86.35,2026-04-18 23:04:05.107588+00:00,invalidated,,,v1
ZEC-USDT,buy,325.05,2026-04-18 23:08:01.623086+00:00,invalidated,,,v1
SOL-USDT,sell,86.03,2026-04-19 00:17:09.080877+00:00,expired,,,v1
ZEC-USDT,buy,324.69,2026-04-19 00:24:01.681120+00:00,invalidated,,,v1
ZEC-USDT,buy,324.39,2026-04-19 00:50:02.508108+00:00,invalidated,,,v1
ZEC-USDT,sell,322.4,2026-04-19 02:25:02.733123+00:00,invalidated,,,v1
ZEC-USDT,buy,324.64,2026-04-19 03:17:01.773739+00:00,invalidated,,,v1
SOL-USDT,buy,85.84,2026-04-19 04:13:05.482039+00:00,invalidated,,,v1
ZEC-USDT,buy,323.03,2026-04-19 05:34:02.201636+00:00,invalidated,,,v1
SOL-USDT,sell,85.36,2026-04-19 05:47:09.367923+00:00,expired,,,v1
SOL-USDT,buy,85.58,2026-04-19 06:38:07.474920+00:00,invalidated,,,v1
ZEC-USDT,sell,321.69,2026-04-19 09:25:04.256368+00:00,invalidated,,,v1
SOL-USDT,buy,84.97,2026-04-19 09:34:05.178413+00:00,invalidated,,,v1
ZEC-USDT,buy,326.82,2026-04-19 10:22:02.429848+00:00,invalidated,,,v1
SOL-USDT,buy,84.86,2026-04-19 10:52:05.384664+00:00,expired,,,v1
ZEC-USDT,sell,330.37,2026-04-19 14:05:52.323666+00:00,invalidated,,,v1
SOL-USDT,sell,86.19,2026-04-19 15:02:08.746603+00:00,invalidated,,,v1
SOL-USDT,sell,85.95,2026-04-19 15:35:03.628514+00:00,invalidated,,,v1
SOL-USDT,buy,85.44,2026-04-19 19:19:05.835476+00:00,invalidated,,,v1
ZEC-USDT,buy,306.52,2026-04-19 19:21:01.634382+00:00,invalidated,,,v1
SOL-USDT,sell,84.79,2026-04-19 20:45:02.785681+00:00,invalidated,,,v1
ZEC-USDT,buy,303.42,2026-04-20 00:16:02.894067+00:00,expired,,,v1
SOL-USDT,buy,83.88,2026-04-20 00:29:04.545165+00:00,invalidated,,,v1
SOL-USDT,sell,83.87,2026-04-20 02:14:08.675047+00:00,filled,2026-04-20 02:35:13.403998+00:00,84.11,v1
ZEC-USDT,sell,309.87,2026-04-20 04:37:51.858016+00:00,cancelled,,,v1
ZEC-USDT,sell,308.86,2026-04-20 04:40:02.851697+00:00,cancelled,,,v1
ZEC-USDT,sell,308.92,2026-04-20 04:45:51.263530+00:00,expired,,,v1
SOL-USDT,sell,84.12,2026-04-20 05:11:08.937991+00:00,expired,,,v1
SOL-USDT,buy,84.23,2026-04-20 06:34:05.378663+00:00,expired,,,v1
ZEC-USDT,buy,308.67,2026-04-20 06:41:01.758579+00:00,filled,2026-04-20 06:52:20.606548+00:00,307.06,v1
ZEC-USDT,buy,308.38,2026-04-20 07:22:01.430415+00:00,filled,2026-04-20 07:35:50.969083+00:00,307.86,v1
ZEC-USDT,sell,308.56,2026-04-20 12:30:51.893976+00:00,cancelled,,,v1
ZEC-USDT,sell,308.29,2026-04-20 12:38:51.187661+00:00,filled,2026-04-20 13:00:00.798803+00:00,308.67,v1
SOL-USDT,sell,85.03,2026-04-20 14:15:05.727984+00:00,filled,2026-04-20 14:17:45.261179+00:00,85.17,v1
ZEC-USDT,buy,310.62,2026-04-20 14:25:05.855872+00:00,filled,2026-04-20 14:41:06.794621+00:00,308.95,v1
SOL-USDT,sell,84.86,2026-04-20 14:51:09.220064+00:00,filled,2026-04-20 15:11:44.286805+00:00,84.89,v1
SOL-USDT,buy,85.22,2026-04-20 15:22:04.470691+00:00,expired,,,v1
ZEC-USDT,sell,316.61,2026-04-20 21:11:51.821894+00:00,cancelled,,,v1
SOL-USDT,sell,85.67,2026-04-20 21:12:08.389424+00:00,cancelled,,,v1
ZEC-USDT,sell,317.09,2026-04-20 21:15:10.471198+00:00,expired,,,v1
SOL-USDT,sell,85.62,2026-04-20 21:20:08.347529+00:00,filled,2026-04-20 21:37:18.765373+00:00,85.75,v1
ZEC-USDT,buy,314.02,2026-04-21 00:36:01.827208+00:00,expired,,,v1
SOL-USDT,buy,85.64,2026-04-21 00:48:05.244072+00:00,expired,,,v1
SOL-USDT,sell,85.08,2026-04-21 03:03:08.930985+00:00,cancelled,,,v1
SOL-USDT,sell,85.15,2026-04-21 03:06:08.378117+00:00,filled,2026-04-21 03:26:12.471407+00:00,85.2,v1
SOL-USDT,buy,85.48,2026-04-21 03:34:04.196985+00:00,expired,,,v1
ZEC-USDT,sell,314.85,2026-04-21 04:06:51.457149+00:00,filled,2026-04-21 04:32:01.256704+00:00,315.35,v1
ZEC-USDT,sell,314.76,2026-04-21 05:27:52.086621+00:00,cancelled,,,v1
ZEC-USDT,sell,314.13,2026-04-21 05:46:51.857879+00:00,cancelled,,,v1
ZEC-USDT,sell,314.01,2026-04-21 05:50:52.012191+00:00,expired,,,v1
SOL-USDT,sell,85.63,2026-04-21 09:27:08.949004+00:00,filled,2026-04-21 09:40:23.160082+00:00,85.69,v1
SOL-USDT,buy,85.86,2026-04-21 10:03:04.104426+00:00,cancelled,,,v1
SOL-USDT,buy,85.89,2026-04-21 10:05:05.610552+00:00,expired,,,v1
ZEC-USDT,buy,318.48,2026-04-21 10:23:01.450072+00:00,expired,,,v1
SOL-USDT,sell,85.76,2026-04-21 12:18:09.497420+00:00,filled,2026-04-21 12:35:08.480321+00:00,85.83,v1
ZEC-USDT,sell,326.48,2026-04-21 12:32:01.488120+00:00,filled,2026-04-21 12:54:01.869608+00:00,328.22,v1
ZEC-USDT,sell,324.51,2026-04-21 13:38:01.644643+00:00,expired,,,v1
SOL-USDT,buy,85.8,2026-04-21 13:44:04.225378+00:00,expired,,,v1
SOL-USDT,buy,86.06,2026-04-21 14:17:04.151619+00:00,cancelled,,,v1
SOL-USDT,buy,86.06,2026-04-21 14:26:04.129575+00:00,cancelled,,,v1
SOL-USDT,buy,86.0,2026-04-21 14:31:04.576313+00:00,filled,2026-04-21 14:56:56.920490+00:00,86.17,v1
ZEC-USDT,buy,326.87,2026-04-21 14:33:03.705325+00:00,filled,2026-04-21 14:56:11.913057+00:00,327.74,v1
ZEC-USDT,sell,324.57,2026-04-21 14:59:01.243745+00:00,filled,2026-04-21 15:19:04.307031+00:00,325.64,v1
SOL-USDT,sell,85.49,2026-04-21 15:36:08.585600+00:00,filled,2026-04-21 15:40:20.470640+00:00,85.85,v1
SOL-USDT,sell,85.57,2026-04-21 17:01:08.680432+00:00,cancelled,,,v1
SOL-USDT,sell,85.54,2026-04-21 17:05:09.203857+00:00,cancelled,,,v1
SOL-USDT,sell,85.55,2026-04-21 17:10:07.970167+00:00,filled,2026-04-21 17:38:59.784640+00:00,85.23,v1
SOL-USDT,buy,85.36,2026-04-21 19:02:04.695941+00:00,filled,2026-04-21 19:14:43.402959+00:00,85.13,v1
SOL-USDT,sell,84.92,2026-04-21 19:37:08.456572+00:00,expired,,,v1
SOL-USDT,buy,85.48,2026-04-21 23:02:04.672659+00:00,filled,2026-04-21 23:28:03.148543+00:00,85.47,v1
ZEC-USDT,buy,312.42,2026-04-21 23:07:01.294857+00:00,expired,,,v1
ZEC-USDT,sell,321.58,2026-04-22 07:29:01.604204+00:00,filled,2026-04-22 07:51:02.992682+00:00,322.36,v1
ZEC-USDT,buy,321.37,2026-04-22 09:10:11.109858+00:00,filled,2026-04-22 09:21:18.957349+00:00,319.18,v1
ZEC-USDT,buy,320.32,2026-04-22 13:09:02.336842+00:00,filled,2026-04-22 13:21:43.371306+00:00,319.25,v1
SOL-USDT,sell,88.51,2026-04-22 14:33:08.933412+00:00,cancelled,,,v1
SOL-USDT,sell,88.57,2026-04-22 14:45:11.227797+00:00,filled,2026-04-22 14:59:09.516172+00:00,88.79,v1
ZEC-USDT,sell,322.77,2026-04-22 17:33:01.707677+00:00,filled,2026-04-22 17:47:48.667934+00:00,324.03,v1
ZEC-USDT,buy,321.97,2026-04-22 21:57:01.949535+00:00,expired,,,v1
SOL-USDT,buy,87.66,2026-04-22 22:01:04.404720+00:00,filled,2026-04-22 22:03:58.522808+00:00,87.4,v1
ZEC-USDT,sell,319.0,2026-04-22 23:02:01.302851+00:00,expired,,,v1
ZEC-USDT,buy,317.81,2026-04-23 01:28:02.268411+00:00,cancelled,,,v1
ZEC-USDT,buy,317.51,2026-04-23 01:39:01.477564+00:00,cancelled,,,v1
ZEC-USDT,buy,317.71,2026-04-23 01:42:02.167438+00:00,filled,2026-04-23 02:02:02.064020+00:00,317.21,v1
ZEC-USDT,sell,315.6,2026-04-23 02:34:01.247562+00:00,expired,,,v1
ZEC-USDT,sell,313.25,2026-04-23 03:31:01.191104+00:00,filled,2026-04-23 03:54:42.645923+00:00,313.19,v1
ZEC-USDT,buy,315.54,2026-04-23 05:04:02.084134+00:00,filled,2026-04-23 05:18:21.802955+00:00,314.68,v1
ZEC-USDT,sell,314.68,2026-04-23 09:06:01.786682+00:00,filled,2026-04-23 09:18:10.862600+00:00,315.86,v1
ZEC-USDT,buy,317.7,2026-04-23 09:42:01.420657+00:00,filled,2026-04-23 09:47:45.067070+00:00,316.09,v1
ZEC-USDT,buy,316.61,2026-04-23 11:27:02.004928+00:00,expired,,,v1
SOL-USDT,buy,85.75,2026-04-23 11:48:05.376999+00:00,cancelled,,,v1
SOL-USDT,buy,85.76,2026-04-23 11:53:04.222627+00:00,expired,,,v1
SOL-USDT,sell,85.55,2026-04-23 13:53:08.953222+00:00,cancelled,,,v1
SOL-USDT,sell,85.55,2026-04-23 14:02:08.411365+00:00,filled,2026-04-23 14:04:20.641902+00:00,85.75,v1
SOL-USDT,sell,85.57,2026-04-23 14:07:08.453481+00:00,cancelled,,,v1
SOL-USDT,sell,85.55,2026-04-23 14:11:08.410088+00:00,cancelled,,,v1
SOL-USDT,buy,85.88,2026-04-23 14:27:04.217678+00:00,cancelled,,,v1
SOL-USDT,buy,85.78,2026-04-23 14:31:05.804118+00:00,cancelled,,,v1
SOL-USDT,buy,85.91,2026-04-23 14:36:05.391348+00:00,cancelled,,,v1
SOL-USDT,buy,85.89,2026-04-23 14:41:04.177348+00:00,filled,2026-04-23 15:04:21.341623+00:00,85.89,v1
ZEC-USDT,sell,327.32,2026-04-23 14:42:01.170883+00:00,cancelled,,,v1
ZEC-USDT,sell,326.59,2026-04-23 14:50:01.737757+00:00,filled,2026-04-23 15:17:32.788840+00:00,327.35,v1
ZEC-USDT,buy,326.17,2026-04-23 16:36:04.860848+00:00,filled,2026-04-23 16:42:35.232072+00:00,325.47,v1
SOL-USDT,sell,85.22,2026-04-23 17:10:06.992621+00:00,expired,,,v1
SOL-USDT,buy,85.52,2026-04-23 20:06:04.737407+00:00,filled,2026-04-23 20:16:09.653528+00:00,85.4,v1
ZEC-USDT,sell,341.25,2026-04-24 02:29:01.564590+00:00,filled,2026-04-24 02:44:37.679367+00:00,343.2,v1
SOL-USDT,sell,85.75,2026-04-24 02:53:08.366494+00:00,expired,,,v1
SOL-USDT,buy,85.54,2026-04-24 05:48:04.711673+00:00,expired,,,v1
ZEC-USDT,buy,348.74,2026-04-24 06:19:01.397956+00:00,filled,2026-04-24 06:32:25.619375+00:00,345.36,v1
SOL-USDT,sell,85.29,2026-04-24 06:37:08.334314+00:00,filled,2026-04-24 06:52:21.650585+00:00,85.48,v1
SOL-USDT,sell,85.36,2026-04-24 07:39:08.806093+00:00,expired,,,v1
ZEC-USDT,sell,340.44,2026-04-24 09:09:01.285413+00:00,filled,2026-04-24 09:35:20.920546+00:00,340.32,v1
SOL-USDT,sell,84.93,2026-04-24 09:09:09.242495+00:00,expired,,,v1
ZEC-USDT,buy,346.3,2026-04-24 10:23:56.892113+00:00,expired,,,v1
SOL-USDT,buy,85.54,2026-04-24 10:26:19.922233+00:00,cancelled,,,v1
SOL-USDT,buy,85.47,2026-04-24 10:35:06.804028+00:00,cancelled,,,v1
SOL-USDT,buy,85.49,2026-04-24 10:41:19.983903+00:00,cancelled,,,v1
SOL-USDT,buy,85.44,2026-04-24 10:47:10.777647+00:00,expired,,,v1
SOL-USDT,sell,86.06,2026-04-24 13:31:18.849595+00:00,cancelled,,,v1
SOL-USDT,sell,86.15,2026-04-24 13:37:18.486426+00:00,cancelled,,,v1
SOL-USDT,sell,86.11,2026-04-24 13:40:38.186544+00:00,expired,,,v1
ZEC-USDT,sell,351.66,2026-04-24 13:47:49.281871+00:00,filled,2026-04-24 13:58:55.014039+00:00,353.45,v1
SOL-USDT,buy,86.07,2026-04-24 15:30:56.806413+00:00,expired,,,v1
ZEC-USDT,buy,357.05,2026-04-24 15:47:22.031052+00:00,cancelled,,,v1
ZEC-USDT,buy,357.36,2026-04-24 15:53:21.957280+00:00,filled,2026-04-24 16:16:39.519132+00:00,355.35,v1
SOL-USDT,sell,86.11,2026-04-24 18:15:55.508738+00:00,filled,2026-04-24 18:31:31.651547+00:00,86.24,v1
SOL-USDT,buy,86.35,2026-04-24 19:01:56.213988+00:00,expired,,,v1
ZEC-USDT,sell,357.71,2026-04-24 19:54:49.497771+00:00,filled,2026-04-24 20:14:49.674077+00:00,358.39,v1
SOL-USDT,buy,86.48,2026-04-24 20:04:56.215328+00:00,expired,,,v1
ZEC-USDT,buy,361.99,2026-04-24 20:37:21.847159+00:00,filled,2026-04-24 20:58:40.354544+00:00,359.62,v1
SOL-USDT,sell,86.31,2026-04-24 22:10:25.953398+00:00,expired,,,v1
ZEC-USDT,sell,357.63,2026-04-25 00:08:49.901065+00:00,expired,,,v1
SOL-USDT,buy,86.26,2026-04-25 01:45:06.864860+00:00,filled,2026-04-25 02:05:47.107901+00:00,86.17,v1
ZEC-USDT,buy,359.43,2026-04-25 04:14:22.080168+00:00,expired,,,v1
ZEC-USDT,sell,353.57,2026-04-25 05:02:49.443499+00:00,expired,,,v1
SOL-USDT,sell,86.15,2026-04-25 05:03:54.874507+00:00,expired,,,v1
ZEC-USDT,buy,357.21,2026-04-25 06:08:22.005195+00:00,filled,2026-04-25 06:19:17.398581+00:00,355.41,v1
SOL-USDT,buy,86.34,2026-04-25 06:31:56.219738+00:00,expired,,,v1
ZEC-USDT,sell,354.49,2026-04-25 09:27:49.460395+00:00,expired,,,v1
ZEC-USDT,buy,358.78,2026-04-25 10:32:21.946075+00:00,expired,,,v1
SOL-USDT,sell,86.41,2026-04-25 11:05:54.856638+00:00,expired,,,v1
ZEC-USDT,sell,355.09,2026-04-25 12:29:49.572124+00:00,filled,2026-04-25 12:48:13.202214+00:00,356.18,v1
SOL-USDT,buy,86.41,2026-04-25 13:08:56.821493+00:00,expired,,,v1
ZEC-USDT,buy,358.62,2026-04-25 14:24:22.122999+00:00,expired,,,v1
SOL-USDT,sell,86.47,2026-04-25 14:57:54.879314+00:00,filled,2026-04-25 15:14:04.354725+00:00,86.53,v1
ZEC-USDT,sell,356.75,2026-04-25 15:39:49.530112+00:00,cancelled,,,v1
ZEC-USDT,sell,355.8,2026-04-25 15:49:49.732758+00:00,filled,2026-04-25 16:01:32.084761+00:00,356.75,v1
SOL-USDT,buy,85.69,2026-04-25 20:19:56.868042+00:00,expired,,,v1
ZEC-USDT,buy,355.52,2026-04-25 20:22:21.724568+00:00,expired,,,v1
ZEC-USDT,sell,356.72,2026-04-26 00:05:49.792530+00:00,expired,,,v1
SOL-USDT,sell,85.92,2026-04-26 00:56:54.827145+00:00,cancelled,,,v1
SOL-USDT,sell,85.95,2026-04-26 01:01:54.818420+00:00,cancelled,,,v1
SOL-USDT,sell,85.97,2026-04-26 01:05:02.827086+00:00,filled,2026-04-26 01:06:11.013772+00:00,86.01,v1
SOL-USDT,sell,85.95,2026-04-26 01:21:57.113711+00:00,expired,,,v1
SOL-USDT,buy,86.12,2026-04-26 02:14:56.277659+00:00,expired,,,v1
SOL-USDT,sell,86.09,2026-04-26 03:26:55.412714+00:00,expired,,,v1
ZEC-USDT,buy,357.32,2026-04-26 04:15:22.369701+00:00,filled,2026-04-26 04:29:14.662993+00:00,356.36,v1
SOL-USDT,buy,86.29,2026-04-26 04:41:56.611880+00:00,filled,2026-04-26 05:05:04.266454+00:00,86.27,v1
ZEC-USDT,sell,355.83,2026-04-26 05:49:49.961114+00:00,expired,,,v1
ZEC-USDT,buy,356.18,2026-04-26 07:56:22.054335+00:00,cancelled,,,v1
ZEC-USDT,buy,356.29,2026-04-26 08:07:21.688036+00:00,cancelled,,,v1
ZEC-USDT,buy,357.7,2026-04-26 08:14:22.654811+00:00,filled,2026-04-26 08:22:17.604319+00:00,355.86,v1
ZEC-USDT,sell,354.49,2026-04-26 08:29:49.174408+00:00,filled,2026-04-26 08:47:04.882772+00:00,355.4,v1
SOL-USDT,sell,86.45,2026-04-26 10:45:28.884312+00:00,cancelled,,,v1
SOL-USDT,sell,86.42,2026-04-26 10:50:15.878505+00:00,expired,,,v1
ZEC-USDT,buy,354.24,2026-04-26 13:38:22.358551+00:00,filled,2026-04-26 13:53:54.715406+00:00,353.03,v1
SOL-USDT,buy,86.25,2026-04-26 14:19:56.234313+00:00,expired,,,v1
SOL-USDT,sell,86.32,2026-04-26 17:00:55.446410+00:00,filled,2026-04-26 17:10:17.256802+00:00,86.41,v1
SOL-USDT,buy,86.53,2026-04-26 17:28:56.226932+00:00,expired,,,v1
ZEC-USDT,sell,353.89,2026-04-26 18:02:49.462942+00:00,filled,2026-04-26 18:06:51.637285+00:00,354.49,v1
ZEC-USDT,buy,357.32,2026-04-26 18:42:21.681660+00:00,expired,,,v1
SOL-USDT,sell,86.61,2026-04-26 20:37:55.289768+00:00,cancelled,,,v1
SOL-USDT,sell,86.74,2026-04-26 20:55:54.941751+00:00,filled,2026-04-26 21:11:11.736731+00:00,86.83,v1
SOL-USDT,buy,86.89,2026-04-26 21:11:56.239189+00:00,expired,,,v1
ZEC-USDT,sell,356.59,2026-04-26 21:37:49.238303+00:00,filled,2026-04-26 21:55:16.252800+00:00,356.75,v1
SOL-USDT,sell,86.64,2026-04-26 22:32:55.115849+00:00,filled,2026-04-26 22:46:09.234469+00:00,86.67,v1
SOL-USDT,buy,86.86,2026-04-26 23:42:56.476822+00:00,filled,2026-04-27 00:12:58.683541+00:00,86.82,v1
ZEC-USDT,buy,359.09,2026-04-27 00:20:21.809836+00:00,cancelled,,,v1
SOL-USDT,sell,86.61,2026-04-27 00:25:38.831162+00:00,cancelled,,,v1
SOL-USDT,sell,86.62,2026-04-27 00:30:10.666423+00:00,cancelled,,,v1
ZEC-USDT,buy,359.16,2026-04-27 00:41:21.772339+00:00,expired,,,v1
SOL-USDT,buy,86.95,2026-04-27 00:41:56.371806+00:00,cancelled,,,v1
SOL-USDT,buy,86.88,2026-04-27 00:45:56.941065+00:00,expired,,,v1
ZEC-USDT,sell,356.31,2026-04-27 02:11:49.683309+00:00,filled,2026-04-27 02:30:48.152168+00:00,358.95,v1
SOL-USDT,sell,87.36,2026-04-27 02:27:55.672266+00:00,filled,2026-04-27 02:30:06.432483+00:00,87.57,v1
SOL-USDT,sell,87.63,2026-04-27 04:06:55.307442+00:00,cancelled,,,v1
SOL-USDT,sell,87.6,2026-04-27 04:11:54.995398+00:00,cancelled,,,v1
SOL-USDT,sell,87.6,2026-04-27 04:17:54.842708+00:00,filled,2026-04-27 04:27:51.845398+00:00,87.69,v1
ZEC-USDT,sell,357.39,2026-04-27 04:56:49.208203+00:00,cancelled,,,v1
ZEC-USDT,sell,357.32,2026-04-27 05:00:49.940297+00:00,expired,,,v1
ZEC-USDT,buy,354.88,2026-04-27 06:55:03.023129+00:00,expired,,,v1
ZEC-USDT,sell,355.62,2026-04-27 10:16:49.746815+00:00,filled,2026-04-27 10:31:07.091608+00:00,357.32,v1
ZEC-USDT,sell,355.33,2026-04-27 10:58:49.202289+00:00,filled,2026-04-27 11:16:20.174916+00:00,355.87,v1
ZEC-USDT,buy,358.78,2026-04-27 12:16:22.180067+00:00,filled,2026-04-27 12:35:25.508601+00:00,357.88,v1
ZEC-USDT,sell,354.81,2026-04-27 12:39:49.237763+00:00,filled,2026-04-27 13:08:36.151793+00:00,355.26,v1
ZEC-USDT,buy,357.33,2026-04-27 14:07:22.137233+00:00,cancelled,,,v1
ZEC-USDT,buy,358.45,2026-04-27 14:13:21.700085+00:00,expired,,,v1
SOL-USDT,buy,85.75,2026-04-27 14:36:56.257658+00:00,filled,2026-04-27 14:53:01.330753+00:00,85.36,v1
SOL-USDT,sell,84.11,2026-04-27 15:19:55.294572+00:00,expired,,,v1
ZEC-USDT,sell,354.56,2026-04-27 15:23:49.633066+00:00,filled,2026-04-27 15:31:20.792550+00:00,357.38,v1
ZEC-USDT,buy,353.92,2026-04-27 17:01:22.336175+00:00,filled,2026-04-27 17:18:37.480715+00:00,352.92,v1
SOL-USDT,buy,84.5,2026-04-27 17:25:56.227801+00:00,filled,2026-04-27 17:40:36.093617+00:00,84.38,v1
ZEC-USDT,sell,351.3,2026-04-27 19:30:49.502857+00:00,filled,2026-04-27 19:42:30.929451+00:00,354.34,v1
SOL-USDT,sell,83.78,2026-04-27 19:30:54.880978+00:00,expired,,,v1
ZEC-USDT,sell,352.22,2026-04-27 20:40:04.110584+00:00,expired,,,v1
ZEC-USDT,buy,354.28,2026-04-27 23:30:22.081762+00:00,filled,2026-04-27 23:59:44.440747+00:00,355.1,v1
ZEC-USDT,sell,351.09,2026-04-28 00:30:49.649301+00:00,cancelled,,,v1
ZEC-USDT,sell,351.66,2026-04-28 00:35:02.743556+00:00,filled,2026-04-28 00:41:45.029379+00:00,353.36,v1
ZEC-USDT,sell,351.94,2026-04-28 01:32:49.482791+00:00,filled,2026-04-28 01:55:08.048530+00:00,353.66,v1
SOL-USDT,sell,84.39,2026-04-28 01:35:03.392573+00:00,expired,,,v1
SOL-USDT,buy,84.2,2026-04-28 05:07:57.402933+00:00,cancelled,,,v1
SOL-USDT,buy,84.23,2026-04-28 05:25:13.888236+00:00,filled,2026-04-28 05:42:03.175875+00:00,84.18,v1
SOL-USDT,sell,84.01,2026-04-28 06:25:05.566952+00:00,cancelled,,,v1
SOL-USDT,sell,83.97,2026-04-28 06:37:54.910623+00:00,filled,2026-04-28 06:51:03.711710+00:00,84.01,v1
SOL-USDT,buy,84.01,2026-04-28 08:27:56.472012+00:00,cancelled,,,v1
SOL-USDT,sell,83.79,2026-04-28 08:44:54.854733+00:00,expired,,,v1
SOL-USDT,buy,83.59,2026-04-28 12:43:56.797346+00:00,filled,2026-04-28 13:07:43.013550+00:00,83.52,v1
ZEC-USDT,buy,335.14,2026-04-28 13:44:22.102269+00:00,cancelled,,,v1
ZEC-USDT,buy,335.45,2026-04-28 13:46:21.671425+00:00,filled,2026-04-28 13:52:57.299770+00:00,333.42,v1
SOL-USDT,sell,83.25,2026-04-28 14:02:54.801654+00:00,expired,,,v1
ZEC-USDT,buy,335.47,2026-04-28 14:57:22.083118+00:00,filled,2026-04-28 15:15:05.450808+00:00,334.17,v1
SOL-USDT,buy,83.4,2026-04-28 15:02:56.192573+00:00,filled,2026-04-28 15:07:32.673387+00:00,83.23,v1
SOL-USDT,buy,83.36,2026-04-28 15:20:06.022361+00:00,expired,,,v1
SOL-USDT,sell,83.76,2026-04-28 21:52:55.534950+00:00,filled,2026-04-28 22:07:46.523893+00:00,83.87,v1
SOL-USDT,sell,83.69,2026-04-28 22:13:54.800755+00:00,cancelled,,,v1
SOL-USDT,sell,83.66,2026-04-28 22:15:06.250095+00:00,cancelled,,,v1
SOL-USDT,sell,83.69,2026-04-28 22:25:28.898518+00:00,expired,,,v1
ZEC-USDT,sell,334.54,2026-04-28 23:26:49.795725+00:00,cancelled,,,v1
ZEC-USDT,sell,334.34,2026-04-28 23:32:50.266756+00:00,filled,2026-04-28 23:40:18.598002+00:00,334.84,v1
SOL-USDT,buy,83.83,2026-04-28 23:37:56.606165+00:00,expired,,,v1
ZEC-USDT,buy,336.8,2026-04-29 00:39:22.505592+00:00,filled,2026-04-29 01:08:09.196998+00:00,336.19,v1
ZEC-USDT,sell,335.35,2026-04-29 02:16:50.112181+00:00,expired,,,v1
ZEC-USDT,buy,339.64,2026-04-29 04:41:22.121383+00:00,filled,2026-04-29 05:10:42.531712+00:00,337.88,v1
ZEC-USDT,sell,337.47,2026-04-29 06:16:49.495980+00:00,expired,,,v1
SOL-USDT,sell,84.67,2026-04-29 06:35:54.802555+00:00,filled,2026-04-29 06:43:36.505831+00:00,84.78,v1
SOL-USDT,sell,84.68,2026-04-29 06:48:54.806572+00:00,expired,,,v1
SOL-USDT,buy,84.78,2026-04-29 07:36:56.456772+00:00,expired,,,v1
SOL-USDT,buy,84.61,2026-04-29 09:19:57.002583+00:00,expired,,,v1
ZEC-USDT,buy,336.25,2026-04-29 10:36:22.169739+00:00,filled,2026-04-29 10:42:02.260200+00:00,334.71,v1
SOL-USDT,sell,84.99,2026-04-29 11:01:54.825061+00:00,cancelled,,,v1
SOL-USDT,sell,85.0,2026-04-29 11:09:54.844935+00:00,expired,,,v1
ZEC-USDT,buy,322.26,2026-04-29 17:03:22.059029+00:00,expired,,,v2
SOL-USDT,buy,83.31,2026-04-29 17:59:56.477623+00:00,filled,2026-04-29 18:03:15.470629+00:00,83.05,v2
ZEC-USDT,sell,320.99,2026-04-29 18:08:49.475915+00:00,filled,2026-04-29 18:21:08.398729+00:00,321.63,v2
ZEC-USDT,buy,323.51,2026-04-29 20:37:22.379274+00:00,filled,2026-04-29 21:00:12.144652+00:00,322.57,v2
SOL-USDT,sell,83.59,2026-04-30 02:29:55.791886+00:00,expired,,,v2
ZEC-USDT,sell,327.3,2026-04-30 04:39:50.067873+00:00,filled,2026-04-30 04:48:58.196742+00:00,328.36,v2
ZEC-USDT,buy,331.39,2026-04-30 05:15:06.947301+00:00,filled,2026-04-30 05:25:38.982479+00:00,329.65,v2
SOL-USDT,buy,82.8,2026-04-30 06:31:56.917077+00:00,expired,,,v2
SOL-USDT,sell,82.97,2026-04-30 10:19:55.609168+00:00,expired,,,v2
SOL-USDT,buy,83.2,2026-04-30 12:16:56.933779+00:00,expired,,,v2
SOL-USDT,sell,82.99,2026-04-30 13:28:55.512382+00:00,filled,2026-04-30 13:39:11.983760+00:00,83.13,v2
SOL-USDT,buy,83.31,2026-04-30 13:40:56.663031+00:00,expired,,,v2
ZEC-USDT,sell,332.92,2026-04-30 14:16:49.226463+00:00,filled,2026-04-30 14:30:12.100666+00:00,334.42,v2
SOL-USDT,sell,82.86,2026-04-30 14:16:55.234604+00:00,expired,,,v2
SOL-USDT,buy,83.21,2026-04-30 14:50:06.359825+00:00,cancelled,,,v2
SOL-USDT,buy,83.25,2026-04-30 15:00:57.474302+00:00,cancelled,,,v2
SOL-USDT,buy,83.17,2026-04-30 15:07:56.274458+00:00,expired,,,v2
SOL-USDT,sell,83.06,2026-04-30 16:28:55.153048+00:00,cancelled,,,v2
SOL-USDT,sell,83.07,2026-04-30 16:53:54.817389+00:00,cancelled,,,v2
SOL-USDT,sell,83.07,2026-04-30 16:55:54.786017+00:00,expired,,,v2
SOL-USDT,buy,83.25,2026-04-30 18:03:56.547627+00:00,expired,,,v2
SOL-USDT,sell,83.02,2026-04-30 20:00:06.948426+00:00,expired,,,v2
ZEC-USDT,sell,348.97,2026-04-30 21:53:49.607723+00:00,filled,2026-04-30 22:14:09.392701+00:00,349.85,v2
ZEC-USDT,buy,349.94,2026-04-30 23:46:22.007738+00:00,filled,2026-05-01 00:05:42.181063+00:00,349.87,v2
SOL-USDT,buy,83.08,2026-05-01 00:01:56.514844+00:00,expired,,,v2
ZEC-USDT,sell,347.13,2026-05-01 00:58:49.460929+00:00,filled,2026-05-01 01:21:09.316917+00:00,347.39,v2
ZEC-USDT,buy,346.06,2026-05-01 03:17:22.006748+00:00,expired,,,v2
SOL-USDT,sell,83.69,2026-05-01 04:29:55.135975+00:00,filled,2026-05-01 04:48:23.434006+00:00,83.85,v2
SOL-USDT,buy,84.12,2026-05-01 05:07:56.330068+00:00,expired,,,v2
SOL-USDT,sell,83.69,2026-05-01 06:50:55.659292+00:00,expired,,,v2
SOL-USDT,sell,83.7,2026-05-01 07:25:54.889794+00:00,expired,,,v2
SOL-USDT,buy,84.05,2026-05-01 08:14:56.482360+00:00,expired,,,v2
SOL-USDT,sell,83.92,2026-05-01 09:25:55.175876+00:00,cancelled,,,v2
SOL-USDT,sell,83.98,2026-05-01 09:30:54.841307+00:00,expired,,,v2
SOL-USDT,buy,83.95,2026-05-01 12:00:15.812986+00:00,cancelled,,,v2
SOL-USDT,buy,83.99,2026-05-01 12:13:56.178003+00:00,expired,,,v2
ZEC-USDT,sell,347.9,2026-05-01 14:30:49.681592+00:00,filled,2026-05-01 14:49:04.366957+00:00,349.4,v2
ZEC-USDT,buy,352.79,2026-05-01 15:24:21.841809+00:00,cancelled,,,v2
ZEC-USDT,buy,352.61,2026-05-01 15:26:21.679058+00:00,expired,,,v2
SOL-USDT,sell,84.18,2026-05-01 15:52:55.127666+00:00,filled,2026-05-01 16:01:12.186293+00:00,84.53,v2
SOL-USDT,sell,84.15,2026-05-01 16:19:54.876912+00:00,expired,,,v2
ZEC-USDT,sell,384.18,2026-05-01 18:50:49.538575+00:00,expired,,,v2
ZEC-USDT,buy,386.56,2026-05-01 20:15:03.820597+00:00,filled,2026-05-01 20:18:32.982406+00:00,384.47,v2
ZEC-USDT,sell,382.44,2026-05-01 21:07:49.199105+00:00,cancelled,,,v2
ZEC-USDT,sell,382.2,2026-05-01 21:11:49.240318+00:00,filled,2026-05-01 21:21:08.933368+00:00,383.64,v2
ZEC-USDT,buy,386.7,2026-05-01 21:50:03.265033+00:00,filled,2026-05-01 21:58:26.754436+00:00,384.96,v2
ZEC-USDT,sell,382.11,2026-05-02 00:12:50.326897+00:00,filled,2026-05-02 00:16:39.668710+00:00,383.79,v2
ZEC-USDT,sell,382.04,2026-05-02 00:28:49.244167+00:00,expired,,,v2
SOL-USDT,buy,83.88,2026-05-02 01:34:57.070606+00:00,expired,,,v2
SOL-USDT,sell,83.79,2026-05-02 03:09:55.190937+00:00,filled,2026-05-02 03:24:40.379631+00:00,83.84,v2
ZEC-USDT,buy,382.2,2026-05-02 05:19:22.479448+00:00,expired,,,v2
SOL-USDT,buy,83.73,2026-05-02 08:32:56.507112+00:00,expired,,,v2
ZEC-USDT,buy,379.41,2026-05-02 09:09:21.747864+00:00,filled,2026-05-02 09:16:05.482456+00:00,377.81,v2
ZEC-USDT,buy,378.96,2026-05-02 10:12:21.989991+00:00,expired,,,v2
SOL-USDT,sell,83.79,2026-05-02 11:09:55.271527+00:00,expired,,,v2
SOL-USDT,buy,83.88,2026-05-02 12:25:56.488681+00:00,expired,,,v2
ZEC-USDT,buy,374.29,2026-05-02 14:04:22.004347+00:00,filled,2026-05-02 14:10:33.558027+00:00,373.15,v2
ZEC-USDT,sell,372.35,2026-05-02 16:16:49.536522+00:00,expired,,,v2
ZEC-USDT,buy,376.02,2026-05-02 16:55:01.282176+00:00,expired,,,v2
SOL-USDT,sell,83.99,2026-05-02 18:02:55.127567+00:00,expired,,,v2
SOL-USDT,buy,84.16,2026-05-02 19:10:10.122272+00:00,expired,,,v2
SOL-USDT,sell,84.09,2026-05-02 22:23:55.176227+00:00,filled,2026-05-02 22:33:18.255664+00:00,84.3,v2
SOL-USDT,buy,84.43,2026-05-02 22:53:56.388326+00:00,expired,,,v2
SOL-USDT,sell,84.23,2026-05-03 00:03:55.153490+00:00,expired,,,v2
ZEC-USDT,sell,386.39,2026-05-03 00:04:49.846041+00:00,filled,2026-05-03 00:24:20.017784+00:00,386.73,v2
ZEC-USDT,buy,388.7,2026-05-03 00:30:03.543452+00:00,expired,,,v2
ZEC-USDT,sell,386.41,2026-05-03 01:10:01.574490+00:00,expired,,,v2
ZEC-USDT,buy,384.52,2026-05-03 04:38:22.038194+00:00,filled,2026-05-03 04:49:56.644590+00:00,383.62,v2
SOL-USDT,buy,83.71,2026-05-03 05:05:16.933697+00:00,expired,,,v2
SOL-USDT,sell,83.6,2026-05-03 06:14:55.106433+00:00,expired,,,v2
SOL-USDT,buy,83.73,2026-05-03 06:52:56.248548+00:00,expired,,,v2
SOL-USDT,sell,83.83,2026-05-03 10:46:55.075216+00:00,expired,,,v2
SOL-USDT,buy,84.11,2026-05-03 11:48:56.431579+00:00,cancelled,,,v2
SOL-USDT,buy,84.06,2026-05-03 12:10:56.613469+00:00,expired,,,v2
ZEC-USDT,sell,398.62,2026-05-03 13:43:49.518237+00:00,expired,,,v2
ZEC-USDT,buy,395.42,2026-05-03 15:10:01.846140+00:00,expired,,,v2
SOL-USDT,sell,84.01,2026-05-03 16:08:54.879954+00:00,filled,2026-05-03 16:26:42.966397+00:00,84.07,v2
ZEC-USDT,sell,397.01,2026-05-03 16:27:49.497498+00:00,expired,,,v2
SOL-USDT,buy,84.17,2026-05-03 17:16:56.223930+00:00,expired,,,v2
SOL-USDT,sell,84.1,2026-05-03 18:05:55.134938+00:00,expired,,,v2
ZEC-USDT,buy,401.39,2026-05-03 18:25:02.439708+00:00,expired,,,v2
SOL-USDT,sell,84.25,2026-05-03 20:48:55.555248+00:00,expired,,,v2
ZEC-USDT,sell,404.28,2026-05-03 21:49:49.612288+00:00,filled,2026-05-03 22:00:25.433141+00:00,405.76,v2
SOL-USDT,buy,84.43,2026-05-03 22:02:56.840636+00:00,filled,2026-05-03 22:32:16.078317+00:00,84.43,v2
ZEC-USDT,buy,414.14,2026-05-03 22:45:21.735543+00:00,cancelled,,,v2
ZEC-USDT,buy,414.56,2026-05-03 23:02:22.872538+00:00,cancelled,,,v2
ZEC-USDT,buy,414.27,2026-05-03 23:05:02.884259+00:00,filled,2026-05-03 23:23:09.026957+00:00,413.19,v2
SOL-USDT,sell,84.39,2026-05-03 23:20:54.865738+00:00,expired,,,v2
ZEC-USDT,sell,409.78,2026-05-04 00:05:05.080568+00:00,filled,2026-05-04 00:19:28.946016+00:00,411.96,v2
ZEC-USDT,buy,414.76,2026-05-04 00:50:03.547470+00:00,expired,,,v2
SOL-USDT,buy,83.88,2026-05-04 01:30:56.544698+00:00,expired,,,v2
ZEC-USDT,sell,417.89,2026-05-04 04:31:49.837194+00:00,cancelled,,,v2
ZEC-USDT,sell,417.97,2026-05-04 04:35:49.224867+00:00,filled,2026-05-04 04:56:11.421240+00:00,418.08,v2
SOL-USDT,sell,85.41,2026-05-04 05:19:54.847462+00:00,expired,,,v2
ZEC-USDT,buy,416.39,2026-05-04 08:29:22.194097+00:00,filled,2026-05-04 08:39:15.423041+00:00,414.2,v2
ZEC-USDT,sell,400.31,2026-05-04 10:23:50.146967+00:00,filled,2026-05-04 10:35:07.527592+00:00,409.98,v2
ZEC-USDT,buy,411.07,2026-05-04 12:56:22.263276+00:00,filled,2026-05-04 13:00:17.739289+00:00,408.64,v2
ZEC-USDT,buy,411.6,2026-05-04 13:12:21.746401+00:00,expired,,,v2
SOL-USDT,buy,84.59,2026-05-04 14:27:56.630264+00:00,cancelled,,,v2
SOL-USDT,buy,84.64,2026-05-04 14:33:56.468000+00:00,cancelled,,,v2
SOL-USDT,buy,84.56,2026-05-04 14:35:56.224115+00:00,expired,,,v2
ZEC-USDT,sell,408.38,2026-05-04 15:20:05.070692+00:00,filled,2026-05-04 15:26:51.927629+00:00,411.05,v2
ZEC-USDT,buy,414.4,2026-05-04 15:45:11.006682+00:00,filled,2026-05-04 16:06:51.058795+00:00,414.15,v2
SOL-USDT,sell,84.61,2026-05-04 18:53:55.379790+00:00,expired,,,v2
SOL-USDT,buy,84.46,2026-05-04 21:51:56.732053+00:00,cancelled,,,v2
SOL-USDT,buy,84.37,2026-05-04 22:00:56.206564+00:00,cancelled,,,v2
SOL-USDT,buy,84.43,2026-05-04 22:15:56.213910+00:00,filled,2026-05-04 22:26:12.013074+00:00,84.3,v2
ZEC-USDT,sell,423.36,2026-05-04 23:51:49.505146+00:00,expired,,,v2
ZEC-USDT,buy,426.83,2026-05-05 00:59:21.962027+00:00,filled,2026-05-05 01:24:03.117666+00:00,424.48,v2
SOL-USDT,buy,84.27,2026-05-05 01:09:56.988808+00:00,expired,,,v2
ZEC-USDT,sell,423.82,2026-05-05 04:09:49.511361+00:00,cancelled,,,v2
ZEC-USDT,sell,424.09,2026-05-05 04:12:49.226138+00:00,filled,2026-05-05 04:22:02.031553+00:00,425.76,v2
ZEC-USDT,sell,424.45,2026-05-05 05:38:49.511691+00:00,expired,,,v2
ZEC-USDT,buy,422.79,2026-05-05 08:05:22.004132+00:00,filled,2026-05-05 08:17:05.346874+00:00,421.38,v2
SOL-USDT,sell,84.85,2026-05-05 08:18:55.433364+00:00,expired,,,v2
SOL-USDT,buy,84.82,2026-05-05 11:38:56.503383+00:00,cancelled,,,v2
SOL-USDT,buy,84.88,2026-05-05 11:40:56.836802+00:00,expired,,,v2
SOL-USDT,sell,85.36,2026-05-05 14:14:55.388303+00:00,filled,2026-05-05 14:25:19.924125+00:00,85.57,v2
SOL-USDT,buy,85.82,2026-05-05 15:12:56.453512+00:00,expired,,,v2
ZEC-USDT,sell,429.54,2026-05-05 15:55:49.473465+00:00,filled,2026-05-05 16:07:54.661270+00:00,430.78,v2
SOL-USDT,sell,85.27,2026-05-05 16:33:54.989871+00:00,expired,,,v2
SOL-USDT,buy,85.45,2026-05-05 17:21:56.484054+00:00,expired,,,v2
SOL-USDT,buy,85.44,2026-05-05 17:55:23.344308+00:00,cancelled,,,v2
SOL-USDT,buy,85.46,2026-05-05 18:00:16.439081+00:00,expired,,,v2
ZEC-USDT,buy,433.68,2026-05-05 19:14:22.353351+00:00,expired,,,v2
ZEC-USDT,sell,505.93,2026-05-05 22:47:49.668191+00:00,filled,2026-05-05 23:02:36.501176+00:00,512.66,v2
SOL-USDT,sell,86.24,2026-05-05 23:34:54.954125+00:00,filled,2026-05-05 23:46:14.869469+00:00,86.36,v2
ZEC-USDT,sell,509.6,2026-05-06 00:28:49.499666+00:00,filled,2026-05-06 00:50:15.078599+00:00,511.36,v2
SOL-USDT,buy,86.74,2026-05-06 01:18:57.687472+00:00,expired,,,v2
ZEC-USDT,buy,526.68,2026-05-06 02:10:53.311672+00:00,filled,2026-05-06 02:32:00.854971+00:00,524.33,v2
SOL-USDT,sell,86.89,2026-05-06 04:30:55.574517+00:00,expired,,,v2
SOL-USDT,buy,87.28,2026-05-06 05:50:58.090942+00:00,expired,,,v2
ZEC-USDT,sell,582.75,2026-05-06 09:01:49.811436+00:00,expired,,,v2
ZEC-USDT,buy,580.52,2026-05-06 10:45:52.201268+00:00,cancelled,,,v2
ZEC-USDT,buy,581.11,2026-05-06 10:53:51.824963+00:00,cancelled,,,v2
ZEC-USDT,buy,581.87,2026-05-06 10:56:51.826394+00:00,filled,2026-05-06 11:01:13.212986+00:00,577.07,v2
SOL-USDT,sell,89.32,2026-05-06 13:00:55.368469+00:00,expired,,,v2
ZEC-USDT,buy,579.28,2026-05-06 15:11:52.488381+00:00,cancelled,,,v2
ZEC-USDT,buy,583.63,2026-05-06 15:18:51.967884+00:00,expired,,,v2
SOL-USDT,buy,88.89,2026-05-06 15:21:57.742934+00:00,cancelled,,,v2
SOL-USDT,buy,88.86,2026-05-06 15:25:07.415462+00:00,filled,2026-05-06 15:37:46.554295+00:00,88.6,v2
SOL-USDT,buy,88.95,2026-05-06 15:45:58.607307+00:00,expired,,,v2
ZEC-USDT,sell,572.96,2026-05-06 16:23:49.474959+00:00,expired,,,v2
SOL-USDT,sell,88.78,2026-05-06 17:46:55.238088+00:00,expired,,,v2
SOL-USDT,buy,88.98,2026-05-06 19:03:26.776163+00:00,cancelled,,,v2
SOL-USDT,buy,89.06,2026-05-06 19:06:13.955587+00:00,filled,2026-05-06 19:15:37.235641+00:00,88.88,v2
SOL-USDT,sell,88.84,2026-05-06 23:01:56.024228+00:00,expired,,,v2
SOL-USDT,buy,88.27,2026-05-07 04:55:03.788558+00:00,expired,,,v2
ZEC-USDT,buy,545.9,2026-05-07 05:03:22.151055+00:00,expired,,,v2
ZEC-USDT,sell,537.39,2026-05-07 06:14:49.876846+00:00,filled,2026-05-07 06:24:09.444719+00:00,540.98,v2
ZEC-USDT,buy,549.1,2026-05-07 06:30:09.195521+00:00,expired,,,v2
SOL-USDT,sell,89.33,2026-05-07 09:05:21.455018+00:00,filled,2026-05-07 09:34:00.770826+00:00,89.5,v2
SOL-USDT,buy,89.41,2026-05-07 11:06:03.430174+00:00,expired,,,v2
SOL-USDT,sell,88.91,2026-05-07 13:40:08.418858+00:00,expired,,,v2
ZEC-USDT,sell,568.72,2026-05-07 14:08:49.211367+00:00,filled,2026-05-07 14:15:32.204731+00:00,574.83,v2
ZEC-USDT,sell,568.37,2026-05-07 14:29:49.200896+00:00,filled,2026-05-07 14:51:55.744075+00:00,569.44,v2
SOL-USDT,buy,88.43,2026-05-07 15:50:05.680964+00:00,filled,2026-05-07 15:58:05.886999+00:00,88.28,v2
ZEC-USDT,buy,568.5,2026-05-07 17:14:22.521325+00:00,filled,2026-05-07 17:37:09.773031+00:00,566.77,v2
SOL-USDT,sell,88.01,2026-05-07 17:26:54.977016+00:00,expired,,,v2
SOL-USDT,buy,88.69,2026-05-07 17:59:02.392323+00:00,expired,,,v2
SOL-USDT,sell,88.4,2026-05-07 18:49:55.560397+00:00,expired,,,v2
ZEC-USDT,sell,560.34,2026-05-07 19:09:49.326956+00:00,filled,2026-05-07 19:24:49.964292+00:00,563.34,v2
ZEC-USDT,buy,561.58,2026-05-07 22:54:22.576860+00:00,expired,,,v2
SOL-USDT,buy,88.35,2026-05-07 23:46:02.342145+00:00,expired,,,v2
SOL-USDT,sell,88.05,2026-05-08 01:13:55.073518+00:00,expired,,,v2
ZEC-USDT,sell,564.72,2026-05-08 02:14:49.510325+00:00,filled,2026-05-08 02:25:36.638474+00:00,566.23,v2
ZEC-USDT,buy,575.66,2026-05-08 03:17:22.808415+00:00,cancelled,,,v2
ZEC-USDT,buy,574.09,2026-05-08 03:20:03.632794+00:00,filled,2026-05-08 03:26:54.275126+00:00,570.84,v2
ZEC-USDT,buy,574.52,2026-05-08 04:05:22.179982+00:00,cancelled,,,v2
ZEC-USDT,buy,573.74,2026-05-08 04:10:06.787906+00:00,expired,,,v2
SOL-USDT,buy,88.28,2026-05-08 05:18:02.771300+00:00,cancelled,,,v2
SOL-USDT,buy,88.31,2026-05-08 05:31:02.807278+00:00,expired,,,v2
ZEC-USDT,buy,571.63,2026-05-08 06:21:22.440874+00:00,expired,,,v2
SOL-USDT,sell,87.87,2026-05-08 06:33:54.908631+00:00,expired,,,v2
ZEC-USDT,sell,567.96,2026-05-08 08:22:49.515646+00:00,filled,2026-05-08 08:50:19.486484+00:00,568.59,v2
SOL-USDT,buy,88.24,2026-05-08 08:33:02.118222+00:00,cancelled,,,v2
SOL-USDT,buy,88.29,2026-05-08 08:36:02.611146+00:00,expired,,,v2
ZEC-USDT,buy,569.22,2026-05-08 10:50:03.693513+00:00,expired,,,v2
SOL-USDT,sell,88.35,2026-05-08 12:51:55.198305+00:00,cancelled,,,v2
SOL-USDT,sell,88.36,2026-05-08 12:59:55.466204+00:00,expired,,,v2
ZEC-USDT,sell,571.33,2026-05-08 13:25:49.216567+00:00,cancelled,,,v2
ZEC-USDT,sell,570.88,2026-05-08 13:33:50.322513+00:00,filled,2026-05-08 13:35:50.448335+00:00,572.96,v2
ZEC-USDT,sell,570.97,2026-05-08 13:38:49.610393+00:00,filled,2026-05-08 14:00:28.389718+00:00,570.4,v2
SOL-USDT,buy,88.56,2026-05-08 14:05:05.255589+00:00,filled,2026-05-08 14:30:47.788405+00:00,88.79,v2
ZEC-USDT,buy,581.34,2026-05-08 14:35:06.973200+00:00,filled,2026-05-08 14:40:42.963291+00:00,577.34,v2
ZEC-USDT,sell,574.64,2026-05-08 15:10:49.443001+00:00,filled,2026-05-08 15:21:28.373022+00:00,577.49,v2
ZEC-USDT,buy,582.83,2026-05-08 16:37:22.506980+00:00,filled,2026-05-08 16:40:34.590986+00:00,580.0,v2
ZEC-USDT,buy,582.17,2026-05-08 17:05:22.578427+00:00,cancelled,,,v2
ZEC-USDT,buy,582.36,2026-05-08 17:12:22.207910+00:00,filled,2026-05-08 17:37:20.265275+00:00,584.15,v2
ZEC-USDT,sell,573.45,2026-05-08 19:14:49.739636+00:00,filled,2026-05-08 19:21:26.235363+00:00,577.29,v2
ZEC-USDT,sell,571.84,2026-05-08 19:56:49.199135+00:00,cancelled,,,v2
ZEC-USDT,sell,573.57,2026-05-08 20:00:49.227422+00:00,filled,2026-05-08 20:22:20.278016+00:00,573.45,v2
SOL-USDT,sell,92.15,2026-05-08 20:51:55.263939+00:00,expired,,,v2
ZEC-USDT,buy,583.06,2026-05-08 21:01:22.332593+00:00,expired,,,v2
SOL-USDT,buy,92.3,2026-05-08 21:45:02.650063+00:00,expired,,,v2
SOL-USDT,sell,91.9,2026-05-08 23:15:55.500006+00:00,cancelled,,,v2
SOL-USDT,sell,92.05,2026-05-08 23:21:54.852740+00:00,expired,,,v2
SOL-USDT,buy,92.48,2026-05-09 00:34:02.671193+00:00,expired,,,v2
ZEC-USDT,sell,606.16,2026-05-09 00:47:49.787442+00:00,expired,,,v2
ZEC-USDT,buy,612.45,2026-05-09 02:17:22.852463+00:00,expired,,,v2
SOL-USDT,sell,93.29,2026-05-09 04:56:55.371548+00:00,filled,2026-05-09 05:18:14.157056+00:00,93.22,v2
SOL-USDT,buy,93.85,2026-05-09 06:04:02.794409+00:00,filled,2026-05-09 06:16:28.992260+00:00,93.68,v2
ZEC-USDT,sell,615.08,2026-05-09 06:53:49.258612+00:00,cancelled,,,v2
ZEC-USDT,sell,615.36,2026-05-09 06:58:49.213931+00:00,expired,,,v2
SOL-USDT,sell,93.46,2026-05-09 09:14:55.260490+00:00,expired,,,v2
SOL-USDT,buy,93.57,2026-05-09 11:21:02.394609+00:00,expired,,,v2
SOL-USDT,sell,93.16,2026-05-09 13:20:55.184979+00:00,expired,,,v2
SOL-USDT,buy,93.02,2026-05-09 16:11:02.754157+00:00,filled,2026-05-09 16:29:44.212342+00:00,92.9,v2
ZEC-USDT,buy,598.22,2026-05-09 16:19:22.175604+00:00,filled,2026-05-09 16:23:00.129145+00:00,594.46,v2
ZEC-USDT,buy,596.71,2026-05-09 17:07:22.306176+00:00,expired,,,v2
ZEC-USDT,sell,595.16,2026-05-09 20:27:49.785198+00:00,cancelled,,,v2
ZEC-USDT,sell,595.84,2026-05-09 20:31:49.205921+00:00,filled,2026-05-09 20:40:45.170240+00:00,596.74,v2
SOL-USDT,sell,92.97,2026-05-10 00:04:56.100623+00:00,expired,,,v2
ZEC-USDT,buy,602.2,2026-05-10 02:07:22.549462+00:00,expired,,,v2
SOL-USDT,buy,93.08,2026-05-10 03:03:02.607117+00:00,expired,,,v2
ZEC-USDT,sell,601.62,2026-05-10 04:21:49.541741+00:00,filled,2026-05-10 04:32:50.312568+00:00,603.86,v2
ZEC-USDT,buy,607.62,2026-05-10 05:22:22.483223+00:00,filled,2026-05-10 05:47:29.766198+00:00,606.67,v2
SOL-USDT,sell,93.26,2026-05-10 06:20:52.593217+00:00,expired,,,v2
ZEC-USDT,sell,609.92,2026-05-10 07:53:49.529695+00:00,filled,2026-05-10 08:09:39.315969+00:00,612.26,v2
SOL-USDT,sell,94.01,2026-05-10 10:06:55.210284+00:00,expired,,,v2
ZEC-USDT,buy,600.92,2026-05-10 11:31:22.585528+00:00,expired,,,v2
ZEC-USDT,sell,598.47,2026-05-10 12:29:49.848361+00:00,expired,,,v2
SOL-USDT,buy,93.53,2026-05-10 13:22:02.307413+00:00,expired,,,v2
ZEC-USDT,sell,594.83,2026-05-10 14:03:49.267280+00:00,filled,2026-05-10 14:08:16.913180+00:00,596.34,v2
SOL-USDT,sell,95.79,2026-05-10 19:01:55.443069+00:00,filled,2026-05-10 19:16:16.659290+00:00,96.29,v2
SOL-USDT,buy,96.63,2026-05-10 19:25:01.999715+00:00,expired,,,v2
SOL-USDT,sell,96.06,2026-05-10 20:13:55.381691+00:00,expired,,,v2
ZEC-USDT,buy,575.97,2026-05-10 21:33:22.659304+00:00,cancelled,,,v2
ZEC-USDT,buy,574.97,2026-05-10 21:35:22.227532+00:00,expired,,,v2
SOL-USDT,buy,95.67,2026-05-10 22:27:02.333455+00:00,expired,,,v2
SOL-USDT,sell,95.9,2026-05-11 00:15:55.368962+00:00,filled,2026-05-11 00:24:21.604248+00:00,96.25,v2
ZEC-USDT,sell,585.03,2026-05-11 00:39:49.226434+00:00,filled,2026-05-11 01:08:34.514799+00:00,586.3,v2
ZEC-USDT,buy,587.16,2026-05-11 02:44:22.693269+00:00,filled,2026-05-11 03:04:36.745420+00:00,587.25,v2
ZEC-USDT,sell,578.24,2026-05-11 04:35:05.726019+00:00,expired,,,v2
SOL-USDT,buy,95.2,2026-05-11 05:06:02.349637+00:00,cancelled,,,v2
SOL-USDT,buy,95.34,2026-05-11 05:18:02.095047+00:00,expired,,,v2
SOL-USDT,sell,95.03,2026-05-11 08:05:55.512570+00:00,expired,,,v2
ZEC-USDT,buy,573.27,2026-05-11 09:06:22.494680+00:00,filled,2026-05-11 09:12:58.095444+00:00,571.77,v2
SOL-USDT,buy,95.4,2026-05-11 10:12:02.936476+00:00,cancelled,,,v2
SOL-USDT,buy,95.42,2026-05-11 10:18:02.809651+00:00,filled,2026-05-11 10:35:18.684385+00:00,95.3,v2
ZEC-USDT,sell,567.88,2026-05-11 10:44:49.196150+00:00,expired,,,v2
SOL-USDT,sell,95.1,2026-05-11 11:50:55.374345+00:00,cancelled,,,v2
SOL-USDT,sell,95.04,2026-05-11 12:04:54.880494+00:00,expired,,,v2
SOL-USDT,buy,95.66,2026-05-11 14:04:03.473115+00:00,expired,,,v2
ZEC-USDT,buy,562.25,2026-05-11 16:32:03.615156+00:00,filled,2026-05-11 16:43:50.128329+00:00,557.96,v2
ZEC-USDT,buy,564.82,2026-05-11 17:18:03.819418+00:00,filled,2026-05-11 17:33:42.850452+00:00,560.64,v2
SOL-USDT,sell,97.19,2026-05-11 19:00:55.466619+00:00,filled,2026-05-11 19:12:15.202207+00:00,97.47,v2
SOL-USDT,buy,97.73,2026-05-11 19:24:03.016345+00:00,cancelled,,,v2
SOL-USDT,buy,97.84,2026-05-11 19:32:03.005495+00:00,expired,,,v2
ZEC-USDT,sell,554.59,2026-05-11 20:17:49.594512+00:00,cancelled,,,v2
ZEC-USDT,sell,554.69,2026-05-11 20:23:49.220143+00:00,filled,2026-05-11 20:44:17.211974+00:00,556.75,v2
SOL-USDT,sell,97.37,2026-05-11 21:08:54.921329+00:00,filled,2026-05-11 21:35:27.695164+00:00,97.57,v2
ZEC-USDT,buy,559.3,2026-05-11 22:49:03.039299+00:00,filled,2026-05-11 23:11:26.522754+00:00,557.77,v2
ZEC-USDT,buy,561.96,2026-05-12 00:29:03.048139+00:00,expired,,,v2
ZEC-USDT,sell,548.4,2026-05-12 01:36:49.792167+00:00,cancelled,,,v2
ZEC-USDT,sell,548.32,2026-05-12 01:43:49.237076+00:00,filled,2026-05-12 01:51:38.486829+00:00,552.23,v2
ZEC-USDT,sell,548.32,2026-05-12 02:18:49.747248+00:00,expired,,,v2
SOL-USDT,buy,96.54,2026-05-12 05:27:02.360090+00:00,cancelled,,,v3
SOL-USDT,buy,96.61,2026-05-12 05:31:02.411944+00:00,cancelled,,,v3
SOL-USDT,buy,96.54,2026-05-12 05:39:02.845620+00:00,filled,2026-05-12 06:00:06.394520+00:00,96.47,v3
SOL-USDT,sell,95.97,2026-05-12 07:02:55.521967+00:00,filled,2026-05-12 07:24:38.748151+00:00,96.23,v3
ZEC-USDT,sell,553.52,2026-05-12 09:03:49.813921+00:00,expired,,,v3
SOL-USDT,buy,95.36,2026-05-12 12:40:06.140577+00:00,expired,,,v3
SOL-USDT,sell,94.83,2026-05-12 13:19:54.895407+00:00,filled,2026-05-12 13:39:48.456666+00:00,95.01,v3
SOL-USDT,buy,95.3,2026-05-12 13:46:04.851800+00:00,expired,,,v3
SOL-USDT,buy,95.13,2026-05-12 14:23:02.823837+00:00,filled,2026-05-12 14:27:13.594320+00:00,94.96,v3
ZEC-USDT,buy,550.08,2026-05-12 16:56:04.504681+00:00,filled,2026-05-12 17:05:54.056268+00:00,546.82,v3
ZEC-USDT,buy,551.45,2026-05-12 18:38:03.488193+00:00,filled,2026-05-12 18:46:16.038284+00:00,550.08,v3
ZEC-USDT,buy,552.28,2026-05-12 18:55:03.589587+00:00,filled,2026-05-12 19:16:14.307454+00:00,551.35,v3
ZEC-USDT,sell,547.33,2026-05-12 20:47:49.675057+00:00,filled,2026-05-12 20:54:59.508753+00:00,550.46,v3
ZEC-USDT,buy,555.93,2026-05-12 21:30:06.149264+00:00,filled,2026-05-12 21:43:29.712142+00:00,554.34,v3
ZEC-USDT,buy,556.28,2026-05-12 21:57:03.136992+00:00,expired,,,v3
SOL-USDT,sell,94.5,2026-05-12 23:36:05.887058+00:00,expired,,,v3
SOL-USDT,buy,94.63,2026-05-13 01:07:03.260387+00:00,expired,,,v3
ZEC-USDT,sell,581.47,2026-05-13 04:09:49.801186+00:00,expired,,,v3
SOL-USDT,sell,94.93,2026-05-13 07:23:05.829967+00:00,filled,2026-05-13 07:37:36.781249+00:00,95.04,v3
SOL-USDT,buy,95.53,2026-05-13 08:41:01.224157+00:00,expired,,,v3
ZEC-USDT,buy,557.41,2026-05-13 09:49:03.348452+00:00,filled,2026-05-13 10:03:16.981686+00:00,554.52,v3
SOL-USDT,sell,95.37,2026-05-13 10:11:05.279070+00:00,expired,,,v3
ZEC-USDT,sell,551.12,2026-05-13 11:27:49.808777+00:00,expired,,,v3
ZEC-USDT,buy,538.42,2026-05-13 18:09:03.808971+00:00,expired,,,v3
SOL-USDT,buy,91.24,2026-05-13 18:22:01.110588+00:00,filled,2026-05-13 18:42:36.000676+00:00,91.11,v3
SOL-USDT,sell,90.78,2026-05-13 18:47:05.311190+00:00,expired,,,v3
ZEC-USDT,sell,532.5,2026-05-13 19:25:32.422695+00:00,expired,,,v3
SOL-USDT,buy,91.22,2026-05-13 20:20:01.045371+00:00,filled,2026-05-13 20:44:43.789984+00:00,91.07,v3
SOL-USDT,sell,90.64,2026-05-13 22:06:05.623040+00:00,filled,2026-05-13 22:10:50.434226+00:00,90.88,v3
ZEC-USDT,buy,524.33,2026-05-13 22:41:02.744178+00:00,expired,,,v3
ZEC-USDT,sell,526.95,2026-05-14 02:43:56.805507+00:00,expired,,,v3
SOL-USDT,sell,90.93,2026-05-14 02:47:05.280369+00:00,expired,,,v3
ZEC-USDT,buy,525.84,2026-05-14 04:58:03.467138+00:00,expired,,,v3
SOL-USDT,buy,90.81,2026-05-14 05:23:00.983414+00:00,expired,,,v3
ZEC-USDT,sell,526.04,2026-05-14 07:00:57.536302+00:00,filled,2026-05-14 07:22:10.210579+00:00,527.2,v3
SOL-USDT,sell,90.69,2026-05-14 07:17:05.323690+00:00,cancelled,,,v3
SOL-USDT,sell,90.78,2026-05-14 07:25:06.382163+00:00,filled,2026-05-14 07:41:12.725359+00:00,91.07,v3
SOL-USDT,buy,90.98,2026-05-14 10:19:01.456811+00:00,filled,2026-05-14 10:33:00.238443+00:00,90.86,v3
SOL-USDT,sell,90.59,2026-05-14 10:44:05.309187+00:00,expired,,,v3
SOL-USDT,sell,90.69,2026-05-14 11:25:05.562598+00:00,expired,,,v3
SOL-USDT,buy,90.89,2026-05-14 12:32:01.285603+00:00,expired,,,v3
ZEC-USDT,buy,522.0,2026-05-14 12:36:05.029101+00:00,filled,2026-05-14 12:51:57.875238+00:00,520.67,v3
SOL-USDT,sell,90.84,2026-05-14 13:36:06.456213+00:00,filled,2026-05-14 13:45:06.847262+00:00,91.11,v3
SOL-USDT,sell,90.67,2026-05-14 14:00:22.805273+00:00,cancelled,,,v3
SOL-USDT,buy,91.21,2026-05-14 14:19:00.928527+00:00,expired,,,v3
ZEC-USDT,sell,538.21,2026-05-14 16:30:56.983532+00:00,filled,2026-05-14 16:59:34.546935+00:00,538.38,v3
SOL-USDT,sell,92.56,2026-05-14 17:17:05.459348+00:00,filled,2026-05-14 17:42:51.325649+00:00,92.74,v3
SOL-USDT,buy,93.1,2026-05-14 17:48:01.380540+00:00,filled,2026-05-14 18:00:55.096104+00:00,92.86,v3
ZEC-USDT,buy,536.81,2026-05-14 19:02:03.875215+00:00,cancelled,,,v3
ZEC-USDT,buy,535.92,2026-05-14 19:07:02.864621+00:00,filled,2026-05-14 19:11:23.193859+00:00,534.24,v3
SOL-USDT,sell,92.94,2026-05-14 19:29:05.394966+00:00,expired,,,v3
ZEC-USDT,buy,536.89,2026-05-14 19:37:02.728504+00:00,expired,,,v3
ZEC-USDT,sell,554.85,2026-05-14 23:09:57.007195+00:00,filled,2026-05-14 23:15:35.298699+00:00,558.88,v3
ZEC-USDT,buy,563.09,2026-05-14 23:30:06.726149+00:00,filled,2026-05-14 23:41:32.712188+00:00,560.64,v3
ZEC-USDT,sell,556.84,2026-05-15 01:26:56.733892+00:00,expired,,,v3
ZEC-USDT,buy,524.41,2026-05-15 18:14:03.727403+00:00,expired,,,live
SOL-USDT,sell,89.13,2026-05-15 20:06:05.915322+00:00,expired,,,live
ZEC-USDT,buy,518.9,2026-05-16 00:08:03.503004+00:00,expired,,,live
ZEC-USDT,sell,509.9,2026-05-16 01:25:03.555754+00:00,filled,2026-05-16 01:32:12.734689+00:00,513.25,live
ZEC-USDT,buy,493.38,2026-05-16 11:02:03.307113+00:00,expired,,,live
SOL-USDT,buy,86.18,2026-05-16 11:17:00.956424+00:00,expired,,,live
ZEC-USDT,sell,496.6,2026-05-16 13:34:56.907030+00:00,cancelled,,,live
ZEC-USDT,buy,500.72,2026-05-16 13:56:02.762562+00:00,cancelled,,,live
ZEC-USDT,buy,500.8,2026-05-16 14:14:02.736363+00:00,expired,,,live
SOL-USDT,sell,83.97,2026-05-18 18:07:25.535613+00:00,expired,,,live
SOL-USDT,buy,84.54,2026-05-18 19:02:56.276715+00:00,expired,,,live
SOL-USDT,sell,85.17,2026-05-19 01:24:25.493458+00:00,expired,,,live
ZEC-USDT,sell,565.74,2026-05-19 02:41:15.395751+00:00,expired,,,live
SOL-USDT,buy,85.27,2026-05-19 04:11:57.178149+00:00,expired,,,live
SOL-USDT,buy,85.23,2026-05-19 06:15:08.115181+00:00,cancelled,,,live
SOL-USDT,buy,85.28,2026-05-19 06:27:56.181728+00:00,expired,,,live
SOL-USDT,sell,85.13,2026-05-19 08:07:25.276168+00:00,expired,,,live
SOL-USDT,buy,85.54,2026-05-19 08:42:56.137185+00:00,expired,,,live
SOL-USDT,buy,84.81,2026-05-19 13:02:56.704786+00:00,expired,,,live
ZEC-USDT,buy,560.52,2026-05-19 13:14:00.681227+00:00,expired,,,live
SOL-USDT,buy,84.94,2026-05-19 13:55:07.733284+00:00,expired,,,live
ZEC-USDT,sell,553.7,2026-05-19 14:44:15.249244+00:00,filled,2026-05-19 15:11:10.457297+00:00,557.8,live
ZEC-USDT,buy,561.45,2026-05-19 15:30:00.783554+00:00,expired,,,live
SOL-USDT,buy,84.47,2026-05-19 15:31:56.073904+00:00,expired,,,live
SOL-USDT,buy,84.49,2026-05-19 16:32:56.668281+00:00,expired,,,live
SOL-USDT,sell,84.39,2026-05-19 18:28:25.792457+00:00,expired,,,live
ZEC-USDT,sell,571.51,2026-05-19 18:29:15.333300+00:00,cancelled,,,live
ZEC-USDT,sell,571.09,2026-05-19 18:30:04.489084+00:00,cancelled,,,live
ZEC-USDT,sell,571.64,2026-05-19 18:41:14.980352+00:00,cancelled,,,live
ZEC-USDT,sell,571.16,2026-05-19 18:47:15.556806+00:00,cancelled,,,live
ZEC-USDT,sell,571.39,2026-05-19 18:59:14.925513+00:00,filled,2026-05-19 19:16:42.501357+00:00,575.87,live
SOL-USDT,buy,84.53,2026-05-19 19:14:56.703145+00:00,expired,,,live
ZEC-USDT,sell,570.65,2026-05-19 19:31:15.165796+00:00,cancelled,,,live
ZEC-USDT,sell,570.77,2026-05-19 19:55:07.145882+00:00,expired,,,live
ZEC-USDT,buy,576.01,2026-05-19 20:36:01.456456+00:00,expired,,,live
ZEC-USDT,sell,570.12,2026-05-19 21:47:15.381191+00:00,cancelled,,,live
ZEC-USDT,sell,571.59,2026-05-19 22:00:14.923405+00:00,expired,,,live
SOL-USDT,sell,84.29,2026-05-19 22:00:25.063461+00:00,expired,,,live
ZEC-USDT,buy,578.64,2026-05-20 01:10:01.282647+00:00,cancelled,,,live
ZEC-USDT,sell,572.65,2026-05-20 01:30:09.594984+00:00,cancelled,,,live
SOL-USDT,buy,84.42,2026-05-20 01:50:56.197921+00:00,expired,,,live
ZEC-USDT,buy,579.33,2026-05-20 01:54:01.644548+00:00,expired,,,live
SOL-USDT,sell,84.09,2026-05-20 02:42:25.489971+00:00,expired,,,live
SOL-USDT,buy,84.2,2026-05-20 05:00:11.810626+00:00,expired,,,live
ZEC-USDT,sell,581.31,2026-05-20 08:16:15.479248+00:00,expired,,,live
ZEC-USDT,buy,589.64,2026-05-20 10:36:01.574661+00:00,filled,2026-05-20 11:03:25.674818+00:00,584.59,live
SOL-USDT,sell,84.78,2026-05-20 11:33:25.190933+00:00,cancelled,,,live
SOL-USDT,sell,84.75,2026-05-20 11:42:25.258536+00:00,expired,,,live
SOL-USDT,buy,84.96,2026-05-20 12:34:56.336999+00:00,expired,,,live
ZEC-USDT,buy,587.87,2026-05-20 12:57:01.110576+00:00,filled,2026-05-20 13:21:56.256108+00:00,585.83,live
SOL-USDT,sell,84.63,2026-05-20 13:27:25.011687+00:00,cancelled,,,live
SOL-USDT,sell,84.71,2026-05-20 13:32:24.949727+00:00,cancelled,,,live
SOL-USDT,sell,84.44,2026-05-20 13:36:25.051571+00:00,filled,2026-05-20 13:47:28.336557+00:00,84.67,live
SOL-USDT,buy,85.08,2026-05-20 14:16:56.578830+00:00,expired,,,live
SOL-USDT,sell,86.29,2026-05-20 18:23:25.566652+00:00,expired,,,live
SOL-USDT,buy,86.11,2026-05-20 20:57:04.842106+00:00,cancelled,,,live
SOL-USDT,buy,86.16,2026-05-20 21:05:04.148499+00:00,expired,,,live
ZEC-USDT,sell,672.07,2026-05-20 21:33:21.882948+00:00,cancelled,,,live
ZEC-USDT,sell,670.28,2026-05-20 21:45:03.282891+00:00,filled,2026-05-20 22:05:37.026438+00:00,673.28,live
SOL-USDT,sell,85.84,2026-05-20 22:01:25.214234+00:00,expired,,,live
SOL-USDT,buy,86.1,2026-05-21 00:00:24.516838+00:00,expired,,,live
ZEC-USDT,buy,675.75,2026-05-21 00:50:00.930222+00:00,filled,2026-05-21 00:51:51.639137+00:00,672.02,live
ZEC-USDT,buy,675.02,2026-05-21 00:56:00.699260+00:00,cancelled,,,live
ZEC-USDT,buy,675.03,2026-05-21 01:01:00.992886+00:00,filled,2026-05-21 01:19:31.641590+00:00,675.58,live
ZEC-USDT,sell,668.39,2026-05-21 02:06:22.339379+00:00,filled,2026-05-21 02:27:48.338553+00:00,669.35,live
SOL-USDT,sell,86.46,2026-05-21 05:48:25.592354+00:00,expired,,,live
SOL-USDT,buy,86.82,2026-05-21 08:05:07.068550+00:00,expired,,,live
SOL-USDT,sell,86.58,2026-05-21 09:35:25.559525+00:00,expired,,,live
SOL-USDT,buy,86.01,2026-05-21 13:23:05.531491+00:00,cancelled,,,live
SOL-USDT,buy,85.98,2026-05-21 13:30:08.601212+00:00,cancelled,,,live
SOL-USDT,sell,85.52,2026-05-21 13:39:24.991810+00:00,filled,2026-05-21 13:52:03.306078+00:00,85.68,live
ZEC-USDT,buy,662.99,2026-05-21 13:54:00.844240+00:00,filled,2026-05-21 14:08:55.792506+00:00,663.09,live
SOL-USDT,buy,86.33,2026-05-21 14:37:05.459573+00:00,expired,,,live
ZEC-USDT,sell,657.07,2026-05-21 14:42:21.909884+00:00,filled,2026-05-21 15:04:30.625885+00:00,656.72,live
ZEC-USDT,buy,661.16,2026-05-21 16:33:01.330396+00:00,filled,2026-05-21 16:44:24.793922+00:00,656.66,live
SOL-USDT,sell,87.1,2026-05-21 18:49:25.701335+00:00,expired,,,live
ZEC-USDT,sell,663.12,2026-05-21 19:41:21.964708+00:00,expired,,,live
SOL-USDT,buy,87.84,2026-05-21 20:01:19.764208+00:00,cancelled,,,live
SOL-USDT,buy,87.73,2026-05-21 20:08:04.539915+00:00,expired,,,live
SOL-USDT,sell,87.21,2026-05-21 22:01:25.810346+00:00,cancelled,,,live
SOL-USDT,sell,87.18,2026-05-21 22:17:25.127364+00:00,cancelled,,,live
ZEC-USDT,sell,667.56,2026-05-21 22:23:21.899278+00:00,cancelled,,,live
ZEC-USDT,sell,667.53,2026-05-21 22:30:04.241190+00:00,filled,2026-05-21 22:45:52.964242+00:00,669.52,live
SOL-USDT,sell,87.18,2026-05-21 22:37:25.045570+00:00,expired,,,live
SOL-USDT,buy,87.24,2026-05-22 03:05:06.034601+00:00,expired,,,live
SOL-USDT,sell,86.86,2026-05-22 05:24:25.577600+00:00,expired,,,live
SOL-USDT,buy,87.26,2026-05-22 08:16:04.901730+00:00,expired,,,live
SOL-USDT,sell,87.0,2026-05-22 10:15:25.660587+00:00,expired,,,live
SOL-USDT,buy,87.13,2026-05-22 11:49:04.793112+00:00,expired,,,live
ZEC-USDT,buy,645.12,2026-05-22 11:57:00.619274+00:00,filled,2026-05-22 12:23:08.142291+00:00,642.5,live
ZEC-USDT,sell,639.78,2026-05-22 12:57:12.915243+00:00,cancelled,,,live
ZEC-USDT,sell,639.33,2026-05-22 13:01:12.579948+00:00,expired,,,live
SOL-USDT,sell,86.89,2026-05-22 14:06:25.382932+00:00,cancelled,,,live
SOL-USDT,sell,86.95,2026-05-22 14:10:25.008088+00:00,expired,,,live
SOL-USDT,buy,86.89,2026-05-22 15:33:05.288903+00:00,expired,,,live
ZEC-USDT,buy,630.25,2026-05-22 17:29:01.347196+00:00,filled,2026-05-22 17:42:53.156180+00:00,627.52,live
ZEC-USDT,sell,623.45,2026-05-22 17:51:12.456892+00:00,expired,,,live
ZEC-USDT,buy,605.51,2026-05-22 21:12:01.283055+00:00,filled,2026-05-22 21:37:17.396134+00:00,603.03,live
ZEC-USDT,sell,599.17,2026-05-22 21:54:12.434868+00:00,cancelled,,,live
ZEC-USDT,sell,599.34,2026-05-22 22:21:12.721597+00:00,expired,,,live
ZEC-USDT,buy,592.75,2026-05-23 01:28:01.551487+00:00,expired,,,live
SOL-USDT,buy,84.59,2026-05-23 01:38:04.762354+00:00,expired,,,live
SOL-USDT,buy,84.67,2026-05-23 03:54:04.856075+00:00,expired,,,live
ZEC-USDT,sell,597.15,2026-05-23 04:24:16.058756+00:00,cancelled,,,live
ZEC-USDT,sell,597.84,2026-05-23 04:27:12.508937+00:00,expired,,,live
SOL-USDT,sell,84.2,2026-05-23 05:22:25.419667+00:00,expired,,,live
ZEC-USDT,buy,585.88,2026-05-23 08:48:14.565309+00:00,expired,,,live
SOL-USDT,buy,82.35,2026-05-23 11:23:13.365212+00:00,cancelled,,,live
SOL-USDT,buy,82.39,2026-05-23 11:26:05.667109+00:00,expired,,,live
ZEC-USDT,sell,586.8,2026-05-23 11:39:13.969418+00:00,expired,,,live
SOL-USDT,sell,82.1,2026-05-23 12:23:26.463638+00:00,expired,,,live
ZEC-USDT,buy,588.83,2026-05-23 13:02:01.569497+00:00,filled,2026-05-23 13:15:48.570349+00:00,585.44,live
ZEC-USDT,sell,602.88,2026-05-23 17:00:15.577410+00:00,expired,,,live
ZEC-USDT,buy,607.74,2026-05-23 18:05:04.377950+00:00,expired,,,live
ZEC-USDT,sell,606.93,2026-05-23 19:04:15.563954+00:00,filled,2026-05-23 19:10:53.868144+00:00,611.02,live
SOL-USDT,sell,85.58,2026-05-23 22:35:33.072912+00:00,expired,,,live
ZEC-USDT,sell,632.75,2026-05-23 23:43:15.773381+00:00,expired,,,live
SOL-USDT,buy,85.92,2026-05-24 00:39:07.775060+00:00,expired,,,live
ZEC-USDT,buy,642.04,2026-05-24 02:15:18.776178+00:00,cancelled,,,live
ZEC-USDT,sell,629.83,2026-05-24 02:25:02.566060+00:00,expired,,,live
SOL-USDT,sell,85.8,2026-05-24 03:17:27.267507+00:00,expired,,,live
SOL-USDT,buy,86.11,2026-05-24 06:50:09.168810+00:00,expired,,,live
SOL-USDT,sell,85.99,2026-05-24 07:57:27.973052+00:00,cancelled,,,live
SOL-USDT,sell,86.0,2026-05-24 08:05:08.566372+00:00,cancelled,,,live
SOL-USDT,sell,86.0,2026-05-24 08:10:23.272015+00:00,expired,,,live
ZEC-USDT,buy,633.35,2026-05-24 08:40:02.373830+00:00,expired,,,live
SOL-USDT,sell,86.37,2026-05-24 10:10:28.773283+00:00,expired,,,live
SOL-USDT,buy,86.53,2026-05-24 11:02:08.173444+00:00,expired,,,live
SOL-USDT,sell,86.28,2026-05-24 12:17:27.467505+00:00,expired,,,live
ZEC-USDT,sell,640.27,2026-05-24 14:17:18.869009+00:00,expired,,,live
ZEC-USDT,buy,653.08,2026-05-24 15:34:04.863312+00:00,expired,,,live
SOL-USDT,buy,85.5,2026-05-24 16:11:05.163659+00:00,expired,,,live
SOL-USDT,sell,85.29,2026-05-24 18:25:09.466952+00:00,expired,,,live
ZEC-USDT,sell,669.64,2026-05-24 21:24:18.973130+00:00,expired,,,live
SOL-USDT,buy,85.42,2026-05-24 23:42:10.867816+00:00,expired,,,live
SOL-USDT,sell,85.21,2026-05-25 01:50:30.169858+00:00,filled,2026-05-25 02:06:06.265663+00:00,85.17,live
SOL-USDT,buy,85.59,2026-05-25 02:08:04.572508+00:00,cancelled,,,live
SOL-USDT,sell,85.03,2026-05-25 02:26:25.767598+00:00,expired,,,live
ZEC-USDT,buy,654.33,2026-05-25 04:21:06.569339+00:00,cancelled,,,live
ZEC-USDT,buy,655.68,2026-05-25 04:26:01.667458+00:00,expired,,,live
SOL-USDT,buy,85.19,2026-05-25 04:30:10.963472+00:00,expired,,,live
SOL-USDT,sell,85.63,2026-05-25 07:19:31.765046+00:00,expired,,,live
SOL-USDT,buy,85.97,2026-05-25 08:54:06.266289+00:00,expired,,,live
ZEC-USDT,sell,666.18,2026-05-25 13:35:09.165112+00:00,filled,2026-05-25 13:42:57.968375+00:00,670.36,live
ZEC-USDT,sell,671.09,2026-05-25 15:23:18.270282+00:00,filled,2026-05-25 15:33:03.969092+00:00,674.29,live
ZEC-USDT,sell,670.37,2026-05-25 16:00:20.666620+00:00,cancelled,,,live
ZEC-USDT,sell,667.73,2026-05-25 16:15:06.660834+00:00,filled,2026-05-25 16:43:42.965702+00:00,668.0,live
SOL-USDT,sell,86.0,2026-05-25 16:18:25.272656+00:00,expired,,,live
SOL-USDT,buy,86.33,2026-05-25 16:50:06.874364+00:00,expired,,,live
SOL-USDT,sell,86.07,2026-05-25 17:48:29.881096+00:00,cancelled,,,live
SOL-USDT,sell,86.06,2026-05-25 17:57:26.266915+00:00,expired,,,live
SOL-USDT,sell,86.05,2026-05-25 18:36:28.268560+00:00,cancelled,,,live
SOL-USDT,sell,86.04,2026-05-25 18:40:03.780584+00:00,expired,,,live
ZEC-USDT,buy,662.89,2026-05-25 23:33:08.367885+00:00,filled,2026-05-25 23:40:56.667001+00:00,656.21,live
SOL-USDT,buy,84.29,2026-05-26 04:29:12.769272+00:00,expired,,,live
ZEC-USDT,buy,626.87,2026-05-26 05:36:58.472433+00:00,filled,2026-05-26 05:56:12.975737+00:00,622.24,live
SOL-USDT,sell,84.11,2026-05-26 07:17:27.067126+00:00,cancelled,,,live
SOL-USDT,sell,84.07,2026-05-26 07:33:25.474397+00:00,cancelled,,,live
SOL-USDT,sell,84.07,2026-05-26 07:35:26.174521+00:00,expired,,,live
ZEC-USDT,buy,615.7,2026-05-26 10:28:05.573009+00:00,expired,,,live
SOL-USDT,sell,84.9,2026-05-26 12:08:34.872938+00:00,expired,,,live
ZEC-USDT,sell,612.88,2026-05-26 12:09:14.468687+00:00,expired,,,live
ZEC-USDT,buy,618.72,2026-05-26 13:18:00.973747+00:00,filled,2026-05-26 13:25:38.964181+00:00,615.2,live
ZEC-USDT,buy,618.11,2026-05-26 13:43:57.062800+00:00,filled,2026-05-26 14:06:03.166924+00:00,620.14,live
SOL-USDT,buy,85.4,2026-05-26 13:49:06.076105+00:00,expired,,,live
SOL-USDT,sell,84.99,2026-05-26 14:39:28.565366+00:00,filled,2026-05-26 14:51:18.678527+00:00,85.36,live
ZEC-USDT,sell,605.33,2026-05-26 15:05:08.485943+00:00,filled,2026-05-26 15:15:09.167886+00:00,612.25,live
ZEC-USDT,buy,615.02,2026-05-26 16:35:03.900580+00:00,expired,,,live
ZEC-USDT,sell,593.76,2026-05-26 17:21:17.274818+00:00,filled,2026-05-26 17:51:06.165995+00:00,596.31,live
SOL-USDT,buy,83.8,2026-05-26 19:42:10.570993+00:00,expired,,,live
SOL-USDT,sell,83.55,2026-05-26 21:13:31.375081+00:00,expired,,,live
SOL-USDT,buy,83.88,2026-05-26 21:44:06.569897+00:00,expired,,,live
ZEC-USDT,buy,578.56,2026-05-27 00:29:00.273837+00:00,cancelled,,,live
ZEC-USDT,buy,578.52,2026-05-27 00:30:55.767794+00:00,cancelled,,,live
SOL-USDT,buy,84.11,2026-05-27 00:31:04.573444+00:00,expired,,,live
ZEC-USDT,buy,578.59,2026-05-27 00:40:06.164812+00:00,cancelled,,,live
ZEC-USDT,buy,578.53,2026-05-27 00:47:56.269721+00:00,filled,2026-05-27 01:06:49.875718+00:00,578.24,live
SOL-USDT,sell,83.67,2026-05-27 02:03:53.267579+00:00,cancelled,,,live
ZEC-USDT,sell,571.37,2026-05-27 02:07:12.967970+00:00,expired,,,live
SOL-USDT,sell,83.67,2026-05-27 02:08:47.762456+00:00,expired,,,live
ZEC-USDT,buy,570.88,2026-05-27 04:52:03.079117+00:00,expired,,,live
SOL-USDT,buy,83.89,2026-05-27 06:09:07.066827+00:00,expired,,,live
SOL-USDT,sell,83.88,2026-05-27 08:52:52.768475+00:00,expired,,,live
ZEC-USDT,sell,569.35,2026-05-27 09:16:13.763098+00:00,expired,,,live
SOL-USDT,buy,84.06,2026-05-27 11:02:14.277590+00:00,expired,,,live
ZEC-USDT,buy,575.26,2026-05-27 11:27:56.279293+00:00,expired,,,live
ZEC-USDT,sell,572.12,2026-05-27 12:57:15.170105+00:00,filled,2026-05-27 13:20:42.664385+00:00,572.58,live
SOL-USDT,sell,83.8,2026-05-27 13:04:46.967041+00:00,expired,,,live
SOL-USDT,buy,84.01,2026-05-27 15:02:13.970843+00:00,cancelled,,,live
SOL-USDT,buy,83.93,2026-05-27 15:07:04.869123+00:00,expired,,,live
ZEC-USDT,buy,573.2,2026-05-27 15:25:05.865151+00:00,filled,2026-05-27 15:42:12.366106+00:00,571.54,live
ZEC-USDT,sell,568.99,2026-05-27 15:51:13.870428+00:00,expired,,,live
SOL-USDT,sell,83.63,2026-05-27 17:09:52.363629+00:00,expired,,,live
SOL-USDT,buy,83.88,2026-05-27 18:56:12.987535+00:00,expired,,,live
ZEC-USDT,buy,558.88,2026-05-27 19:25:55.868722+00:00,filled,2026-05-27 19:36:37.876193+00:00,554.11,live
SOL-USDT,sell,83.59,2026-05-27 21:21:50.362482+00:00,cancelled,,,live
SOL-USDT,sell,83.6,2026-05-27 21:25:04.270168+00:00,expired,,,live
SOL-USDT,buy,82.62,2026-05-28 00:48:13.667922+00:00,cancelled,,,live
SOL-USDT,buy,82.57,2026-05-28 00:59:05.264741+00:00,cancelled,,,live
SOL-USDT,sell,82.35,2026-05-28 01:21:47.167370+00:00,cancelled,,,live
SOL-USDT,sell,82.33,2026-05-28 01:26:47.165943+00:00,expired,,,live
ZEC-USDT,buy,540.29,2026-05-28 02:38:04.077312+00:00,expired,,,live
ZEC-USDT,sell,532.48,2026-05-28 05:16:26.366794+00:00,expired,,,live
SOL-USDT,buy,81.0,2026-05-28 06:49:17.273785+00:00,expired,,,live
SOL-USDT,buy,81.18,2026-05-28 08:00:27.672751+00:00,expired,,,live
ZEC-USDT,buy,527.79,2026-05-28 09:26:02.396556+00:00,expired,,,live
SOL-USDT,sell,80.81,2026-05-28 10:52:56.575182+00:00,cancelled,,,live
SOL-USDT,sell,80.73,2026-05-28 10:58:46.569742+00:00,expired,,,live
ZEC-USDT,sell,524.78,2026-05-28 11:05:05.766518+00:00,expired,,,live
ZEC-USDT,buy,531.96,2026-05-28 13:52:06.579417+00:00,filled,2026-05-28 14:21:02.586881+00:00,534.45,live
SOL-USDT,buy,81.28,2026-05-28 15:47:11.571191+00:00,cancelled,,,live
SOL-USDT,buy,81.35,2026-05-28 16:13:06.962116+00:00,expired,,,live
ZEC-USDT,sell,549.83,2026-05-28 19:16:20.574463+00:00,filled,2026-05-28 19:23:57.170196+00:00,552.83,live
SOL-USDT,sell,82.28,2026-05-28 19:55:50.672246+00:00,expired,,,live
SOL-USDT,buy,82.57,2026-05-28 21:14:14.169997+00:00,expired,,,live
ZEC-USDT,sell,552.9,2026-05-28 22:05:06.374946+00:00,expired,,,live
SOL-USDT,sell,82.29,2026-05-28 22:15:47.070895+00:00,expired,,,live
ZEC-USDT,buy,561.53,2026-05-29 01:06:04.879720+00:00,filled,2026-05-29 01:17:52.572450+00:00,557.73,live
ZEC-USDT,sell,547.56,2026-05-29 02:17:21.074714+00:00,expired,,,live
SOL-USDT,buy,81.91,2026-05-29 05:02:13.469616+00:00,expired,,,live
ZEC-USDT,buy,539.17,2026-05-29 05:46:59.074031+00:00,expired,,,live
ZEC-USDT,buy,539.26,2026-05-29 06:22:56.670827+00:00,filled,2026-05-29 06:38:54.863107+00:00,535.4,live
ZEC-USDT,sell,536.56,2026-05-29 08:58:19.965818+00:00,filled,2026-05-29 09:08:17.366274+00:00,537.4,live
SOL-USDT,sell,82.16,2026-05-29 10:30:51.274162+00:00,cancelled,,,live
SOL-USDT,sell,82.05,2026-05-29 11:00:50.367696+00:00,expired,,,live
ZEC-USDT,sell,536.91,2026-05-29 11:31:13.565411+00:00,cancelled,,,live
ZEC-USDT,sell,537.79,2026-05-29 11:37:13.361911+00:00,filled,2026-05-29 11:57:43.872861+00:00,536.69,live
ZEC-USDT,buy,538.2,2026-05-29 13:39:04.484001+00:00,filled,2026-05-29 14:06:48.274418+00:00,536.0,live
ZEC-USDT,sell,532.02,2026-05-29 14:25:06.380843+00:00,filled,2026-05-29 14:53:28.963384+00:00,530.41,live
SOL-USDT,buy,81.25,2026-05-29 14:52:05.770565+00:00,expired,,,live
ZEC-USDT,buy,535.07,2026-05-29 15:08:56.368383+00:00,expired,,,live
ZEC-USDT,sell,534.76,2026-05-29 16:26:18.963794+00:00,filled,2026-05-29 16:31:46.464031+00:00,538.41,live
