symbol,entry_timing,sl_atr,tp_ladder,ratios,be_after_tp1,blofin_n,blofin_net,blofin_pf,blofin_dd,blofin_wr,blofin_oos_net,blofin_oos_pf,lighter_n,lighter_net,lighter_pf,lighter_dd,lighter_wr,lighter_oos_net,lighter_oos_pf,tp1_rate,tp3_rate
ZEC-USDT,signal,1.0,"(0.75, 1.5, 3.0)","(0.5, 0.25, 0.25)",True,396,-4120.68,0.499,-4073.24,0.4596,-1430.2,0.473,396,-556.89,0.915,-1020.76,0.5556,-359.34,0.838,0.556,0.157
ZEC-USDT,retest,1.0,"(0.75, 1.5, 3.0)","(0.5, 0.25, 0.25)",True,203,-2517.47,0.445,-2775.92,0.4384,-971.77,0.4,203,-690.51,0.811,-1164.9,0.5369,-422.72,0.683,0.537,0.177
ZEC-USDT,signal,1.0,"(0.75, 1.5, 3.0)","(0.5, 0.25, 0.25)",False,370,-4179.54,0.518,-4124.77,0.3892,-1466.7,0.485,370,-849.49,0.872,-1229.85,0.3973,-467.87,0.791,0.538,0.254
ZEC-USDT,retest,1.0,"(0.75, 1.5, 3.0)","(0.5, 0.25, 0.25)",False,196,-2760.88,0.434,-2937.69,0.3724,-957.26,0.429,196,-997.02,0.736,-1389.76,0.3724,-426.21,0.682,0.531,0.25
ZEC-USDT,signal,1.0,"(0.75, 1.5, 3.0)","(0.34, 0.33, 0.33)",True,396,-4040.26,0.521,-4001.97,0.3813,-1412.6,0.491,396,-476.4,0.927,-1024.41,0.5556,-341.76,0.846,0.556,0.157
ZEC-USDT,retest,1.0,"(0.75, 1.5, 3.0)","(0.34, 0.33, 0.33)",True,203,-2467.85,0.469,-2788.17,0.3596,-939.5,0.432,203,-640.89,0.824,-1177.11,0.5369,-390.41,0.707,0.537,0.177
ZEC-USDT,signal,1.0,"(0.75, 1.5, 3.0)","(0.34, 0.33, 0.33)",False,370,-4095.86,0.556,-4061.82,0.373,-1465.72,0.517,370,-765.68,0.894,-1227.48,0.3973,-466.9,0.807,0.538,0.254
ZEC-USDT,retest,1.0,"(0.75, 1.5, 3.0)","(0.34, 0.33, 0.33)",False,196,-2789.58,0.465,-3002.13,0.352,-933.05,0.467,196,-1025.77,0.75,-1454.21,0.3724,-401.99,0.717,0.531,0.25
ZEC-USDT,signal,1.0,"(0.75, 1.5, 3.0)","(0.6, 0.2, 0.2)",True,396,-4170.95,0.49,-4117.78,0.5278,-1441.2,0.467,396,-607.19,0.908,-1022.72,0.5556,-370.32,0.833,0.556,0.157
ZEC-USDT,retest,1.0,"(0.75, 1.5, 3.0)","(0.6, 0.2, 0.2)",True,203,-2548.49,0.434,-2768.27,0.5074,-991.95,0.385,203,-721.53,0.802,-1157.27,0.5369,-442.92,0.668,0.537,0.177
ZEC-USDT,signal,1.0,"(0.75, 1.5, 3.0)","(0.6, 0.2, 0.2)",False,370,-4231.84,0.492,-4174.28,0.3973,-1467.31,0.464,370,-901.87,0.858,-1231.33,0.4459,-468.48,0.78,0.538,0.254
ZEC-USDT,retest,1.0,"(0.75, 1.5, 3.0)","(0.6, 0.2, 0.2)",False,196,-2742.94,0.413,-2897.41,0.3724,-972.39,0.402,196,-979.05,0.726,-1349.47,0.4388,-441.36,0.659,0.531,0.25
ZEC-USDT,signal,1.0,"(0.75, 1.5, 3.0)","(1.0, 0.0, 0.0)",True,421,-4445.82,0.479,-4388.26,0.5629,-1715.7,0.426,421,-657.22,0.904,-933.66,0.5629,-572.74,0.766,0.563,0.021
ZEC-USDT,retest,1.0,"(0.75, 1.5, 3.0)","(1.0, 0.0, 0.0)",True,211,-2607.46,0.426,-2715.2,0.5498,-1029.39,0.364,211,-708.5,0.808,-1057.2,0.5498,-453.37,0.661,0.55,0.009
ZEC-USDT,signal,1.0,"(0.75, 1.5, 3.0)","(1.0, 0.0, 0.0)",False,421,-4445.82,0.479,-4388.26,0.5629,-1715.7,0.426,421,-657.22,0.904,-933.66,0.5629,-572.74,0.766,0.563,0.021
ZEC-USDT,retest,1.0,"(0.75, 1.5, 3.0)","(1.0, 0.0, 0.0)",False,211,-2607.46,0.426,-2715.2,0.5498,-1029.39,0.364,211,-708.5,0.808,-1057.2,0.5498,-453.37,0.661,0.55,0.009
ZEC-USDT,signal,1.0,"(0.75, 1.5, 3.0)","(0.5, 0.5, 0.0)",True,409,-3960.75,0.533,-3903.18,0.4621,-1456.97,0.491,409,-280.09,0.959,-682.47,0.5575,-350.19,0.85,0.557,0.032
ZEC-USDT,retest,1.0,"(0.75, 1.5, 3.0)","(0.5, 0.5, 0.0)",True,209,-2496.86,0.456,-2722.03,0.4498,-924.63,0.415,209,-615.89,0.833,-1066.08,0.5455,-357.59,0.726,0.545,0.01
ZEC-USDT,signal,1.0,"(0.75, 1.5, 3.0)","(0.5, 0.5, 0.0)",False,402,-4505.59,0.518,-4448.03,0.398,-1636.08,0.479,402,-887.75,0.876,-1046.1,0.398,-547.29,0.778,0.55,0.037
ZEC-USDT,retest,1.0,"(0.75, 1.5, 3.0)","(0.5, 0.5, 0.0)",False,207,-2654.6,0.47,-2805.58,0.3913,-879.58,0.478,207,-791.85,0.796,-1167.85,0.3913,-312.6,0.769,0.546,0.019
ZEC-USDT,signal,1.0,"(1.0, 2.0, 3.0)","(0.5, 0.25, 0.25)",True,389,-4223.2,0.545,-4165.64,0.4627,-1443.69,0.528,389,-722.17,0.904,-1089.7,0.4884,-390.89,0.844,0.488,0.175
ZEC-USDT,retest,1.0,"(1.0, 2.0, 3.0)","(0.5, 0.25, 0.25)",True,202,-2818.13,0.46,-2930.05,0.4307,-842.24,0.496,202,-1000.36,0.764,-1323.25,0.4653,-293.23,0.788,0.465,0.178
ZEC-USDT,signal,1.0,"(1.0, 2.0, 3.0)","(0.5, 0.25, 0.25)",False,370,-3983.25,0.578,-3962.97,0.3459,-1378.24,0.551,370,-653.22,0.91,-1246.93,0.3459,-379.47,0.843,0.478,0.254
ZEC-USDT,retest,1.0,"(1.0, 2.0, 3.0)","(0.5, 0.25, 0.25)",False,196,-2854.35,0.473,-2966.27,0.3214,-844.69,0.507,196,-1090.58,0.741,-1399.15,0.3214,-313.64,0.77,0.459,0.25
ZEC-USDT,signal,1.0,"(1.0, 2.0, 3.0)","(0.34, 0.33, 0.33)",True,389,-4183.85,0.555,-4126.28,0.3676,-1432.99,0.534,389,-682.74,0.909,-1169.05,0.4884,-380.16,0.849,0.488,0.175
ZEC-USDT,retest,1.0,"(1.0, 2.0, 3.0)","(0.34, 0.33, 0.33)",True,202,-2799.21,0.472,-2970.22,0.3317,-825.05,0.512,202,-981.44,0.769,-1368.26,0.4653,-275.99,0.8,0.465,0.178
ZEC-USDT,signal,1.0,"(1.0, 2.0, 3.0)","(0.34, 0.33, 0.33)",False,370,-3886.15,0.613,-3925.37,0.3459,-1372.28,0.58,370,-556.02,0.929,-1310.9,0.3459,-373.48,0.857,0.478,0.254
ZEC-USDT,retest,1.0,"(1.0, 2.0, 3.0)","(0.34, 0.33, 0.33)",False,196,-2835.97,0.505,-2988.08,0.3214,-839.26,0.538,196,-1072.22,0.763,-1440.16,0.3214,-308.17,0.79,0.459,0.25
ZEC-USDT,signal,1.0,"(1.0, 2.0, 3.0)","(0.6, 0.2, 0.2)",True,389,-4247.8,0.542,-4190.23,0.4859,-1450.37,0.526,389,-746.81,0.9,-1073.56,0.4884,-397.59,0.842,0.488,0.175
ZEC-USDT,retest,1.0,"(1.0, 2.0, 3.0)","(0.6, 0.2, 0.2)",True,202,-2829.95,0.457,-2930.73,0.4604,-852.99,0.489,202,-1012.19,0.761,-1295.11,0.4653,-304.0,0.78,0.465,0.178
ZEC-USDT,signal,1.0,"(1.0, 2.0, 3.0)","(0.6, 0.2, 0.2)",False,370,-4043.93,0.555,-4005.75,0.3514,-1381.96,0.531,370,-713.97,0.9,-1207.4,0.4784,-383.21,0.839,0.478,0.254
ZEC-USDT,retest,1.0,"(1.0, 2.0, 3.0)","(0.6, 0.2, 0.2)",False,196,-2865.83,0.451,-2966.61,0.3316,-848.08,0.485,196,-1102.06,0.735,-1373.53,0.4592,-317.07,0.764,0.459,0.25
ZEC-USDT,signal,1.0,"(1.0, 2.0, 3.0)","(1.0, 0.0, 0.0)",True,411,-4541.26,0.535,-4499.68,0.4915,-1571.87,0.514,411,-842.52,0.893,-947.96,0.4915,-456.15,0.828,0.491,0.022
ZEC-USDT,retest,1.0,"(1.0, 2.0, 3.0)","(1.0, 0.0, 0.0)",True,209,-2765.85,0.475,-2822.09,0.4785,-783.9,0.52,209,-885.07,0.793,-1075.06,0.4785,-216.96,0.84,0.478,0.01
ZEC-USDT,signal,1.0,"(1.0, 2.0, 3.0)","(1.0, 0.0, 0.0)",False,411,-4541.26,0.535,-4499.68,0.4915,-1571.87,0.514,411,-842.52,0.893,-947.96,0.4915,-456.15,0.828,0.491,0.022
ZEC-USDT,retest,1.0,"(1.0, 2.0, 3.0)","(1.0, 0.0, 0.0)",False,209,-2765.85,0.475,-2822.09,0.4785,-783.9,0.52,209,-885.07,0.793,-1075.06,0.4785,-216.96,0.84,0.478,0.01
ZEC-USDT,signal,1.0,"(1.0, 2.0, 3.0)","(0.5, 0.5, 0.0)",True,398,-4121.74,0.569,-4064.18,0.4598,-1491.13,0.533,398,-539.96,0.93,-918.37,0.4849,-411.35,0.843,0.485,0.053
ZEC-USDT,retest,1.0,"(1.0, 2.0, 3.0)","(0.5, 0.5, 0.0)",True,207,-2720.08,0.484,-2813.44,0.4396,-763.61,0.545,207,-857.3,0.8,-1174.32,0.4734,-196.58,0.858,0.473,0.029
ZEC-USDT,signal,1.0,"(1.0, 2.0, 3.0)","(0.5, 0.5, 0.0)",False,390,-4145.86,0.588,-4128.13,0.3436,-1366.16,0.578,390,-636.05,0.918,-1251.82,0.3436,-313.37,0.877,0.479,0.062
ZEC-USDT,retest,1.0,"(1.0, 2.0, 3.0)","(0.5, 0.5, 0.0)",False,205,-2620.82,0.526,-2714.18,0.3415,-723.37,0.58,205,-776.19,0.82,-1079.49,0.3415,-165.34,0.879,0.473,0.044
ZEC-USDT,signal,1.0,"(1.5, 3.0, 5.0)","(0.5, 0.25, 0.25)",True,373,-4917.41,0.538,-4901.04,0.3941,-1636.81,0.535,373,-1560.14,0.819,-1912.92,0.3941,-629.11,0.783,0.394,0.102
ZEC-USDT,retest,1.0,"(1.5, 3.0, 5.0)","(0.5, 0.25, 0.25)",True,193,-3208.53,0.451,-3270.11,0.3731,-726.28,0.598,193,-1471.9,0.69,-1731.46,0.3731,-204.26,0.863,0.373,0.083
ZEC-USDT,signal,1.0,"(1.5, 3.0, 5.0)","(0.5, 0.25, 0.25)",False,334,-4309.89,0.554,-4486.91,0.2725,-1609.73,0.5,334,-1303.38,0.831,-1913.65,0.3952,-700.9,0.734,0.395,0.147
ZEC-USDT,retest,1.0,"(1.5, 3.0, 5.0)","(0.5, 0.25, 0.25)",False,180,-3122.49,0.442,-3229.42,0.2611,-749.75,0.567,180,-1502.74,0.667,-1807.62,0.3667,-254.79,0.821,0.367,0.133
ZEC-USDT,signal,1.0,"(1.5, 3.0, 5.0)","(0.34, 0.33, 0.33)",True,373,-5126.78,0.519,-5120.59,0.3592,-1672.26,0.525,373,-1769.45,0.794,-2206.96,0.3941,-664.55,0.77,0.394,0.102
ZEC-USDT,retest,1.0,"(1.5, 3.0, 5.0)","(0.34, 0.33, 0.33)",True,193,-3323.49,0.432,-3390.39,0.3472,-708.36,0.609,193,-1586.8,0.666,-1851.66,0.3731,-186.31,0.875,0.373,0.083
ZEC-USDT,signal,1.0,"(1.5, 3.0, 5.0)","(0.34, 0.33, 0.33)",False,334,-4488.85,0.567,-4726.61,0.2455,-1683.23,0.51,334,-1482.21,0.817,-2210.59,0.2455,-774.33,0.719,0.395,0.147
ZEC-USDT,retest,1.0,"(1.5, 3.0, 5.0)","(0.34, 0.33, 0.33)",False,180,-3226.32,0.456,-3353.07,0.2389,-757.9,0.591,180,-1606.52,0.658,-1931.21,0.2389,-262.91,0.824,0.367,0.133
ZEC-USDT,signal,1.0,"(1.5, 3.0, 5.0)","(0.6, 0.2, 0.2)",True,373,-4786.55,0.55,-4763.83,0.3941,-1614.65,0.542,373,-1429.32,0.834,-1729.14,0.3941,-606.97,0.79,0.394,0.102
ZEC-USDT,retest,1.0,"(1.5, 3.0, 5.0)","(0.6, 0.2, 0.2)",True,193,-3136.68,0.463,-3194.93,0.3731,-737.47,0.592,193,-1400.09,0.705,-1656.33,0.3731,-215.48,0.856,0.373,0.083
ZEC-USDT,signal,1.0,"(1.5, 3.0, 5.0)","(0.6, 0.2, 0.2)",False,334,-4198.04,0.559,-4337.1,0.3802,-1563.78,0.511,334,-1191.61,0.845,-1728.07,0.3952,-655.01,0.751,0.395,0.147
ZEC-USDT,retest,1.0,"(1.5, 3.0, 5.0)","(0.6, 0.2, 0.2)",False,180,-3057.6,0.447,-3152.14,0.3667,-744.65,0.568,180,-1437.88,0.681,-1730.38,0.3667,-249.72,0.825,0.367,0.133
ZEC-USDT,signal,1.0,"(1.5, 3.0, 5.0)","(1.0, 0.0, 0.0)",True,402,-4421.32,0.611,-4366.54,0.398,-1641.48,0.566,402,-803.15,0.913,-1052.2,0.398,-552.75,0.822,0.398,0.002
ZEC-USDT,retest,1.0,"(1.5, 3.0, 5.0)","(1.0, 0.0, 0.0)",True,207,-2696.1,0.556,-2908.77,0.3913,-772.93,0.599,207,-833.58,0.831,-1271.23,0.3913,-205.96,0.871,0.391,0.0
ZEC-USDT,signal,1.0,"(1.5, 3.0, 5.0)","(1.0, 0.0, 0.0)",False,402,-4421.32,0.611,-4366.54,0.398,-1641.48,0.566,402,-803.15,0.913,-1052.2,0.398,-552.75,0.822,0.398,0.002
ZEC-USDT,retest,1.0,"(1.5, 3.0, 5.0)","(1.0, 0.0, 0.0)",False,207,-2696.1,0.556,-2908.77,0.3913,-772.93,0.599,207,-833.58,0.831,-1271.23,0.3913,-205.96,0.871,0.391,0.0
ZEC-USDT,signal,1.0,"(1.5, 3.0, 5.0)","(0.5, 0.5, 0.0)",True,385,-4439.68,0.588,-4383.96,0.4026,-1473.4,0.587,385,-974.19,0.888,-1448.48,0.4026,-429.61,0.853,0.403,0.016
ZEC-USDT,retest,1.0,"(1.5, 3.0, 5.0)","(0.5, 0.5, 0.0)",True,201,-2807.11,0.534,-3110.51,0.3781,-818.92,0.583,201,-998.58,0.796,-1517.81,0.3781,-269.88,0.833,0.378,0.005
ZEC-USDT,signal,1.0,"(1.5, 3.0, 5.0)","(0.5, 0.5, 0.0)",False,370,-3918.04,0.627,-3938.96,0.2811,-1463.64,0.575,370,-587.59,0.93,-1297.88,0.3973,-464.84,0.834,0.397,0.019
ZEC-USDT,retest,1.0,"(1.5, 3.0, 5.0)","(0.5, 0.5, 0.0)",False,196,-2850.58,0.523,-3139.07,0.2704,-881.61,0.541,196,-1086.86,0.774,-1591.18,0.3724,-350.51,0.778,0.372,0.005
ZEC-USDT,signal,1.0,"(0.5, 1.0, 2.0)","(0.5, 0.25, 0.25)",True,405,-4440.41,0.422,-4382.85,0.4395,-1758.34,0.369,405,-795.74,0.867,-1059.53,0.6049,-660.51,0.707,0.605,0.252
ZEC-USDT,retest,1.0,"(0.5, 1.0, 2.0)","(0.5, 0.25, 0.25)",True,208,-2986.69,0.309,-3042.93,0.4135,-1046.12,0.306,208,-1114.72,0.673,-1310.44,0.5817,-479.05,0.611,0.582,0.212
ZEC-USDT,signal,1.0,"(0.5, 1.0, 2.0)","(0.5, 0.25, 0.25)",False,390,-4823.5,0.425,-4765.93,0.3821,-1730.95,0.397,390,-1313.69,0.797,-1545.29,0.4795,-678.1,0.705,0.59,0.344
ZEC-USDT,retest,1.0,"(0.5, 1.0, 2.0)","(0.5, 0.25, 0.25)",False,205,-2907.48,0.375,-2963.72,0.3805,-928.18,0.394,205,-1062.7,0.707,-1285.39,0.4732,-370.16,0.702,0.58,0.341
ZEC-USDT,signal,1.0,"(0.5, 1.0, 2.0)","(0.34, 0.33, 0.33)",True,405,-4135.59,0.477,-4078.02,0.4123,-1644.58,0.422,405,-490.97,0.918,-820.53,0.5975,-546.78,0.758,0.605,0.252
ZEC-USDT,retest,1.0,"(0.5, 1.0, 2.0)","(0.34, 0.33, 0.33)",True,208,-2911.22,0.345,-2979.34,0.375,-1004.51,0.348,208,-1039.26,0.695,-1252.14,0.5817,-437.43,0.645,0.582,0.212
ZEC-USDT,signal,1.0,"(0.5, 1.0, 2.0)","(0.34, 0.33, 0.33)",False,390,-4606.65,0.482,-4557.23,0.3436,-1614.22,0.459,390,-1096.85,0.839,-1408.68,0.4795,-561.38,0.763,0.59,0.344
ZEC-USDT,retest,1.0,"(0.5, 1.0, 2.0)","(0.34, 0.33, 0.33)",False,205,-2815.75,0.428,-2883.87,0.3415,-862.64,0.457,205,-971.01,0.746,-1219.5,0.4732,-304.62,0.762,0.58,0.341
ZEC-USDT,signal,1.0,"(0.5, 1.0, 2.0)","(0.6, 0.2, 0.2)",True,405,-4630.92,0.389,-4573.36,0.4889,-1829.44,0.338,405,-986.23,0.836,-1208.91,0.6049,-731.59,0.676,0.605,0.252
ZEC-USDT,retest,1.0,"(0.5, 1.0, 2.0)","(0.6, 0.2, 0.2)",True,208,-3033.85,0.289,-3082.67,0.4567,-1072.13,0.283,208,-1161.88,0.659,-1346.88,0.5817,-505.06,0.59,0.582,0.212
ZEC-USDT,signal,1.0,"(0.5, 1.0, 2.0)","(0.6, 0.2, 0.2)",False,390,-4959.03,0.388,-4901.46,0.4128,-1803.91,0.359,390,-1449.22,0.767,-1633.96,0.4795,-751.04,0.667,0.59,0.344
ZEC-USDT,retest,1.0,"(0.5, 1.0, 2.0)","(0.6, 0.2, 0.2)",False,205,-2964.81,0.342,-3013.63,0.4,-969.15,0.355,205,-1120.0,0.68,-1326.57,0.4732,-411.13,0.663,0.58,0.341
ZEC-USDT,signal,1.0,"(0.5, 1.0, 2.0)","(1.0, 0.0, 0.0)",True,428,-5603.31,0.283,-5545.74,0.5888,-2317.38,0.222,428,-1751.56,0.722,-1877.62,0.6098,-1156.38,0.526,0.61,0.082
ZEC-USDT,retest,1.0,"(0.5, 1.0, 2.0)","(1.0, 0.0, 0.0)",True,211,-3199.6,0.237,-3230.21,0.5782,-1172.17,0.211,211,-1300.64,0.619,-1450.26,0.5877,-596.12,0.517,0.588,0.043
ZEC-USDT,signal,1.0,"(0.5, 1.0, 2.0)","(1.0, 0.0, 0.0)",False,428,-5603.31,0.283,-5545.74,0.5888,-2317.38,0.222,428,-1751.56,0.722,-1877.62,0.6098,-1156.38,0.526,0.61,0.082
ZEC-USDT,retest,1.0,"(0.5, 1.0, 2.0)","(1.0, 0.0, 0.0)",False,211,-3199.6,0.237,-3230.21,0.5782,-1172.17,0.211,211,-1300.64,0.619,-1450.26,0.5877,-596.12,0.517,0.588,0.043
ZEC-USDT,signal,1.0,"(0.5, 1.0, 2.0)","(0.5, 0.5, 0.0)",True,414,-4695.48,0.392,-4637.91,0.4541,-1938.16,0.325,414,-969.82,0.839,-1118.56,0.6111,-813.35,0.65,0.611,0.094
ZEC-USDT,retest,1.0,"(0.5, 1.0, 2.0)","(0.5, 0.5, 0.0)",True,210,-2986.61,0.309,-3026.18,0.4238,-1021.28,0.302,210,-1096.65,0.679,-1265.26,0.5857,-454.26,0.621,0.586,0.062
ZEC-USDT,signal,1.0,"(0.5, 1.0, 2.0)","(0.5, 0.5, 0.0)",False,411,-4968.25,0.411,-4910.68,0.4915,-1907.58,0.369,411,-1269.52,0.806,-1286.6,0.4915,-791.79,0.675,0.608,0.105
ZEC-USDT,retest,1.0,"(0.5, 1.0, 2.0)","(0.5, 0.5, 0.0)",False,209,-2984.99,0.356,-3022.67,0.4785,-956.46,0.371,209,-1104.12,0.698,-1258.83,0.4785,-389.48,0.686,0.584,0.067
ZEC-USDT,signal,1.5,"(0.75, 1.5, 3.0)","(0.5, 0.25, 0.25)",True,386,-4821.29,0.485,-4789.42,0.5026,-1618.9,0.484,386,-1347.31,0.83,-1849.19,0.6166,-574.99,0.788,0.617,0.181
ZEC-USDT,retest,1.5,"(0.75, 1.5, 3.0)","(0.5, 0.25, 0.25)",True,199,-3015.26,0.421,-3185.98,0.4874,-1311.5,0.343,199,-1224.05,0.724,-1610.72,0.598,-771.51,0.556,0.598,0.186
ZEC-USDT,signal,1.5,"(0.75, 1.5, 3.0)","(0.5, 0.25, 0.25)",False,349,-4548.31,0.528,-4520.11,0.4384,-1710.41,0.476,349,-1407.16,0.823,-1830.61,0.4699,-765.49,0.722,0.607,0.324
ZEC-USDT,retest,1.5,"(0.75, 1.5, 3.0)","(0.5, 0.25, 0.25)",False,181,-3029.83,0.455,-3209.92,0.4254,-1325.62,0.358,181,-1400.64,0.699,-1788.99,0.442,-830.78,0.533,0.58,0.331
ZEC-USDT,signal,1.5,"(0.75, 1.5, 3.0)","(0.34, 0.33, 0.33)",True,386,-4686.56,0.512,-4680.15,0.4171,-1557.8,0.513,386,-1212.56,0.847,-1822.58,0.6166,-513.92,0.81,0.617,0.181
ZEC-USDT,retest,1.5,"(0.75, 1.5, 3.0)","(0.34, 0.33, 0.33)",True,199,-2970.82,0.442,-3203.41,0.407,-1279.39,0.37,199,-1179.62,0.734,-1628.12,0.598,-739.37,0.574,0.598,0.186
ZEC-USDT,signal,1.5,"(0.75, 1.5, 3.0)","(0.34, 0.33, 0.33)",False,349,-4429.01,0.571,-4465.09,0.3582,-1708.88,0.51,349,-1287.82,0.849,-1858.9,0.4699,-763.99,0.742,0.607,0.324
ZEC-USDT,retest,1.5,"(0.75, 1.5, 3.0)","(0.34, 0.33, 0.33)",False,181,-2996.45,0.496,-3208.01,0.3591,-1294.14,0.394,181,-1367.27,0.727,-1854.96,0.442,-799.29,0.567,0.58,0.331
ZEC-USDT,signal,1.5,"(0.75, 1.5, 3.0)","(0.6, 0.2, 0.2)",True,386,-4905.49,0.473,-4857.93,0.5803,-1657.09,0.47,386,-1431.53,0.82,-1866.81,0.6166,-613.16,0.774,0.617,0.181
ZEC-USDT,retest,1.5,"(0.75, 1.5, 3.0)","(0.6, 0.2, 0.2)",True,199,-3043.02,0.412,-3181.0,0.5628,-1331.57,0.331,199,-1251.82,0.718,-1599.84,0.598,-791.6,0.544,0.598,0.186
ZEC-USDT,signal,1.5,"(0.75, 1.5, 3.0)","(0.6, 0.2, 0.2)",False,349,-4622.88,0.5,-4568.88,0.4585,-1711.36,0.454,349,-1481.74,0.804,-1822.52,0.4699,-766.42,0.708,0.607,0.324
ZEC-USDT,retest,1.5,"(0.75, 1.5, 3.0)","(0.6, 0.2, 0.2)",False,181,-3050.7,0.429,-3211.1,0.4365,-1345.3,0.335,181,-1421.5,0.679,-1788.33,0.442,-850.46,0.51,0.58,0.331
ZEC-USDT,signal,1.5,"(0.75, 1.5, 3.0)","(1.0, 0.0, 0.0)",True,413,-5031.91,0.468,-4952.31,0.6344,-1899.29,0.429,413,-1314.87,0.838,-1811.11,0.6344,-783.24,0.728,0.634,0.022
ZEC-USDT,retest,1.5,"(0.75, 1.5, 3.0)","(1.0, 0.0, 0.0)",True,209,-3171.5,0.402,-3264.66,0.6077,-1371.93,0.314,209,-1290.25,0.718,-1538.78,0.6077,-804.98,0.539,0.608,0.01
ZEC-USDT,signal,1.5,"(0.75, 1.5, 3.0)","(1.0, 0.0, 0.0)",False,413,-5031.91,0.468,-4952.31,0.6344,-1899.29,0.429,413,-1314.87,0.838,-1811.11,0.6344,-783.24,0.728,0.634,0.022
ZEC-USDT,retest,1.5,"(0.75, 1.5, 3.0)","(1.0, 0.0, 0.0)",False,209,-3171.5,0.402,-3264.66,0.6077,-1371.93,0.314,209,-1290.25,0.718,-1538.78,0.6077,-804.98,0.539,0.608,0.01
ZEC-USDT,signal,1.5,"(0.75, 1.5, 3.0)","(0.5, 0.5, 0.0)",True,398,-4555.49,0.52,-4514.19,0.5101,-1631.28,0.501,398,-973.49,0.879,-1529.5,0.6231,-551.4,0.805,0.623,0.035
ZEC-USDT,retest,1.5,"(0.75, 1.5, 3.0)","(0.5, 0.5, 0.0)",True,206,-3011.4,0.437,-3148.84,0.4951,-1262.73,0.351,206,-1157.11,0.747,-1519.59,0.6019,-704.76,0.585,0.602,0.015
ZEC-USDT,signal,1.5,"(0.75, 1.5, 3.0)","(0.5, 0.5, 0.0)",False,387,-4923.9,0.532,-4846.03,0.478,-1912.17,0.477,387,-1440.94,0.835,-1756.25,0.478,-859.35,0.722,0.62,0.052
ZEC-USDT,retest,1.5,"(0.75, 1.5, 3.0)","(0.5, 0.5, 0.0)",False,202,-3210.5,0.46,-3330.7,0.4604,-1161.46,0.438,202,-1392.46,0.72,-1695.09,0.4604,-612.61,0.655,0.599,0.025
ZEC-USDT,signal,1.5,"(1.0, 2.0, 3.0)","(0.5, 0.25, 0.25)",True,378,-4577.05,0.555,-4580.9,0.537,-1639.44,0.53,378,-1175.05,0.866,-1738.99,0.5661,-613.58,0.797,0.566,0.209
ZEC-USDT,retest,1.5,"(1.0, 2.0, 3.0)","(0.5, 0.25, 0.25)",True,198,-3610.23,0.416,-3770.5,0.4848,-1318.21,0.388,198,-1828.24,0.657,-2100.29,0.5253,-778.29,0.587,0.525,0.192
ZEC-USDT,signal,1.5,"(1.0, 2.0, 3.0)","(0.5, 0.25, 0.25)",False,349,-4358.2,0.588,-4463.93,0.404,-1721.77,0.524,349,-1217.21,0.86,-1807.19,0.404,-776.94,0.744,0.559,0.324
ZEC-USDT,retest,1.5,"(1.0, 2.0, 3.0)","(0.5, 0.25, 0.25)",False,181,-3142.64,0.498,-3312.33,0.4088,-1296.86,0.413,181,-1513.56,0.715,-1966.46,0.4088,-802.01,0.578,0.508,0.331
ZEC-USDT,signal,1.5,"(1.0, 2.0, 3.0)","(0.34, 0.33, 0.33)",True,378,-4518.34,0.566,-4582.32,0.4233,-1614.83,0.54,378,-1116.29,0.873,-1736.17,0.5661,-588.93,0.806,0.566,0.209
ZEC-USDT,retest,1.5,"(1.0, 2.0, 3.0)","(0.34, 0.33, 0.33)",True,198,-3615.19,0.424,-3801.14,0.3737,-1304.25,0.401,198,-1833.21,0.656,-2177.07,0.5253,-764.29,0.594,0.525,0.192
ZEC-USDT,signal,1.5,"(1.0, 2.0, 3.0)","(0.34, 0.33, 0.33)",False,349,-4313.47,0.62,-4494.8,0.3983,-1745.34,0.551,349,-1172.45,0.876,-1930.25,0.404,-800.49,0.758,0.559,0.324
ZEC-USDT,retest,1.5,"(1.0, 2.0, 3.0)","(0.34, 0.33, 0.33)",False,181,-2993.93,0.542,-3215.84,0.4088,-1261.51,0.448,181,-1364.84,0.755,-1962.53,0.4088,-766.63,0.613,0.508,0.331
ZEC-USDT,signal,1.5,"(1.0, 2.0, 3.0)","(0.6, 0.2, 0.2)",True,378,-4613.75,0.551,-4602.7,0.5608,-1654.82,0.526,378,-1211.78,0.862,-1747.46,0.5661,-628.98,0.792,0.566,0.209
ZEC-USDT,retest,1.5,"(1.0, 2.0, 3.0)","(0.6, 0.2, 0.2)",True,198,-3607.13,0.416,-3751.35,0.5202,-1326.94,0.384,198,-1825.14,0.658,-2052.31,0.5253,-787.04,0.582,0.525,0.192
ZEC-USDT,signal,1.5,"(1.0, 2.0, 3.0)","(0.6, 0.2, 0.2)",False,349,-4386.15,0.566,-4444.64,0.404,-1707.04,0.505,349,-1245.19,0.849,-1730.27,0.404,-762.22,0.734,0.559,0.324
ZEC-USDT,retest,1.5,"(1.0, 2.0, 3.0)","(0.6, 0.2, 0.2)",False,181,-3235.58,0.47,-3379.8,0.4088,-1318.96,0.389,181,-1606.51,0.687,-1969.39,0.4088,-824.12,0.555,0.508,0.331
ZEC-USDT,signal,1.5,"(1.0, 2.0, 3.0)","(1.0, 0.0, 0.0)",True,402,-4734.57,0.558,-4688.08,0.5746,-1795.92,0.511,402,-1116.76,0.878,-1768.7,0.5746,-707.13,0.778,0.575,0.027
ZEC-USDT,retest,1.5,"(1.0, 2.0, 3.0)","(1.0, 0.0, 0.0)",True,207,-3560.39,0.437,-3640.4,0.5362,-1314.04,0.393,207,-1697.3,0.689,-1873.42,0.5362,-747.13,0.605,0.536,0.01
ZEC-USDT,signal,1.5,"(1.0, 2.0, 3.0)","(1.0, 0.0, 0.0)",False,402,-4734.57,0.558,-4688.08,0.5746,-1795.92,0.511,402,-1116.76,0.878,-1768.7,0.5746,-707.13,0.778,0.575,0.027
ZEC-USDT,retest,1.5,"(1.0, 2.0, 3.0)","(1.0, 0.0, 0.0)",False,207,-3560.39,0.437,-3640.4,0.5362,-1314.04,0.393,207,-1697.3,0.689,-1873.42,0.5362,-747.13,0.605,0.536,0.01
ZEC-USDT,signal,1.5,"(1.0, 2.0, 3.0)","(0.5, 0.5, 0.0)",True,386,-4457.68,0.576,-4469.58,0.5363,-1720.35,0.525,386,-983.81,0.891,-1568.84,0.5648,-676.53,0.785,0.565,0.062
ZEC-USDT,retest,1.5,"(1.0, 2.0, 3.0)","(0.5, 0.5, 0.0)",True,204,-3585.16,0.434,-3718.68,0.4902,-1269.7,0.413,204,-1749.14,0.679,-2007.13,0.5294,-711.73,0.624,0.529,0.034
ZEC-USDT,signal,1.5,"(1.0, 2.0, 3.0)","(0.5, 0.5, 0.0)",False,373,-4654.58,0.589,-4636.05,0.4075,-1859.56,0.522,373,-1297.82,0.861,-1936.73,0.4075,-851.76,0.74,0.563,0.08
ZEC-USDT,retest,1.5,"(1.0, 2.0, 3.0)","(0.5, 0.5, 0.0)",False,194,-3033.07,0.534,-3166.59,0.4278,-1121.27,0.492,194,-1287.16,0.767,-1705.77,0.4278,-590.4,0.69,0.521,0.067
ZEC-USDT,signal,1.5,"(1.5, 3.0, 5.0)","(0.5, 0.25, 0.25)",True,351,-4526.88,0.608,-4459.94,0.4843,-1743.28,0.561,351,-1368.04,0.862,-2172.68,0.4843,-789.66,0.772,0.484,0.137
ZEC-USDT,retest,1.5,"(1.5, 3.0, 5.0)","(0.5, 0.25, 0.25)",True,185,-3601.01,0.455,-3692.6,0.4541,-838.99,0.604,185,-1936.12,0.66,-2135.52,0.4541,-335.17,0.819,0.454,0.092
ZEC-USDT,signal,1.5,"(1.5, 3.0, 5.0)","(0.5, 0.25, 0.25)",False,303,-3520.07,0.666,-3931.38,0.33,-1413.99,0.605,303,-792.91,0.909,-1761.22,0.33,-595.29,0.803,0.475,0.221
ZEC-USDT,retest,1.5,"(1.5, 3.0, 5.0)","(0.5, 0.25, 0.25)",False,153,-2731.63,0.537,-3062.04,0.3399,-965.73,0.506,153,-1354.47,0.729,-1820.48,0.3399,-551.99,0.671,0.451,0.209
ZEC-USDT,signal,1.5,"(1.5, 3.0, 5.0)","(0.34, 0.33, 0.33)",True,351,-4657.62,0.597,-4607.62,0.4473,-1766.31,0.555,351,-1498.75,0.849,-2390.91,0.4843,-812.66,0.765,0.484,0.137
ZEC-USDT,retest,1.5,"(1.5, 3.0, 5.0)","(0.34, 0.33, 0.33)",True,185,-3771.84,0.43,-3862.7,0.4216,-802.4,0.622,185,-2106.91,0.63,-2311.26,0.4541,-298.55,0.838,0.454,0.092
ZEC-USDT,signal,1.5,"(1.5, 3.0, 5.0)","(0.34, 0.33, 0.33)",False,303,-3458.84,0.694,-3969.71,0.33,-1381.01,0.637,303,-731.66,0.923,-1839.6,0.33,-562.26,0.827,0.475,0.221
ZEC-USDT,retest,1.5,"(1.5, 3.0, 5.0)","(0.34, 0.33, 0.33)",False,153,-2726.88,0.562,-3135.49,0.3399,-967.1,0.533,153,-1349.65,0.746,-1878.79,0.3399,-553.33,0.691,0.451,0.209
ZEC-USDT,signal,1.5,"(1.5, 3.0, 5.0)","(0.6, 0.2, 0.2)",True,351,-4445.17,0.615,-4380.43,0.4843,-1728.89,0.565,351,-1286.34,0.87,-2036.29,0.4843,-775.28,0.776,0.484,0.137
ZEC-USDT,retest,1.5,"(1.5, 3.0, 5.0)","(0.6, 0.2, 0.2)",True,185,-3494.25,0.471,-3586.28,0.4541,-861.86,0.593,185,-1829.37,0.679,-2025.68,0.4541,-358.05,0.806,0.454,0.092
ZEC-USDT,signal,1.5,"(1.5, 3.0, 5.0)","(0.6, 0.2, 0.2)",False,303,-3558.34,0.648,-3907.42,0.3828,-1434.61,0.585,303,-831.19,0.904,-1720.51,0.4752,-615.93,0.795,0.475,0.221
ZEC-USDT,retest,1.5,"(1.5, 3.0, 5.0)","(0.6, 0.2, 0.2)",False,153,-2734.59,0.522,-3016.13,0.4183,-964.87,0.492,153,-1357.49,0.726,-1784.03,0.451,-551.16,0.669,0.451,0.209
ZEC-USDT,signal,1.5,"(1.5, 3.0, 5.0)","(1.0, 0.0, 0.0)",True,387,-4714.3,0.63,-4678.19,0.478,-1880.63,0.569,387,-1231.26,0.887,-1766.12,0.478,-827.95,0.782,0.478,0.005
ZEC-USDT,retest,1.5,"(1.5, 3.0, 5.0)","(1.0, 0.0, 0.0)",True,202,-3211.7,0.55,-3365.26,0.4604,-989.3,0.566,202,-1393.85,0.774,-1775.66,0.4604,-440.5,0.779,0.46,0.0
ZEC-USDT,signal,1.5,"(1.5, 3.0, 5.0)","(1.0, 0.0, 0.0)",False,387,-4714.3,0.63,-4678.19,0.478,-1880.63,0.569,387,-1231.26,0.887,-1766.12,0.478,-827.95,0.782,0.478,0.005
ZEC-USDT,retest,1.5,"(1.5, 3.0, 5.0)","(1.0, 0.0, 0.0)",False,202,-3211.7,0.55,-3365.26,0.4604,-989.3,0.566,202,-1393.85,0.774,-1775.66,0.4604,-440.5,0.779,0.46,0.0
ZEC-USDT,signal,1.5,"(1.5, 3.0, 5.0)","(0.5, 0.5, 0.0)",True,370,-4475.88,0.629,-4502.44,0.4811,-1690.02,0.591,370,-1145.75,0.889,-1947.79,0.4811,-691.27,0.807,0.481,0.019
ZEC-USDT,retest,1.5,"(1.5, 3.0, 5.0)","(0.5, 0.5, 0.0)",True,195,-3357.61,0.52,-3626.49,0.4513,-1024.26,0.56,195,-1602.82,0.734,-2087.61,0.4513,-493.41,0.757,0.451,0.01
ZEC-USDT,signal,1.5,"(1.5, 3.0, 5.0)","(0.5, 0.5, 0.0)",False,349,-4175.49,0.654,-4367.45,0.3238,-1705.64,0.582,349,-1034.23,0.896,-1936.26,0.3238,-760.81,0.778,0.47,0.032
ZEC-USDT,retest,1.5,"(1.5, 3.0, 5.0)","(0.5, 0.5, 0.0)",False,181,-2925.5,0.575,-3223.83,0.3315,-1227.24,0.477,181,-1296.36,0.776,-2011.93,0.3315,-732.37,0.635,0.442,0.017
ZEC-USDT,signal,1.5,"(0.5, 1.0, 2.0)","(0.5, 0.25, 0.25)",True,396,-4695.96,0.432,-4616.37,0.4874,-1861.8,0.385,396,-1132.03,0.834,-1421.22,0.6742,-790.79,0.695,0.674,0.283
ZEC-USDT,retest,1.5,"(0.5, 1.0, 2.0)","(0.5, 0.25, 0.25)",True,206,-3446.05,0.295,-3502.29,0.4563,-1366.05,0.253,206,-1591.89,0.611,-1737.93,0.6456,-808.01,0.488,0.646,0.228
ZEC-USDT,signal,1.5,"(0.5, 1.0, 2.0)","(0.5, 0.25, 0.25)",False,373,-5222.23,0.434,-5142.63,0.4075,-2092.48,0.369,373,-1865.24,0.748,-2118.04,0.563,-1084.54,0.608,0.66,0.408
ZEC-USDT,retest,1.5,"(0.5, 1.0, 2.0)","(0.5, 0.25, 0.25)",False,194,-3330.36,0.383,-3410.37,0.4278,-1277.47,0.337,194,-1584.36,0.645,-1778.89,0.5206,-746.57,0.544,0.634,0.428
ZEC-USDT,signal,1.5,"(0.5, 1.0, 2.0)","(0.34, 0.33, 0.33)",True,396,-4358.8,0.488,-4289.53,0.4571,-1730.49,0.44,396,-794.94,0.884,-1200.89,0.6641,-659.53,0.745,0.674,0.283
ZEC-USDT,retest,1.5,"(0.5, 1.0, 2.0)","(0.34, 0.33, 0.33)",True,206,-3374.43,0.329,-3442.55,0.4126,-1332.64,0.287,206,-1520.27,0.629,-1677.51,0.6456,-774.59,0.509,0.646,0.228
ZEC-USDT,signal,1.5,"(0.5, 1.0, 2.0)","(0.34, 0.33, 0.33)",False,373,-5040.58,0.491,-4960.98,0.4075,-2017.95,0.424,373,-1683.67,0.787,-2060.02,0.4075,-1010.05,0.65,0.66,0.408
ZEC-USDT,retest,1.5,"(0.5, 1.0, 2.0)","(0.34, 0.33, 0.33)",False,194,-3235.23,0.438,-3332.36,0.4278,-1227.49,0.391,194,-1489.26,0.687,-1736.53,0.4278,-696.59,0.593,0.634,0.428
ZEC-USDT,signal,1.5,"(0.5, 1.0, 2.0)","(0.6, 0.2, 0.2)",True,396,-4906.69,0.398,-4827.09,0.5404,-1943.87,0.352,396,-1342.72,0.803,-1566.6,0.6742,-872.83,0.663,0.674,0.283
ZEC-USDT,retest,1.5,"(0.5, 1.0, 2.0)","(0.6, 0.2, 0.2)",True,206,-3490.81,0.277,-3539.63,0.5097,-1386.93,0.235,206,-1636.66,0.6,-1775.69,0.6456,-828.9,0.475,0.646,0.228
ZEC-USDT,signal,1.5,"(0.5, 1.0, 2.0)","(0.6, 0.2, 0.2)",False,373,-5335.76,0.394,-5256.16,0.4209,-2139.07,0.332,373,-1978.73,0.723,-2154.31,0.563,-1131.09,0.581,0.66,0.408
ZEC-USDT,retest,1.5,"(0.5, 1.0, 2.0)","(0.6, 0.2, 0.2)",False,194,-3389.82,0.346,-3459.13,0.4381,-1308.71,0.301,194,-1643.8,0.617,-1805.36,0.5206,-777.8,0.513,0.634,0.428
ZEC-USDT,signal,1.5,"(0.5, 1.0, 2.0)","(1.0, 0.0, 0.0)",True,422,-5830.4,0.295,-5750.8,0.6611,-2405.25,0.241,422,-2032.36,0.713,-2150.08,0.6872,-1262.11,0.54,0.687,0.083
ZEC-USDT,retest,1.5,"(0.5, 1.0, 2.0)","(1.0, 0.0, 0.0)",True,209,-3646.96,0.233,-3673.46,0.6411,-1466.47,0.187,209,-1765.81,0.569,-1876.84,0.6507,-899.48,0.43,0.651,0.043
ZEC-USDT,signal,1.5,"(0.5, 1.0, 2.0)","(1.0, 0.0, 0.0)",False,422,-5830.4,0.295,-5750.8,0.6611,-2405.25,0.241,422,-2032.36,0.713,-2150.08,0.6872,-1262.11,0.54,0.687,0.083
ZEC-USDT,retest,1.5,"(0.5, 1.0, 2.0)","(1.0, 0.0, 0.0)",False,209,-3646.96,0.233,-3673.46,0.6411,-1466.47,0.187,209,-1765.81,0.569,-1876.84,0.6507,-899.48,0.43,0.651,0.043
ZEC-USDT,signal,1.5,"(0.5, 1.0, 2.0)","(0.5, 0.5, 0.0)",True,408,-4889.01,0.408,-4809.41,0.5098,-2003.15,0.352,408,-1217.05,0.822,-1439.09,0.6838,-896.2,0.662,0.684,0.096
ZEC-USDT,retest,1.5,"(0.5, 1.0, 2.0)","(0.5, 0.5, 0.0)",True,208,-3431.4,0.298,-3469.08,0.4663,-1384.36,0.243,208,-1559.24,0.619,-1689.26,0.649,-817.36,0.482,0.649,0.067
ZEC-USDT,signal,1.5,"(0.5, 1.0, 2.0)","(0.5, 0.5, 0.0)",False,402,-5224.08,0.431,-5144.49,0.5746,-2090.09,0.376,402,-1606.14,0.79,-1874.38,0.5746,-1001.14,0.65,0.679,0.112
ZEC-USDT,retest,1.5,"(0.5, 1.0, 2.0)","(0.5, 0.5, 0.0)",False,207,-3610.06,0.335,-3663.31,0.5362,-1394.37,0.288,207,-1746.94,0.617,-1858.69,0.5362,-827.42,0.51,0.647,0.082
ZEC-USDT,signal,2.0,"(0.75, 1.5, 3.0)","(0.5, 0.25, 0.25)",True,377,-5138.5,0.483,-5255.43,0.5464,-1829.65,0.465,377,-1744.76,0.8,-2329.94,0.6711,-803.36,0.738,0.671,0.204
ZEC-USDT,retest,2.0,"(0.75, 1.5, 3.0)","(0.5, 0.25, 0.25)",True,195,-3064.62,0.431,-3309.04,0.5333,-1312.68,0.373,195,-1309.73,0.724,-1743.38,0.6615,-781.93,0.584,0.662,0.2
ZEC-USDT,signal,2.0,"(0.75, 1.5, 3.0)","(0.5, 0.25, 0.25)",False,321,-4527.45,0.544,-4717.1,0.4361,-1913.69,0.459,321,-1637.73,0.808,-2090.98,0.5452,-1040.36,0.664,0.657,0.393
ZEC-USDT,retest,2.0,"(0.75, 1.5, 3.0)","(0.5, 0.25, 0.25)",False,171,-3044.15,0.47,-3291.41,0.4269,-1501.56,0.334,171,-1505.46,0.697,-1990.08,0.5146,-1034.01,0.485,0.649,0.392
ZEC-USDT,signal,2.0,"(0.75, 1.5, 3.0)","(0.34, 0.33, 0.33)",True,377,-4985.59,0.511,-5140.41,0.4483,-1763.72,0.495,377,-1591.8,0.817,-2261.27,0.6711,-737.44,0.759,0.671,0.204
ZEC-USDT,retest,2.0,"(0.75, 1.5, 3.0)","(0.34, 0.33, 0.33)",True,195,-3041.56,0.449,-3329.77,0.4462,-1275.42,0.4,195,-1286.68,0.729,-1781.81,0.6615,-744.64,0.603,0.662,0.2
ZEC-USDT,signal,2.0,"(0.75, 1.5, 3.0)","(0.34, 0.33, 0.33)",False,321,-4330.77,0.597,-4587.99,0.3925,-1907.97,0.501,321,-1441.0,0.841,-1997.25,0.5452,-1034.62,0.688,0.657,0.393
ZEC-USDT,retest,2.0,"(0.75, 1.5, 3.0)","(0.34, 0.33, 0.33)",False,171,-3052.87,0.513,-3339.77,0.3918,-1487.77,0.373,171,-1514.21,0.718,-2146.39,0.5146,-1020.21,0.509,0.649,0.392
ZEC-USDT,signal,2.0,"(0.75, 1.5, 3.0)","(0.6, 0.2, 0.2)",True,377,-5234.07,0.47,-5330.83,0.6313,-1870.86,0.452,377,-1840.36,0.789,-2372.86,0.6711,-844.56,0.724,0.671,0.204
ZEC-USDT,retest,2.0,"(0.75, 1.5, 3.0)","(0.6, 0.2, 0.2)",True,195,-3079.02,0.424,-3309.63,0.6154,-1335.97,0.359,195,-1324.13,0.721,-1719.37,0.6615,-805.24,0.571,0.662,0.2
ZEC-USDT,signal,2.0,"(0.75, 1.5, 3.0)","(0.6, 0.2, 0.2)",False,321,-4650.38,0.511,-4809.56,0.4891,-1917.26,0.434,321,-1760.68,0.784,-2149.57,0.5452,-1043.95,0.648,0.657,0.393
ZEC-USDT,retest,2.0,"(0.75, 1.5, 3.0)","(0.6, 0.2, 0.2)",False,171,-3038.7,0.445,-3261.19,0.4912,-1510.18,0.315,171,-1500.0,0.682,-1892.39,0.5146,-1042.63,0.468,0.649,0.392
ZEC-USDT,signal,2.0,"(0.75, 1.5, 3.0)","(1.0, 0.0, 0.0)",True,410,-5281.83,0.473,-5380.53,0.6927,-1981.74,0.437,410,-1591.05,0.821,-2192.76,0.6927,-874.34,0.723,0.693,0.024
ZEC-USDT,retest,2.0,"(0.75, 1.5, 3.0)","(1.0, 0.0, 0.0)",True,205,-3192.91,0.421,-3368.29,0.6683,-1400.41,0.335,205,-1347.96,0.725,-1676.36,0.6683,-842.78,0.556,0.668,0.01
ZEC-USDT,signal,2.0,"(0.75, 1.5, 3.0)","(1.0, 0.0, 0.0)",False,410,-5281.83,0.473,-5380.53,0.6927,-1981.74,0.437,410,-1591.05,0.821,-2192.76,0.6927,-874.34,0.723,0.693,0.024
ZEC-USDT,retest,2.0,"(0.75, 1.5, 3.0)","(1.0, 0.0, 0.0)",False,205,-3192.91,0.421,-3368.29,0.6683,-1400.41,0.335,205,-1347.96,0.725,-1676.36,0.6683,-842.78,0.556,0.668,0.01
ZEC-USDT,signal,2.0,"(0.75, 1.5, 3.0)","(0.5, 0.5, 0.0)",True,392,-4898.6,0.515,-5029.75,0.5561,-1782.36,0.492,392,-1369.86,0.846,-2028.9,0.6786,-720.11,0.771,0.679,0.041
ZEC-USDT,retest,2.0,"(0.75, 1.5, 3.0)","(0.5, 0.5, 0.0)",True,202,-3100.72,0.443,-3344.11,0.5396,-1346.9,0.362,202,-1282.77,0.738,-1703.66,0.6634,-798.25,0.58,0.663,0.01
ZEC-USDT,signal,2.0,"(0.75, 1.5, 3.0)","(0.5, 0.5, 0.0)",False,367,-5171.13,0.535,-5288.49,0.5477,-2044.1,0.476,367,-1867.47,0.806,-2184.21,0.5477,-1044.79,0.695,0.67,0.06
ZEC-USDT,retest,2.0,"(0.75, 1.5, 3.0)","(0.5, 0.5, 0.0)",False,195,-3224.19,0.48,-3429.32,0.5282,-1284.7,0.435,195,-1469.64,0.727,-1849.58,0.5282,-754.17,0.627,0.667,0.026
ZEC-USDT,signal,2.0,"(1.0, 2.0, 3.0)","(0.5, 0.25, 0.25)",True,362,-4401.11,0.582,-4568.91,0.6022,-1607.3,0.555,362,-1142.37,0.877,-1826.83,0.6354,-626.0,0.807,0.635,0.243
ZEC-USDT,retest,2.0,"(1.0, 2.0, 3.0)","(0.5, 0.25, 0.25)",True,192,-3792.81,0.415,-3972.48,0.5417,-1374.96,0.401,192,-2065.18,0.642,-2385.73,0.599,-853.26,0.588,0.599,0.208
ZEC-USDT,signal,2.0,"(1.0, 2.0, 3.0)","(0.5, 0.25, 0.25)",False,321,-4195.45,0.613,-4450.82,0.4704,-1741.74,0.536,321,-1305.85,0.86,-1885.32,0.4766,-868.43,0.736,0.623,0.393
ZEC-USDT,retest,2.0,"(1.0, 2.0, 3.0)","(0.5, 0.25, 0.25)",False,171,-3345.61,0.499,-3587.28,0.462,-1553.78,0.378,171,-1807.04,0.691,-2427.77,0.462,-1086.19,0.51,0.585,0.392
ZEC-USDT,signal,2.0,"(1.0, 2.0, 3.0)","(0.34, 0.33, 0.33)",True,362,-4307.95,0.596,-4487.56,0.4696,-1564.53,0.569,362,-1049.14,0.887,-1811.5,0.6354,-583.19,0.82,0.635,0.243
ZEC-USDT,retest,2.0,"(1.0, 2.0, 3.0)","(0.34, 0.33, 0.33)",True,192,-3834.6,0.418,-4048.42,0.401,-1361.35,0.413,192,-2106.99,0.635,-2489.35,0.599,-839.62,0.595,0.599,0.208
ZEC-USDT,signal,2.0,"(1.0, 2.0, 3.0)","(0.34, 0.33, 0.33)",False,321,-4133.07,0.646,-4451.25,0.4361,-1773.98,0.561,321,-1243.39,0.877,-1956.89,0.4766,-900.59,0.748,0.623,0.393
ZEC-USDT,retest,2.0,"(1.0, 2.0, 3.0)","(0.34, 0.33, 0.33)",False,171,-3248.87,0.539,-3558.36,0.4386,-1552.99,0.405,171,-1710.3,0.725,-2505.05,0.462,-1085.37,0.534,0.585,0.392
ZEC-USDT,signal,2.0,"(1.0, 2.0, 3.0)","(0.6, 0.2, 0.2)",True,362,-4459.34,0.575,-4619.75,0.6298,-1634.03,0.547,362,-1200.63,0.871,-1853.04,0.6354,-652.76,0.799,0.635,0.243
ZEC-USDT,retest,2.0,"(1.0, 2.0, 3.0)","(0.6, 0.2, 0.2)",True,192,-3766.69,0.417,-3925.02,0.5885,-1383.47,0.397,192,-2039.04,0.647,-2320.96,0.599,-861.79,0.584,0.599,0.208
ZEC-USDT,signal,2.0,"(1.0, 2.0, 3.0)","(0.6, 0.2, 0.2)",False,321,-4234.43,0.59,-4451.21,0.4766,-1721.59,0.519,321,-1344.9,0.847,-1874.98,0.4766,-848.33,0.727,0.623,0.393
ZEC-USDT,retest,2.0,"(1.0, 2.0, 3.0)","(0.6, 0.2, 0.2)",False,171,-3406.08,0.473,-3609.17,0.462,-1554.27,0.36,171,-1867.51,0.668,-2379.47,0.462,-1086.7,0.494,0.585,0.392
ZEC-USDT,signal,2.0,"(1.0, 2.0, 3.0)","(1.0, 0.0, 0.0)",True,390,-4674.7,0.576,-4911.17,0.6436,-1553.3,0.572,390,-1164.11,0.881,-1972.59,0.6436,-500.0,0.847,0.644,0.031
ZEC-USDT,retest,2.0,"(1.0, 2.0, 3.0)","(1.0, 0.0, 0.0)",True,201,-3666.71,0.448,-3774.52,0.607,-1363.14,0.412,201,-1857.92,0.687,-2073.73,0.607,-814.55,0.611,0.607,0.01
ZEC-USDT,signal,2.0,"(1.0, 2.0, 3.0)","(1.0, 0.0, 0.0)",False,390,-4674.7,0.576,-4911.17,0.6436,-1553.3,0.572,390,-1164.11,0.881,-1972.59,0.6436,-500.0,0.847,0.644,0.031
ZEC-USDT,retest,2.0,"(1.0, 2.0, 3.0)","(1.0, 0.0, 0.0)",False,201,-3666.71,0.448,-3774.52,0.607,-1363.14,0.412,201,-1857.92,0.687,-2073.73,0.607,-814.55,0.611,0.607,0.01
ZEC-USDT,signal,2.0,"(1.0, 2.0, 3.0)","(0.5, 0.5, 0.0)",True,369,-4481.68,0.585,-4603.14,0.5989,-1645.47,0.555,369,-1160.05,0.879,-1874.13,0.6314,-646.22,0.805,0.631,0.07
ZEC-USDT,retest,2.0,"(1.0, 2.0, 3.0)","(0.5, 0.5, 0.0)",True,198,-3833.01,0.425,-3972.03,0.5455,-1298.44,0.44,198,-2051.36,0.654,-2357.85,0.601,-758.81,0.637,0.601,0.03
ZEC-USDT,signal,2.0,"(1.0, 2.0, 3.0)","(0.5, 0.5, 0.0)",False,348,-4517.65,0.614,-4663.37,0.4799,-1785.43,0.557,348,-1385.03,0.863,-1953.78,0.4799,-840.08,0.762,0.629,0.095
ZEC-USDT,retest,2.0,"(1.0, 2.0, 3.0)","(0.5, 0.5, 0.0)",False,184,-3276.86,0.526,-3481.24,0.4783,-1419.73,0.437,184,-1621.43,0.732,-2150.78,0.4783,-916.14,0.59,0.598,0.076
ZEC-USDT,signal,2.0,"(1.5, 3.0, 5.0)","(0.5, 0.25, 0.25)",True,331,-4404.45,0.631,-4589.19,0.5559,-1673.74,0.599,331,-1424.73,0.866,-2183.49,0.5589,-773.42,0.794,0.559,0.157
ZEC-USDT,retest,2.0,"(1.5, 3.0, 5.0)","(0.5, 0.25, 0.25)",True,178,-3899.17,0.458,-4021.96,0.5169,-928.45,0.605,178,-2297.84,0.642,-2571.56,0.5169,-442.92,0.791,0.517,0.112
ZEC-USDT,signal,2.0,"(1.5, 3.0, 5.0)","(0.5, 0.25, 0.25)",False,259,-2629.67,0.737,-2966.75,0.4131,-1748.81,0.543,259,-297.8,0.965,-1204.18,0.4131,-1046.47,0.691,0.575,0.282
ZEC-USDT,retest,2.0,"(1.5, 3.0, 5.0)","(0.5, 0.25, 0.25)",False,137,-2836.35,0.545,-3143.96,0.3942,-995.71,0.533,137,-1603.52,0.707,-2219.74,0.3942,-618.18,0.673,0.504,0.263
ZEC-USDT,signal,2.0,"(1.5, 3.0, 5.0)","(0.34, 0.33, 0.33)",True,331,-4532.38,0.622,-4722.43,0.5076,-1667.74,0.6,331,-1552.58,0.854,-2393.94,0.5589,-767.36,0.796,0.559,0.157
ZEC-USDT,retest,2.0,"(1.5, 3.0, 5.0)","(0.34, 0.33, 0.33)",True,178,-4064.48,0.436,-4196.6,0.4775,-883.82,0.624,178,-2463.14,0.616,-2745.25,0.5169,-398.26,0.812,0.517,0.112
ZEC-USDT,signal,2.0,"(1.5, 3.0, 5.0)","(0.34, 0.33, 0.33)",False,259,-2631.73,0.757,-3029.22,0.4131,-1748.36,0.571,259,-299.83,0.968,-1201.18,0.4131,-1045.95,0.712,0.575,0.282
ZEC-USDT,retest,2.0,"(1.5, 3.0, 5.0)","(0.34, 0.33, 0.33)",False,137,-2808.04,0.573,-3191.13,0.3942,-1000.62,0.563,137,-1575.11,0.73,-2284.3,0.3942,-623.05,0.695,0.504,0.263
ZEC-USDT,signal,2.0,"(1.5, 3.0, 5.0)","(0.6, 0.2, 0.2)",True,331,-4324.5,0.638,-4505.91,0.5589,-1677.49,0.598,331,-1344.82,0.874,-2051.96,0.5589,-777.21,0.793,0.559,0.157
ZEC-USDT,retest,2.0,"(1.5, 3.0, 5.0)","(0.6, 0.2, 0.2)",True,178,-3795.85,0.472,-3926.5,0.5169,-956.35,0.593,178,-2194.53,0.658,-2463.01,0.5169,-470.83,0.778,0.517,0.112
ZEC-USDT,signal,2.0,"(1.5, 3.0, 5.0)","(0.6, 0.2, 0.2)",False,259,-2628.38,0.723,-2927.7,0.4131,-1749.09,0.523,259,-296.54,0.964,-1209.71,0.5753,-1046.79,0.678,0.575,0.282
ZEC-USDT,retest,2.0,"(1.5, 3.0, 5.0)","(0.6, 0.2, 0.2)",False,137,-2854.04,0.525,-3114.47,0.3942,-992.64,0.512,137,-1621.28,0.694,-2179.4,0.5036,-615.13,0.66,0.504,0.263
ZEC-USDT,signal,2.0,"(1.5, 3.0, 5.0)","(1.0, 0.0, 0.0)",True,367,-4840.82,0.638,-5050.58,0.5477,-2003.5,0.569,367,-1537.1,0.871,-1990.04,0.5477,-1004.23,0.76,0.548,0.005
ZEC-USDT,retest,2.0,"(1.5, 3.0, 5.0)","(1.0, 0.0, 0.0)",True,195,-3369.88,0.56,-3641.73,0.5282,-1122.88,0.557,195,-1615.64,0.763,-2100.77,0.5282,-592.44,0.741,0.528,0.0
ZEC-USDT,signal,2.0,"(1.5, 3.0, 5.0)","(1.0, 0.0, 0.0)",False,367,-4840.82,0.638,-5050.58,0.5477,-2003.5,0.569,367,-1537.1,0.871,-1990.04,0.5477,-1004.23,0.76,0.548,0.005
ZEC-USDT,retest,2.0,"(1.5, 3.0, 5.0)","(1.0, 0.0, 0.0)",False,195,-3369.88,0.56,-3641.73,0.5282,-1122.88,0.557,195,-1615.64,0.763,-2100.77,0.5282,-592.44,0.741,0.528,0.0
ZEC-USDT,signal,2.0,"(1.5, 3.0, 5.0)","(0.5, 0.5, 0.0)",True,349,-4362.06,0.652,-4662.3,0.5501,-1749.13,0.6,349,-1220.11,0.89,-2011.53,0.553,-803.76,0.796,0.553,0.02
ZEC-USDT,retest,2.0,"(1.5, 3.0, 5.0)","(0.5, 0.5, 0.0)",True,188,-3510.18,0.53,-3891.31,0.5213,-1072.8,0.574,188,-1819.03,0.727,-2406.99,0.5213,-560.22,0.753,0.521,0.011
ZEC-USDT,signal,2.0,"(1.5, 3.0, 5.0)","(0.5, 0.5, 0.0)",False,321,-3912.82,0.688,-4313.64,0.3925,-1895.82,0.576,321,-1022.95,0.905,-1874.81,0.3925,-1022.42,0.74,0.545,0.034
ZEC-USDT,retest,2.0,"(1.5, 3.0, 5.0)","(0.5, 0.5, 0.0)",False,171,-3071.4,0.586,-3457.81,0.3918,-1458.47,0.45,171,-1532.8,0.763,-2478.54,0.3918,-990.91,0.576,0.515,0.018
ZEC-USDT,signal,2.0,"(0.5, 1.0, 2.0)","(0.5, 0.25, 0.25)",True,390,-4983.93,0.426,-4983.7,0.5179,-1957.51,0.391,390,-1473.37,0.802,-1729.64,0.7231,-904.24,0.683,0.723,0.303
ZEC-USDT,retest,2.0,"(0.5, 1.0, 2.0)","(0.5, 0.25, 0.25)",True,202,-3507.98,0.294,-3590.25,0.4901,-1372.11,0.272,202,-1690.11,0.606,-1925.37,0.7079,-823.36,0.51,0.708,0.228
ZEC-USDT,signal,2.0,"(0.5, 1.0, 2.0)","(0.5, 0.25, 0.25)",False,348,-5194.93,0.453,-5236.61,0.4799,-2109.88,0.39,348,-2062.21,0.738,-2222.76,0.4799,-1164.49,0.607,0.707,0.48
ZEC-USDT,retest,2.0,"(0.5, 1.0, 2.0)","(0.5, 0.25, 0.25)",False,184,-3408.32,0.388,-3518.5,0.4783,-1471.08,0.31,184,-1752.7,0.628,-1979.84,0.4783,-967.45,0.476,0.696,0.478
ZEC-USDT,signal,2.0,"(0.5, 1.0, 2.0)","(0.34, 0.33, 0.33)",True,390,-4642.25,0.482,-4639.32,0.4872,-1808.22,0.449,390,-1131.74,0.848,-1455.6,0.7128,-754.99,0.735,0.723,0.303
ZEC-USDT,retest,2.0,"(0.5, 1.0, 2.0)","(0.34, 0.33, 0.33)",True,202,-3465.71,0.324,-3560.6,0.4406,-1335.75,0.308,202,-1647.84,0.616,-1893.94,0.7079,-786.98,0.531,0.708,0.228
ZEC-USDT,signal,2.0,"(0.5, 1.0, 2.0)","(0.34, 0.33, 0.33)",False,348,-4978.2,0.512,-5053.17,0.4799,-2006.05,0.449,348,-1845.51,0.785,-2098.68,0.4799,-1060.68,0.663,0.707,0.48
ZEC-USDT,retest,2.0,"(0.5, 1.0, 2.0)","(0.34, 0.33, 0.33)",False,184,-3366.25,0.439,-3503.47,0.4783,-1454.65,0.355,184,-1710.7,0.667,-2014.36,0.4783,-951.03,0.517,0.696,0.478
ZEC-USDT,signal,2.0,"(0.5, 1.0, 2.0)","(0.6, 0.2, 0.2)",True,390,-5197.48,0.393,-5199.9,0.5795,-2050.82,0.357,390,-1686.89,0.773,-1916.04,0.7231,-997.53,0.65,0.723,0.303
ZEC-USDT,retest,2.0,"(0.5, 1.0, 2.0)","(0.6, 0.2, 0.2)",True,202,-3534.4,0.279,-3609.88,0.5495,-1394.83,0.254,202,-1716.53,0.6,-1945.01,0.7079,-846.09,0.496,0.708,0.228
ZEC-USDT,signal,2.0,"(0.5, 1.0, 2.0)","(0.6, 0.2, 0.2)",False,348,-5330.39,0.411,-5361.05,0.4799,-2174.77,0.349,348,-2197.64,0.709,-2335.64,0.6293,-1229.38,0.575,0.707,0.48
ZEC-USDT,retest,2.0,"(0.5, 1.0, 2.0)","(0.6, 0.2, 0.2)",False,184,-3434.61,0.352,-3527.89,0.4783,-1481.35,0.279,184,-1778.96,0.604,-1989.21,0.5978,-977.71,0.453,0.696,0.478
ZEC-USDT,signal,2.0,"(0.5, 1.0, 2.0)","(1.0, 0.0, 0.0)",True,421,-6163.23,0.296,-6176.26,0.7102,-2493.41,0.249,421,-2373.58,0.694,-2581.05,0.7363,-1349.93,0.547,0.736,0.088
ZEC-USDT,retest,2.0,"(0.5, 1.0, 2.0)","(1.0, 0.0, 0.0)",True,205,-3617.17,0.249,-3665.52,0.6976,-1481.75,0.203,205,-1772.31,0.587,-1973.68,0.7122,-924.04,0.45,0.712,0.044
ZEC-USDT,signal,2.0,"(0.5, 1.0, 2.0)","(1.0, 0.0, 0.0)",False,421,-6163.23,0.296,-6176.26,0.7102,-2493.41,0.249,421,-2373.58,0.694,-2581.05,0.7363,-1349.93,0.547,0.736,0.088
ZEC-USDT,retest,2.0,"(0.5, 1.0, 2.0)","(1.0, 0.0, 0.0)",False,205,-3617.17,0.249,-3665.52,0.6976,-1481.75,0.203,205,-1772.31,0.587,-1973.68,0.7122,-924.04,0.45,0.712,0.044
ZEC-USDT,signal,2.0,"(0.5, 1.0, 2.0)","(0.5, 0.5, 0.0)",True,406,-5124.09,0.41,-5123.86,0.5443,-2007.58,0.375,406,-1469.47,0.802,-1731.13,0.734,-909.31,0.681,0.734,0.101
ZEC-USDT,retest,2.0,"(0.5, 1.0, 2.0)","(0.5, 0.5, 0.0)",True,204,-3433.38,0.309,-3507.61,0.5049,-1383.89,0.266,204,-1597.48,0.627,-1824.73,0.7108,-826.18,0.508,0.711,0.074
ZEC-USDT,signal,2.0,"(0.5, 1.0, 2.0)","(0.5, 0.5, 0.0)",False,390,-5300.37,0.442,-5343.55,0.6436,-1979.75,0.412,390,-1789.7,0.783,-2202.83,0.6436,-926.35,0.691,0.728,0.118
ZEC-USDT,retest,2.0,"(0.5, 1.0, 2.0)","(0.5, 0.5, 0.0)",False,201,-3666.81,0.348,-3729.27,0.607,-1427.5,0.308,201,-1857.97,0.622,-2045.36,0.607,-878.86,0.522,0.706,0.095
ZEC-USDT,signal,2.5,"(0.75, 1.5, 3.0)","(0.5, 0.25, 0.25)",True,359,-4573.32,0.519,-4826.64,0.5794,-1407.53,0.544,359,-1341.65,0.842,-2076.89,0.7242,-435.48,0.845,0.724,0.217
ZEC-USDT,retest,2.5,"(0.75, 1.5, 3.0)","(0.5, 0.25, 0.25)",True,192,-3365.16,0.421,-3597.53,0.5521,-1326.04,0.398,192,-1637.0,0.686,-2061.29,0.6927,-804.09,0.6,0.693,0.208
ZEC-USDT,signal,2.5,"(0.75, 1.5, 3.0)","(0.5, 0.25, 0.25)",False,281,-3073.64,0.649,-3216.7,0.4662,-1366.59,0.557,281,-544.06,0.928,-1347.74,0.6263,-601.65,0.778,0.726,0.466
ZEC-USDT,retest,2.5,"(0.75, 1.5, 3.0)","(0.5, 0.25, 0.25)",False,160,-2647.79,0.543,-2898.5,0.4688,-1405.88,0.393,160,-1207.82,0.763,-1686.86,0.5625,-974.13,0.534,0.694,0.469
ZEC-USDT,signal,2.5,"(0.75, 1.5, 3.0)","(0.34, 0.33, 0.33)",True,359,-4424.65,0.548,-4716.83,0.4791,-1347.54,0.573,359,-1192.96,0.86,-2036.18,0.7242,-375.52,0.866,0.724,0.217
ZEC-USDT,retest,2.5,"(0.75, 1.5, 3.0)","(0.34, 0.33, 0.33)",True,192,-3331.98,0.44,-3592.05,0.4635,-1275.97,0.43,192,-1603.83,0.693,-2088.87,0.6927,-753.97,0.625,0.693,0.208
ZEC-USDT,signal,2.5,"(0.75, 1.5, 3.0)","(0.34, 0.33, 0.33)",False,281,-2826.37,0.706,-3040.79,0.4662,-1358.53,0.601,281,-296.78,0.964,-1335.34,0.4662,-593.61,0.801,0.726,0.466
ZEC-USDT,retest,2.5,"(0.75, 1.5, 3.0)","(0.34, 0.33, 0.33)",False,160,-2580.78,0.593,-2893.82,0.4688,-1364.77,0.443,160,-1140.85,0.795,-1794.18,0.4688,-933.03,0.576,0.694,0.469
ZEC-USDT,signal,2.5,"(0.75, 1.5, 3.0)","(0.6, 0.2, 0.2)",True,359,-4666.24,0.505,-4896.65,0.6769,-1445.02,0.53,359,-1434.58,0.831,-2102.33,0.7242,-472.95,0.831,0.724,0.217
ZEC-USDT,retest,2.5,"(0.75, 1.5, 3.0)","(0.6, 0.2, 0.2)",True,192,-3385.89,0.413,-3604.45,0.6458,-1357.34,0.381,192,-1657.74,0.682,-2044.05,0.6927,-835.41,0.585,0.693,0.208
ZEC-USDT,signal,2.5,"(0.75, 1.5, 3.0)","(0.6, 0.2, 0.2)",False,281,-3228.18,0.609,-3359.45,0.5196,-1371.63,0.526,281,-698.61,0.903,-1377.95,0.6263,-606.68,0.764,0.726,0.466
ZEC-USDT,retest,2.5,"(0.75, 1.5, 3.0)","(0.6, 0.2, 0.2)",False,160,-2689.67,0.508,-2915.02,0.5,-1431.57,0.362,160,-1249.68,0.741,-1668.76,0.5625,-999.82,0.509,0.694,0.469
ZEC-USDT,signal,2.5,"(0.75, 1.5, 3.0)","(1.0, 0.0, 0.0)",True,389,-4678.69,0.509,-4897.3,0.7429,-1540.14,0.516,389,-1176.93,0.864,-1854.08,0.7429,-486.91,0.832,0.743,0.026
ZEC-USDT,retest,2.5,"(0.75, 1.5, 3.0)","(1.0, 0.0, 0.0)",True,203,-3552.61,0.405,-3715.94,0.6995,-1463.98,0.34,203,-1725.39,0.682,-2041.75,0.6995,-915.19,0.551,0.7,0.01
ZEC-USDT,signal,2.5,"(0.75, 1.5, 3.0)","(1.0, 0.0, 0.0)",False,389,-4678.69,0.509,-4897.3,0.7429,-1540.14,0.516,389,-1176.93,0.864,-1854.08,0.7429,-486.91,0.832,0.743,0.026
ZEC-USDT,retest,2.5,"(0.75, 1.5, 3.0)","(1.0, 0.0, 0.0)",False,203,-3552.61,0.405,-3715.94,0.6995,-1463.98,0.34,203,-1725.39,0.682,-2041.75,0.6995,-915.19,0.551,0.7,0.01
ZEC-USDT,signal,2.5,"(0.75, 1.5, 3.0)","(0.5, 0.5, 0.0)",True,371,-4433.77,0.543,-4680.6,0.5849,-1397.31,0.562,371,-1094.04,0.874,-1884.97,0.7278,-389.25,0.866,0.728,0.046
ZEC-USDT,retest,2.5,"(0.75, 1.5, 3.0)","(0.5, 0.5, 0.0)",True,200,-3433.55,0.431,-3664.89,0.56,-1377.04,0.381,200,-1633.31,0.699,-2074.1,0.695,-837.2,0.589,0.695,0.01
ZEC-USDT,signal,2.5,"(0.75, 1.5, 3.0)","(0.5, 0.5, 0.0)",False,340,-4395.6,0.585,-4596.9,0.6118,-1778.43,0.521,340,-1334.94,0.858,-2123.03,0.6118,-851.36,0.745,0.726,0.076
ZEC-USDT,retest,2.5,"(0.75, 1.5, 3.0)","(0.5, 0.5, 0.0)",False,189,-3273.21,0.494,-3474.44,0.5767,-1398.26,0.426,189,-1572.5,0.726,-1974.11,0.5767,-885.56,0.6,0.704,0.042
ZEC-USDT,signal,2.5,"(1.0, 2.0, 3.0)","(0.5, 0.25, 0.25)",True,346,-3895.7,0.619,-4166.66,0.6532,-1313.58,0.605,346,-781.03,0.916,-1622.19,0.6908,-377.59,0.876,0.691,0.257
ZEC-USDT,retest,2.5,"(1.0, 2.0, 3.0)","(0.5, 0.25, 0.25)",True,186,-3622.83,0.453,-3790.45,0.586,-1545.99,0.389,186,-1949.0,0.676,-2308.2,0.6452,-1042.16,0.551,0.645,0.237
ZEC-USDT,signal,2.5,"(1.0, 2.0, 3.0)","(0.5, 0.25, 0.25)",False,281,-2740.51,0.716,-3009.85,0.5338,-1256.68,0.625,281,-211.07,0.975,-1292.71,0.5587,-491.78,0.835,0.694,0.466
ZEC-USDT,retest,2.5,"(1.0, 2.0, 3.0)","(0.5, 0.25, 0.25)",False,160,-2764.08,0.581,-3024.91,0.5188,-1414.15,0.441,160,-1324.18,0.776,-1983.62,0.5312,-982.38,0.574,0.638,0.469
ZEC-USDT,signal,2.5,"(1.0, 2.0, 3.0)","(0.34, 0.33, 0.33)",True,346,-3814.43,0.633,-4090.83,0.5058,-1312.08,0.609,346,-699.71,0.924,-1662.22,0.6908,-376.06,0.876,0.691,0.257
ZEC-USDT,retest,2.5,"(1.0, 2.0, 3.0)","(0.34, 0.33, 0.33)",True,186,-3622.55,0.462,-3827.47,0.4355,-1523.69,0.404,186,-1948.72,0.676,-2369.45,0.6452,-1019.82,0.561,0.645,0.237
ZEC-USDT,signal,2.5,"(1.0, 2.0, 3.0)","(0.34, 0.33, 0.33)",False,281,-2624.29,0.751,-3101.18,0.4662,-1289.59,0.649,281,-94.77,0.99,-1379.08,0.5587,-524.65,0.841,0.694,0.466
ZEC-USDT,retest,2.5,"(1.0, 2.0, 3.0)","(0.34, 0.33, 0.33)",False,160,-2562.88,0.632,-2944.77,0.4688,-1359.05,0.482,160,-1122.99,0.82,-1985.87,0.5312,-927.27,0.613,0.638,0.469
ZEC-USDT,signal,2.5,"(1.0, 2.0, 3.0)","(0.6, 0.2, 0.2)",True,346,-3946.49,0.614,-4214.05,0.6821,-1314.52,0.605,346,-831.85,0.91,-1598.03,0.6908,-378.55,0.875,0.691,0.257
ZEC-USDT,retest,2.5,"(1.0, 2.0, 3.0)","(0.6, 0.2, 0.2)",True,186,-3623.0,0.452,-3769.29,0.6344,-1559.93,0.383,186,-1949.17,0.676,-2269.93,0.6452,-1056.12,0.545,0.645,0.237
ZEC-USDT,signal,2.5,"(1.0, 2.0, 3.0)","(0.6, 0.2, 0.2)",False,281,-2813.15,0.692,-2974.77,0.5552,-1236.11,0.608,281,-283.76,0.965,-1238.73,0.5587,-471.24,0.831,0.694,0.466
ZEC-USDT,retest,2.5,"(1.0, 2.0, 3.0)","(0.6, 0.2, 0.2)",False,160,-2889.84,0.547,-3080.91,0.5312,-1448.59,0.415,160,-1449.93,0.746,-1982.22,0.5312,-1016.83,0.548,0.638,0.469
ZEC-USDT,signal,2.5,"(1.0, 2.0, 3.0)","(1.0, 0.0, 0.0)",True,373,-4258.31,0.608,-4593.77,0.6944,-1253.29,0.635,373,-900.76,0.908,-1716.99,0.6944,-245.26,0.922,0.694,0.032
ZEC-USDT,retest,2.5,"(1.0, 2.0, 3.0)","(1.0, 0.0, 0.0)",True,196,-3648.95,0.466,-3730.95,0.6531,-1570.81,0.386,196,-1885.0,0.697,-2096.23,0.6531,-1040.08,0.557,0.653,0.01
ZEC-USDT,signal,2.5,"(1.0, 2.0, 3.0)","(1.0, 0.0, 0.0)",False,373,-4258.31,0.608,-4593.77,0.6944,-1253.29,0.635,373,-900.76,0.908,-1716.99,0.6944,-245.26,0.922,0.694,0.032
ZEC-USDT,retest,2.5,"(1.0, 2.0, 3.0)","(1.0, 0.0, 0.0)",False,196,-3648.95,0.466,-3730.95,0.6531,-1570.81,0.386,196,-1885.0,0.697,-2096.23,0.6531,-1040.08,0.557,0.653,0.01
ZEC-USDT,signal,2.5,"(1.0, 2.0, 3.0)","(0.5, 0.5, 0.0)",True,353,-4012.31,0.621,-4262.63,0.6487,-1370.57,0.601,353,-834.73,0.913,-1708.59,0.6856,-416.56,0.867,0.686,0.076
ZEC-USDT,retest,2.5,"(1.0, 2.0, 3.0)","(0.5, 0.5, 0.0)",True,193,-3719.49,0.456,-3853.01,0.5907,-1456.55,0.43,193,-1982.63,0.681,-2320.6,0.6477,-934.77,0.602,0.648,0.031
ZEC-USDT,signal,2.5,"(1.0, 2.0, 3.0)","(0.5, 0.5, 0.0)",False,317,-3353.53,0.694,-3609.39,0.5552,-1299.72,0.644,317,-499.89,0.948,-1658.39,0.5552,-435.55,0.866,0.694,0.11
ZEC-USDT,retest,2.5,"(1.0, 2.0, 3.0)","(0.5, 0.5, 0.0)",False,177,-2985.7,0.576,-3203.73,0.5424,-1304.18,0.501,177,-1392.94,0.779,-1808.88,0.5424,-818.47,0.656,0.644,0.085
ZEC-USDT,signal,2.5,"(1.5, 3.0, 5.0)","(0.5, 0.25, 0.25)",True,306,-3630.39,0.684,-3972.87,0.6144,-1286.64,0.671,306,-875.81,0.916,-2149.76,0.6176,-458.78,0.872,0.618,0.173
ZEC-USDT,retest,2.5,"(1.5, 3.0, 5.0)","(0.5, 0.25, 0.25)",True,169,-3419.35,0.523,-3633.77,0.574,-1150.71,0.557,169,-1898.74,0.709,-2293.05,0.574,-691.98,0.709,0.574,0.142
ZEC-USDT,signal,2.5,"(1.5, 3.0, 5.0)","(0.5, 0.25, 0.25)",False,222,-1313.03,0.852,-1557.17,0.4775,-778.13,0.751,222,685.48,1.087,-900.22,0.4775,-175.31,0.937,0.644,0.329
ZEC-USDT,retest,2.5,"(1.5, 3.0, 5.0)","(0.5, 0.25, 0.25)",False,125,-1898.27,0.679,-2377.01,0.48,-1019.5,0.556,125,-773.03,0.855,-1560.1,0.48,-677.78,0.675,0.568,0.336
ZEC-USDT,signal,2.5,"(1.5, 3.0, 5.0)","(0.34, 0.33, 0.33)",True,306,-3747.06,0.674,-4165.12,0.5654,-1277.23,0.674,306,-992.42,0.905,-2335.96,0.6176,-449.35,0.875,0.618,0.173
ZEC-USDT,retest,2.5,"(1.5, 3.0, 5.0)","(0.34, 0.33, 0.33)",True,169,-3522.7,0.509,-3734.75,0.5325,-1104.11,0.575,169,-2002.06,0.693,-2393.98,0.574,-645.34,0.729,0.574,0.142
ZEC-USDT,signal,2.5,"(1.5, 3.0, 5.0)","(0.34, 0.33, 0.33)",False,222,-1296.53,0.867,-1599.99,0.4775,-777.55,0.772,222,701.94,1.081,-997.71,0.4775,-174.72,0.943,0.644,0.329
ZEC-USDT,retest,2.5,"(1.5, 3.0, 5.0)","(0.34, 0.33, 0.33)",False,125,-1738.46,0.72,-2352.48,0.48,-967.82,0.601,125,-613.17,0.891,-1525.55,0.48,-626.07,0.718,0.568,0.336
ZEC-USDT,signal,2.5,"(1.5, 3.0, 5.0)","(0.6, 0.2, 0.2)",True,306,-3557.48,0.69,-3856.71,0.6176,-1292.52,0.67,306,-802.93,0.923,-2033.38,0.6176,-464.68,0.871,0.618,0.173
ZEC-USDT,retest,2.5,"(1.5, 3.0, 5.0)","(0.6, 0.2, 0.2)",True,169,-3354.76,0.532,-3570.66,0.574,-1179.83,0.545,169,-1834.16,0.719,-2229.97,0.574,-721.12,0.697,0.574,0.142
ZEC-USDT,signal,2.5,"(1.5, 3.0, 5.0)","(0.6, 0.2, 0.2)",False,222,-1323.34,0.842,-1549.91,0.4775,-778.5,0.735,222,675.19,1.092,-839.29,0.4775,-175.68,0.933,0.644,0.329
ZEC-USDT,retest,2.5,"(1.5, 3.0, 5.0)","(0.6, 0.2, 0.2)",False,125,-1998.15,0.651,-2392.34,0.48,-1051.8,0.525,125,-872.95,0.83,-1581.69,0.48,-710.11,0.646,0.568,0.336
ZEC-USDT,signal,2.5,"(1.5, 3.0, 5.0)","(1.0, 0.0, 0.0)",True,340,-4001.73,0.69,-4337.68,0.6118,-1737.16,0.614,340,-941.01,0.92,-2085.72,0.6118,-810.16,0.803,0.612,0.012
ZEC-USDT,retest,2.5,"(1.5, 3.0, 5.0)","(1.0, 0.0, 0.0)",True,189,-3381.64,0.575,-3716.0,0.5767,-1266.88,0.539,189,-1681.17,0.768,-2240.47,0.5767,-754.3,0.701,0.577,0.011
ZEC-USDT,signal,2.5,"(1.5, 3.0, 5.0)","(1.0, 0.0, 0.0)",False,340,-4001.73,0.69,-4337.68,0.6118,-1737.16,0.614,340,-941.01,0.92,-2085.72,0.6118,-810.16,0.803,0.612,0.012
ZEC-USDT,retest,2.5,"(1.5, 3.0, 5.0)","(1.0, 0.0, 0.0)",False,189,-3381.64,0.575,-3716.0,0.5767,-1266.88,0.539,189,-1681.17,0.768,-2240.47,0.5767,-754.3,0.701,0.577,0.011
ZEC-USDT,signal,2.5,"(1.5, 3.0, 5.0)","(0.5, 0.5, 0.0)",True,324,-3402.53,0.715,-3828.89,0.6173,-1356.15,0.667,324,-485.64,0.955,-1966.77,0.6204,-474.08,0.873,0.62,0.019
ZEC-USDT,retest,2.5,"(1.5, 3.0, 5.0)","(0.5, 0.5, 0.0)",True,181,-3361.46,0.566,-3796.79,0.5691,-1270.64,0.545,181,-1733.05,0.754,-2384.15,0.5691,-775.92,0.697,0.569,0.022
ZEC-USDT,signal,2.5,"(1.5, 3.0, 5.0)","(0.5, 0.5, 0.0)",False,281,-2300.93,0.799,-2937.15,0.4662,-1341.4,0.672,281,228.69,1.023,-1315.36,0.4662,-576.52,0.843,0.626,0.032
ZEC-USDT,retest,2.5,"(1.5, 3.0, 5.0)","(0.5, 0.5, 0.0)",False,160,-2438.39,0.675,-2938.46,0.4688,-1277.43,0.533,160,-998.52,0.852,-2022.25,0.4688,-845.7,0.659,0.562,0.025
ZEC-USDT,signal,2.5,"(0.5, 1.0, 2.0)","(0.5, 0.25, 0.25)",True,373,-4605.73,0.445,-4685.73,0.5442,-1692.21,0.423,373,-1248.24,0.827,-1636.25,0.7694,-684.19,0.74,0.769,0.311
ZEC-USDT,retest,2.5,"(0.5, 1.0, 2.0)","(0.5, 0.25, 0.25)",True,201,-3855.72,0.28,-3925.94,0.5075,-1618.66,0.235,201,-2046.69,0.566,-2269.91,0.7363,-1069.79,0.442,0.736,0.234
ZEC-USDT,signal,2.5,"(0.5, 1.0, 2.0)","(0.5, 0.25, 0.25)",False,317,-4097.97,0.526,-4227.87,0.5552,-1546.9,0.477,317,-1244.29,0.831,-1815.78,0.5552,-682.76,0.734,0.767,0.555
ZEC-USDT,retest,2.5,"(0.5, 1.0, 2.0)","(0.5, 0.25, 0.25)",False,177,-3231.17,0.428,-3333.86,0.5424,-1417.96,0.357,177,-1638.35,0.667,-1866.98,0.5424,-932.17,0.527,0.734,0.542
ZEC-USDT,signal,2.5,"(0.5, 1.0, 2.0)","(0.34, 0.33, 0.33)",True,373,-4285.93,0.5,-4381.44,0.5121,-1564.71,0.479,373,-928.5,0.871,-1370.21,0.756,-556.72,0.788,0.769,0.311
ZEC-USDT,retest,2.5,"(0.5, 1.0, 2.0)","(0.34, 0.33, 0.33)",True,201,-3820.62,0.308,-3903.46,0.4527,-1595.57,0.263,201,-2011.6,0.574,-2245.65,0.7363,-1046.69,0.454,0.736,0.234
ZEC-USDT,signal,2.5,"(0.5, 1.0, 2.0)","(0.34, 0.33, 0.33)",False,317,-3859.75,0.589,-4019.55,0.5552,-1467.8,0.539,317,-1006.09,0.876,-1765.41,0.5552,-603.65,0.783,0.767,0.555
ZEC-USDT,retest,2.5,"(0.5, 1.0, 2.0)","(0.34, 0.33, 0.33)",False,177,-3152.62,0.482,-3282.08,0.5424,-1381.55,0.408,177,-1559.82,0.709,-1836.68,0.5424,-895.79,0.574,0.734,0.542
ZEC-USDT,signal,2.5,"(0.5, 1.0, 2.0)","(0.6, 0.2, 0.2)",True,373,-4805.61,0.412,-4879.98,0.6086,-1771.9,0.389,373,-1448.08,0.799,-1802.53,0.7694,-763.85,0.71,0.769,0.311
ZEC-USDT,retest,2.5,"(0.5, 1.0, 2.0)","(0.6, 0.2, 0.2)",True,201,-3877.66,0.266,-3941.09,0.5672,-1633.09,0.222,201,-2068.63,0.561,-2285.07,0.7363,-1084.22,0.434,0.736,0.234
ZEC-USDT,signal,2.5,"(0.5, 1.0, 2.0)","(0.6, 0.2, 0.2)",False,317,-4246.86,0.481,-4360.29,0.5552,-1596.34,0.434,317,-1393.17,0.798,-1847.25,0.5552,-732.2,0.698,0.767,0.555
ZEC-USDT,retest,2.5,"(0.5, 1.0, 2.0)","(0.6, 0.2, 0.2)",False,177,-3280.26,0.389,-3366.22,0.5424,-1440.71,0.322,177,-1687.43,0.636,-1899.34,0.5424,-954.91,0.495,0.734,0.542
ZEC-USDT,signal,2.5,"(0.5, 1.0, 2.0)","(1.0, 0.0, 0.0)",True,404,-5695.84,0.315,-5771.85,0.7525,-2000.84,0.306,404,-2059.27,0.726,-2366.29,0.7822,-902.71,0.657,0.782,0.084
ZEC-USDT,retest,2.5,"(0.5, 1.0, 2.0)","(1.0, 0.0, 0.0)",True,204,-3942.51,0.241,-3978.81,0.7255,-1686.83,0.192,204,-2106.47,0.553,-2295.8,0.7402,-1128.97,0.411,0.74,0.044
ZEC-USDT,signal,2.5,"(0.5, 1.0, 2.0)","(1.0, 0.0, 0.0)",False,404,-5695.84,0.315,-5771.85,0.7525,-2000.84,0.306,404,-2059.27,0.726,-2366.29,0.7822,-902.71,0.657,0.782,0.084
ZEC-USDT,retest,2.5,"(0.5, 1.0, 2.0)","(1.0, 0.0, 0.0)",False,204,-3942.51,0.241,-3978.81,0.7255,-1686.83,0.192,204,-2106.47,0.553,-2295.8,0.7402,-1128.97,0.411,0.74,0.044
ZEC-USDT,signal,2.5,"(0.5, 1.0, 2.0)","(0.5, 0.5, 0.0)",True,390,-4689.06,0.434,-4772.44,0.5718,-1674.31,0.428,390,-1178.5,0.837,-1542.18,0.7795,-621.29,0.764,0.779,0.097
ZEC-USDT,retest,2.5,"(0.5, 1.0, 2.0)","(0.5, 0.5, 0.0)",True,203,-3779.96,0.294,-3842.13,0.5222,-1535.83,0.243,203,-1952.89,0.586,-2168.09,0.7389,-987.03,0.463,0.739,0.079
ZEC-USDT,signal,2.5,"(0.5, 1.0, 2.0)","(0.5, 0.5, 0.0)",False,373,-4894.06,0.471,-5034.68,0.6944,-1675.38,0.465,373,-1536.44,0.813,-1979.75,0.6944,-667.28,0.765,0.772,0.121
ZEC-USDT,retest,2.5,"(0.5, 1.0, 2.0)","(0.5, 0.5, 0.0)",False,196,-3694.82,0.362,-3748.08,0.6531,-1593.39,0.292,196,-1930.89,0.627,-2112.58,0.6531,-1062.62,0.48,0.74,0.107
